Review_ID,Product,Category,Rating,Review,Sentiment,Price_INR,Verified_Purchase,Review_Date
1,Headphones,Audio,5,Good quality and easy to use,Positive,28650.12,Yes,2025-11-25
2,Bluetooth Speaker,Audio,5,Really happy with the purchase,Positive,29721.15,Yes,2025-09-28
3,Printer,Office Electronics,4,Very good product and worth the price,Positive,42492.49,Yes,2025-03-17
4,Tablet,Computing,5,Excellent product with great performance,Positive,49949.55,Yes,2025-12-30
5,Tablet,Computing,5,Fast performance and reliable,Positive,59266.84,Yes,2025-12-29
6,Bluetooth Speaker,Audio,2,Frequent problems while using the product,Negative,15496.56,No,2025-01-15
7,Camera,Camera,4,Great product with impressive features,Positive,60025.01,No,2025-01-10
8,USB Flash Drive,Storage,5,Excellent build quality and smooth performance,Positive,4315.75,Yes,2025-03-31
9,Charger,Power,4,Really happy with the purchase,Positive,3476.22,Yes,2025-10-17
10,Mouse,Accessories,4,"Amazing product, highly recommended",Positive,6487.98,Yes,2025-08-07
11,Printer,Office Electronics,3,"Average product, works as expected",Neutral,14914.9,Yes,2025-07-07
12,Smartwatch,Wearable,1,Build quality is poor,Negative,8928.23,Yes,2025-06-01
13,Webcam,Computer Accessories,5,Very good product and worth the price,Positive,17587.5,Yes,2025-06-25
14,Bluetooth Speaker,Audio,5,Good quality and easy to use,Positive,6038.89,Yes,2025-08-21
15,Earbuds,Audio,3,"Average product, works as expected",Neutral,2306.1,Yes,2025-01-24
16,Smart TV,Home Entertainment,5,Works perfectly and looks premium,Positive,130736.96,Yes,2025-08-03
17,Camera,Camera,5,Fast performance and reliable,Positive,183477.23,Yes,2025-03-22
18,Keyboard,Accessories,4,Amazing quality and works perfectly,Positive,2234.52,Yes,2025-10-15
19,Bluetooth Speaker,Audio,1,Build quality is poor,Negative,6840.29,Yes,2025-03-13
20,Keyboard,Accessories,4,Amazing quality and works perfectly,Positive,11937.08,No,2025-01-26
21,External SSD,Storage,5,Excellent build quality and smooth performance,Positive,28098.8,Yes,2025-06-08
22,Smartwatch,Wearable,3,It is okay but could be improved,Neutral,24609.7,Yes,2025-06-10
23,Smartwatch,Wearable,3,"Average product, works as expected",Neutral,39912.24,Yes,2025-07-09
24,Bluetooth Speaker,Audio,2,Performance is slow and unreliable,Negative,10126.48,Yes,2025-11-10
25,Mouse,Accessories,2,Not worth the price,Negative,7121.37,Yes,2025-09-13
26,USB Flash Drive,Storage,3,Nothing special but it works fine,Neutral,2918.94,Yes,2025-05-13
27,Headphones,Audio,4,Works perfectly and looks premium,Positive,25374.72,No,2025-09-23
28,External SSD,Storage,5,Really happy with the purchase,Positive,23949.33,No,2025-07-03
29,Webcam,Computer Accessories,5,Excellent product with great performance,Positive,6398.58,Yes,2025-03-23
30,Keyboard,Accessories,5,Excellent build quality and smooth performance,Positive,2667.1,Yes,2025-01-08
31,Smart TV,Home Entertainment,5,"Amazing product, highly recommended",Positive,164416.5,Yes,2025-01-02
32,Printer,Office Electronics,3,Performance is acceptable,Neutral,6475.67,Yes,2025-03-23
33,External SSD,Storage,4,Good quality and easy to use,Positive,21334.05,Yes,2025-10-26
34,Monitor,Computing,2,Battery life is very poor,Negative,41217.65,Yes,2025-06-19
35,Bluetooth Speaker,Audio,1,Frequent problems while using the product,Negative,2998.74,No,2025-06-14
36,Printer,Office Electronics,4,Fast performance and reliable,Positive,35985.25,Yes,2025-05-26
37,Keyboard,Accessories,5,Very good product and worth the price,Positive,7501.67,Yes,2025-04-04
38,Smartphone,Mobile,4,Fast performance and reliable,Positive,104331.35,Yes,2025-09-18
39,Router,Networking,4,Excellent product with great performance,Positive,4964.01,Yes,2025-01-05
40,Bluetooth Speaker,Audio,2,Battery life is very poor,Negative,867.15,Yes,2025-08-12
41,Webcam,Computer Accessories,4,Good quality and easy to use,Positive,3479.25,Yes,2025-12-08
42,Printer,Office Electronics,4,Really happy with the purchase,Positive,17132.45,Yes,2025-11-18
43,Tablet,Computing,5,Great product with impressive features,Positive,68701.99,No,2025-05-15
44,Webcam,Computer Accessories,4,Good quality and easy to use,Positive,7890.22,Yes,2025-11-08
45,Webcam,Computer Accessories,4,Fast performance and reliable,Positive,3246.69,Yes,2025-03-28
46,External SSD,Storage,1,Very bad experience with this product,Negative,29502.48,No,2025-03-30
47,Earbuds,Audio,4,Works perfectly and looks premium,Positive,3151.57,Yes,2025-05-06
48,Gaming Console,Gaming,4,Very good product and worth the price,Positive,44531.62,Yes,2025-01-07
49,Printer,Office Electronics,5,Excellent product with great performance,Positive,44447.19,No,2025-04-07
50,USB Flash Drive,Storage,1,Product stopped working after a few days,Negative,3367.29,Yes,2025-11-08
51,Keyboard,Accessories,3,It is okay but could be improved,Neutral,5137.07,Yes,2025-10-06
52,Router,Networking,4,Very good product and worth the price,Positive,19436.59,Yes,2025-05-01
53,Monitor,Computing,4,Great product with impressive features,Positive,43081.29,Yes,2025-04-25
54,Earbuds,Audio,4,Fast performance and reliable,Positive,698.69,Yes,2025-05-07
55,Gaming Console,Gaming,4,Really happy with the purchase,Positive,25338.98,Yes,2025-02-13
56,Mouse,Accessories,2,Very disappointed with the purchase,Negative,9427.79,Yes,2025-02-27
57,Headphones,Audio,1,Battery life is very poor,Negative,8794.83,Yes,2025-12-29
58,Gaming Console,Gaming,5,Excellent product with great performance,Positive,69663.57,Yes,2025-09-10
59,Bluetooth Speaker,Audio,4,Fast performance and reliable,Positive,2071.95,Yes,2025-09-05
60,Charger,Power,4,Amazing quality and works perfectly,Positive,990.51,Yes,2025-04-13
61,Monitor,Computing,2,Performance is slow and unreliable,Negative,69401.68,Yes,2025-11-09
62,Printer,Office Electronics,4,Good quality and easy to use,Positive,49734.11,Yes,2025-03-06
63,Printer,Office Electronics,4,Very good product and worth the price,Positive,7336.53,Yes,2025-12-20
64,Mouse,Accessories,4,Excellent build quality and smooth performance,Positive,1926.08,No,2025-07-03
65,Router,Networking,3,It is okay but could be improved,Neutral,14735.33,Yes,2025-05-01
66,Smartwatch,Wearable,2,Poor quality and disappointing performance,Negative,27180.89,Yes,2025-10-01
67,Smart TV,Home Entertainment,5,Excellent build quality and smooth performance,Positive,90103.72,Yes,2025-06-02
68,Headphones,Audio,4,Works perfectly and looks premium,Positive,6236.79,Yes,2025-04-09
69,Printer,Office Electronics,3,Features are satisfactory,Neutral,47544.59,Yes,2025-09-07
70,USB Flash Drive,Storage,5,Works perfectly and looks premium,Positive,1109.66,Yes,2025-09-21
71,Smartwatch,Wearable,5,Fast performance and reliable,Positive,14364.6,No,2025-08-09
72,Smartphone,Mobile,3,Nothing special but it works fine,Neutral,44321.39,No,2025-06-18
73,Router,Networking,2,Performance is slow and unreliable,Negative,3633.08,Yes,2025-05-01
74,Printer,Office Electronics,4,Works perfectly and looks premium,Positive,29130.49,Yes,2025-05-28
75,Router,Networking,3,Features are satisfactory,Neutral,7485.18,Yes,2025-11-16
76,Laptop,Computing,4,Excellent build quality and smooth performance,Positive,121177.13,Yes,2025-05-12
77,Camera,Camera,2,Performance is slow and unreliable,Negative,107768.07,Yes,2025-12-20
78,Monitor,Computing,5,"Amazing product, highly recommended",Positive,14615.34,Yes,2025-02-23
79,Webcam,Computer Accessories,5,Good quality and easy to use,Positive,17579.35,Yes,2025-03-01
80,USB Flash Drive,Storage,4,Really happy with the purchase,Positive,2695.36,Yes,2025-05-02
81,External SSD,Storage,4,Excellent product with great performance,Positive,11689.96,Yes,2025-01-02
82,Keyboard,Accessories,2,Not worth the price,Negative,737.29,Yes,2025-11-17
83,Bluetooth Speaker,Audio,4,Fast performance and reliable,Positive,18257.12,Yes,2025-05-05
84,USB Flash Drive,Storage,4,Excellent product with great performance,Positive,3977.77,Yes,2025-02-07
85,Tablet,Computing,3,Good enough for basic use,Neutral,68505.51,Yes,2025-08-14
86,Tablet,Computing,2,Battery life is very poor,Negative,80894.74,Yes,2025-12-16
87,Laptop,Computing,4,Fast performance and reliable,Positive,53247.88,Yes,2025-12-29
88,Power Bank,Power,5,Amazing quality and works perfectly,Positive,7796.26,No,2025-02-09
89,Laptop,Computing,4,Really happy with the purchase,Positive,61699.99,Yes,2025-10-17
90,Charger,Power,4,Excellent build quality and smooth performance,Positive,1553.86,Yes,2025-05-13
91,Smartwatch,Wearable,1,Battery life is very poor,Negative,26347.98,Yes,2025-11-02
92,Printer,Office Electronics,4,Works perfectly and looks premium,Positive,5233.8,Yes,2025-08-10
93,Keyboard,Accessories,5,Excellent product with great performance,Positive,6915.5,Yes,2025-09-25
94,Laptop,Computing,4,Excellent product with great performance,Positive,59358.79,Yes,2025-11-02
95,Gaming Console,Gaming,4,Really happy with the purchase,Positive,66196.0,Yes,2025-11-23
96,Bluetooth Speaker,Audio,4,Works perfectly and looks premium,Positive,22926.4,Yes,2025-02-22
97,Earbuds,Audio,4,"Amazing product, highly recommended",Positive,15585.5,Yes,2025-09-22
98,Gaming Console,Gaming,3,Decent quality but has some limitations,Neutral,48192.68,Yes,2025-02-21
99,Smart TV,Home Entertainment,4,"Amazing product, highly recommended",Positive,72393.29,Yes,2025-12-11
100,Smart TV,Home Entertainment,1,Performance is slow and unreliable,Negative,168080.47,Yes,2025-08-18
101,Keyboard,Accessories,5,Excellent product with great performance,Positive,7852.86,No,2025-03-12
102,USB Flash Drive,Storage,2,Very disappointed with the purchase,Negative,2633.39,Yes,2025-04-17
103,Headphones,Audio,4,Excellent build quality and smooth performance,Positive,3846.27,Yes,2025-11-23
104,USB Flash Drive,Storage,4,Amazing quality and works perfectly,Positive,1326.4,No,2025-08-24
105,Webcam,Computer Accessories,3,Decent quality but has some limitations,Neutral,7849.3,Yes,2025-03-25
106,Power Bank,Power,5,Good quality and easy to use,Positive,5831.74,Yes,2025-10-27
107,Power Bank,Power,5,Excellent build quality and smooth performance,Positive,6885.95,Yes,2025-09-20
108,Charger,Power,5,Amazing quality and works perfectly,Positive,4966.44,Yes,2025-01-29
109,Laptop,Computing,3,Decent quality but has some limitations,Neutral,94114.82,Yes,2025-04-14
110,Printer,Office Electronics,4,Excellent product with great performance,Positive,25394.2,Yes,2025-11-05
111,Router,Networking,3,Performance is acceptable,Neutral,15555.15,Yes,2025-05-09
112,Printer,Office Electronics,5,"Amazing product, highly recommended",Positive,19455.21,Yes,2025-01-14
113,Tablet,Computing,3,Decent quality but has some limitations,Neutral,58646.62,Yes,2025-08-09
114,USB Flash Drive,Storage,3,It is okay but could be improved,Neutral,3481.98,Yes,2025-11-25
115,Monitor,Computing,4,Works perfectly and looks premium,Positive,23482.48,Yes,2025-07-23
116,USB Flash Drive,Storage,5,Very good product and worth the price,Positive,1614.07,No,2025-12-23
117,Smart TV,Home Entertainment,2,Build quality is poor,Negative,80895.27,Yes,2025-02-11
118,Printer,Office Electronics,4,Excellent product with great performance,Positive,30995.82,Yes,2025-09-01
119,Webcam,Computer Accessories,5,Amazing quality and works perfectly,Positive,6137.89,Yes,2025-08-26
120,Tablet,Computing,5,"Amazing product, highly recommended",Positive,28735.1,Yes,2025-12-26
121,Bluetooth Speaker,Audio,5,Very good product and worth the price,Positive,5165.64,Yes,2025-07-10
122,Earbuds,Audio,4,"Amazing product, highly recommended",Positive,20328.09,No,2025-10-28
123,Power Bank,Power,3,"Average product, works as expected",Neutral,7178.99,Yes,2025-02-23
124,Smart TV,Home Entertainment,4,Fast performance and reliable,Positive,182373.56,Yes,2025-01-17
125,Gaming Console,Gaming,3,Product meets basic expectations,Neutral,70189.85,Yes,2025-09-19
126,Power Bank,Power,5,Excellent product with great performance,Positive,1788.48,Yes,2025-01-02
127,USB Flash Drive,Storage,3,"Average product, works as expected",Neutral,759.43,Yes,2025-11-16
128,Smartwatch,Wearable,3,It is okay but could be improved,Neutral,25709.47,Yes,2025-01-08
129,Gaming Console,Gaming,2,Poor quality and disappointing performance,Negative,53678.48,Yes,2025-09-09
130,Power Bank,Power,2,Very disappointed with the purchase,Negative,6076.33,Yes,2025-06-14
131,Headphones,Audio,2,Very bad experience with this product,Negative,7074.98,Yes,2025-08-24
132,Camera,Camera,5,Great product with impressive features,Positive,234463.68,Yes,2025-08-16
133,USB Flash Drive,Storage,2,Product stopped working after a few days,Negative,1756.67,Yes,2025-06-12
134,USB Flash Drive,Storage,5,Excellent build quality and smooth performance,Positive,3015.7,Yes,2025-06-25
135,USB Flash Drive,Storage,5,Really happy with the purchase,Positive,4361.8,Yes,2025-07-03
136,USB Flash Drive,Storage,2,Build quality is poor,Negative,2760.21,Yes,2025-09-05
137,Mouse,Accessories,1,Battery life is very poor,Negative,7609.51,Yes,2025-09-17
138,Smartphone,Mobile,2,Product stopped working after a few days,Negative,91890.93,Yes,2025-06-14
139,Smart TV,Home Entertainment,4,Works perfectly and looks premium,Positive,161153.93,No,2025-05-09
140,Mouse,Accessories,4,Amazing quality and works perfectly,Positive,8167.17,Yes,2025-01-16
141,Camera,Camera,4,Fast performance and reliable,Positive,113304.16,Yes,2025-10-12
142,Smartphone,Mobile,2,Build quality is poor,Negative,48718.3,Yes,2025-03-24
143,Printer,Office Electronics,5,Excellent product with great performance,Positive,41157.41,No,2025-06-08
144,Printer,Office Electronics,5,Fast performance and reliable,Positive,31086.97,Yes,2025-12-29
145,Webcam,Computer Accessories,2,Performance is slow and unreliable,Negative,12546.55,Yes,2025-10-14
146,Smartwatch,Wearable,5,Amazing quality and works perfectly,Positive,21477.99,Yes,2025-05-07
147,USB Flash Drive,Storage,4,Works perfectly and looks premium,Positive,1247.59,Yes,2025-06-23
148,Camera,Camera,4,Excellent build quality and smooth performance,Positive,127809.38,Yes,2025-04-29
149,Tablet,Computing,4,Excellent build quality and smooth performance,Positive,97268.18,Yes,2025-08-17
150,Charger,Power,3,It is okay but could be improved,Neutral,1667.07,Yes,2025-02-25
151,Mouse,Accessories,5,Really happy with the purchase,Positive,2938.48,Yes,2025-12-14
152,Camera,Camera,4,Excellent product with great performance,Positive,54426.44,Yes,2025-12-27
153,Laptop,Computing,4,"Amazing product, highly recommended",Positive,102177.07,No,2025-04-19
154,Charger,Power,2,Battery life is very poor,Negative,1656.09,Yes,2025-03-26
155,Gaming Console,Gaming,4,Excellent product with great performance,Positive,62791.81,Yes,2025-07-16
156,Router,Networking,4,Works perfectly and looks premium,Positive,3567.37,Yes,2025-08-25
157,External SSD,Storage,5,Fast performance and reliable,Positive,9677.44,Yes,2025-08-23
158,Camera,Camera,4,"Amazing product, highly recommended",Positive,38916.49,Yes,2025-01-16
159,Router,Networking,5,"Amazing product, highly recommended",Positive,1787.95,Yes,2025-09-17
160,Laptop,Computing,2,Poor quality and disappointing performance,Negative,152121.52,No,2025-01-25
161,External SSD,Storage,5,Very good product and worth the price,Positive,27458.71,Yes,2025-05-05
162,Monitor,Computing,3,Features are satisfactory,Neutral,62527.77,No,2025-09-19
163,Power Bank,Power,4,Fast performance and reliable,Positive,7029.18,Yes,2025-11-20
164,Power Bank,Power,5,Good quality and easy to use,Positive,1423.49,Yes,2025-08-20
165,Smart TV,Home Entertainment,4,Very good product and worth the price,Positive,181154.84,Yes,2025-02-28
166,Bluetooth Speaker,Audio,3,Nothing special but it works fine,Neutral,14408.36,Yes,2025-09-06
167,Monitor,Computing,4,Amazing quality and works perfectly,Positive,62879.64,Yes,2025-01-14
168,External SSD,Storage,5,Good quality and easy to use,Positive,19625.45,Yes,2025-03-26
169,Camera,Camera,4,Great product with impressive features,Positive,103720.71,Yes,2025-02-15
170,Bluetooth Speaker,Audio,3,Decent quality but has some limitations,Neutral,8532.13,Yes,2025-12-26
171,Bluetooth Speaker,Audio,5,"Amazing product, highly recommended",Positive,4249.4,Yes,2025-05-15
172,USB Flash Drive,Storage,2,Very disappointed with the purchase,Negative,2239.46,Yes,2025-07-23
173,USB Flash Drive,Storage,1,Performance is slow and unreliable,Negative,2622.28,No,2025-10-16
174,Tablet,Computing,2,Build quality is poor,Negative,98480.36,No,2025-12-20
175,Monitor,Computing,5,Excellent build quality and smooth performance,Positive,8759.5,Yes,2025-12-30
176,External SSD,Storage,2,Very bad experience with this product,Negative,18934.03,Yes,2025-03-01
177,Tablet,Computing,5,Great product with impressive features,Positive,57249.53,Yes,2025-05-24
178,Smartwatch,Wearable,3,Product is okay for the price,Neutral,2610.47,Yes,2025-05-28
179,Smartwatch,Wearable,2,Performance is slow and unreliable,Negative,17492.5,Yes,2025-10-18
180,Power Bank,Power,1,Battery life is very poor,Negative,3845.08,Yes,2025-05-03
181,Mouse,Accessories,1,Battery life is very poor,Negative,5094.42,Yes,2025-03-26
182,Bluetooth Speaker,Audio,1,Battery life is very poor,Negative,7616.92,No,2025-10-03
183,Tablet,Computing,4,Great product with impressive features,Positive,13069.02,Yes,2025-06-30
184,Camera,Camera,4,Good quality and easy to use,Positive,91114.7,Yes,2025-09-30
185,USB Flash Drive,Storage,3,It is okay but could be improved,Neutral,4230.9,No,2025-05-19
186,Headphones,Audio,5,Great product with impressive features,Positive,24331.81,Yes,2025-06-27
187,Gaming Console,Gaming,5,Great product with impressive features,Positive,34941.29,Yes,2025-01-04
188,External SSD,Storage,2,Poor quality and disappointing performance,Negative,20450.1,Yes,2025-01-06
189,Charger,Power,3,Decent quality but has some limitations,Neutral,4641.14,Yes,2025-01-01
190,Charger,Power,4,Very good product and worth the price,Positive,1108.91,Yes,2025-03-05
191,Smartwatch,Wearable,4,Very good product and worth the price,Positive,7740.8,Yes,2025-05-07
192,Smart TV,Home Entertainment,3,"Average product, works as expected",Neutral,19097.06,Yes,2025-01-19
193,Smart TV,Home Entertainment,4,"Amazing product, highly recommended",Positive,46896.12,Yes,2025-02-28
194,Router,Networking,5,Amazing quality and works perfectly,Positive,16465.1,Yes,2025-11-06
195,Webcam,Computer Accessories,1,Performance is slow and unreliable,Negative,16465.81,Yes,2025-11-08
196,Camera,Camera,2,Product has several issues,Negative,146601.72,No,2025-04-16
197,Gaming Console,Gaming,5,"Amazing product, highly recommended",Positive,43346.05,Yes,2025-12-12
198,USB Flash Drive,Storage,5,Works perfectly and looks premium,Positive,4091.87,Yes,2025-02-13
199,Smartphone,Mobile,5,Great product with impressive features,Positive,29841.71,No,2025-01-12
200,Headphones,Audio,4,Fast performance and reliable,Positive,4625.69,Yes,2025-05-10
201,Headphones,Audio,5,Fast performance and reliable,Positive,3131.7,Yes,2025-04-07
202,Camera,Camera,4,Amazing quality and works perfectly,Positive,216548.34,Yes,2025-01-29
203,Headphones,Audio,4,Works perfectly and looks premium,Positive,21587.87,No,2025-11-06
204,Monitor,Computing,4,"Amazing product, highly recommended",Positive,52219.39,Yes,2025-12-24
205,Mouse,Accessories,4,Good quality and easy to use,Positive,7356.43,Yes,2025-04-09
206,Router,Networking,3,Good enough for basic use,Neutral,3726.1,Yes,2025-04-25
207,Power Bank,Power,2,Performance is slow and unreliable,Negative,3570.48,Yes,2025-09-20
208,Smartphone,Mobile,4,Really happy with the purchase,Positive,99180.91,Yes,2025-12-07
209,Gaming Console,Gaming,3,Performance is acceptable,Neutral,75422.1,Yes,2025-04-15
210,Keyboard,Accessories,3,Performance is acceptable,Neutral,7939.89,Yes,2025-09-07
211,Tablet,Computing,3,Nothing special but it works fine,Neutral,20985.53,Yes,2025-01-09
212,Gaming Console,Gaming,4,Excellent build quality and smooth performance,Positive,78818.45,Yes,2025-07-26
213,Earbuds,Audio,3,Features are satisfactory,Neutral,10178.2,Yes,2025-12-27
214,Mouse,Accessories,5,Works perfectly and looks premium,Positive,3394.25,Yes,2025-06-23
215,Smart TV,Home Entertainment,4,Fast performance and reliable,Positive,37198.32,Yes,2025-08-23
216,Headphones,Audio,4,Excellent build quality and smooth performance,Positive,872.57,Yes,2025-09-08
217,Printer,Office Electronics,5,Really happy with the purchase,Positive,32165.3,No,2025-08-19
218,Mouse,Accessories,5,Good quality and easy to use,Positive,6240.58,Yes,2025-09-08
219,Webcam,Computer Accessories,4,Fast performance and reliable,Positive,5450.58,Yes,2025-11-20
220,USB Flash Drive,Storage,3,Good enough for basic use,Neutral,1061.34,Yes,2025-01-04
221,USB Flash Drive,Storage,5,Excellent product with great performance,Positive,2781.64,Yes,2025-11-19
222,Headphones,Audio,4,Very good product and worth the price,Positive,13344.5,Yes,2025-11-28
223,External SSD,Storage,5,Works perfectly and looks premium,Positive,11198.66,No,2025-11-26
224,Monitor,Computing,4,Amazing quality and works perfectly,Positive,22149.23,Yes,2025-05-15
225,Webcam,Computer Accessories,2,Not worth the price,Negative,17326.81,Yes,2025-08-01
226,Smart TV,Home Entertainment,2,Frequent problems while using the product,Negative,197008.17,Yes,2025-05-09
227,Camera,Camera,5,Fast performance and reliable,Positive,105005.89,Yes,2025-11-03
228,Webcam,Computer Accessories,5,Amazing quality and works perfectly,Positive,14264.48,Yes,2025-05-29
229,Power Bank,Power,5,Really happy with the purchase,Positive,7031.94,No,2025-04-25
230,Smartphone,Mobile,5,Great product with impressive features,Positive,11016.92,Yes,2025-09-08
231,Printer,Office Electronics,5,Works perfectly and looks premium,Positive,45862.92,Yes,2025-01-19
232,Power Bank,Power,3,It is okay but could be improved,Neutral,4393.87,No,2025-05-18
233,Smartphone,Mobile,4,Excellent product with great performance,Positive,70355.92,Yes,2025-03-17
234,Laptop,Computing,4,Excellent product with great performance,Positive,110981.0,Yes,2025-05-17
235,Router,Networking,2,Battery life is very poor,Negative,5615.62,Yes,2025-06-13
236,Webcam,Computer Accessories,4,Great product with impressive features,Positive,15862.59,Yes,2025-01-24
237,Gaming Console,Gaming,4,Good quality and easy to use,Positive,65278.61,Yes,2025-11-12
238,Keyboard,Accessories,5,Great product with impressive features,Positive,1888.99,No,2025-06-02
239,Bluetooth Speaker,Audio,5,Great product with impressive features,Positive,17233.51,No,2025-05-11
240,Keyboard,Accessories,4,Really happy with the purchase,Positive,14376.88,Yes,2025-02-24
241,Bluetooth Speaker,Audio,5,"Amazing product, highly recommended",Positive,26237.8,No,2025-12-30
242,Earbuds,Audio,2,Battery life is very poor,Negative,15834.66,Yes,2025-11-09
243,Tablet,Computing,2,Performance is slow and unreliable,Negative,27882.4,Yes,2025-06-25
244,Charger,Power,4,Good quality and easy to use,Positive,1931.95,Yes,2025-05-03
245,Headphones,Audio,5,Very good product and worth the price,Positive,4935.56,Yes,2025-06-20
246,Tablet,Computing,3,Good enough for basic use,Neutral,83973.76,Yes,2025-12-17
247,Earbuds,Audio,5,"Amazing product, highly recommended",Positive,19577.44,Yes,2025-03-22
248,External SSD,Storage,3,Features are satisfactory,Neutral,27579.67,No,2025-09-07
249,Charger,Power,3,Average experience with this product,Neutral,597.96,Yes,2025-11-26
250,Mouse,Accessories,2,Very bad experience with this product,Negative,9657.72,Yes,2025-10-03
251,Charger,Power,2,Poor quality and disappointing performance,Negative,4842.21,Yes,2025-11-14
252,Charger,Power,4,Works perfectly and looks premium,Positive,3469.73,Yes,2025-12-12
253,Mouse,Accessories,4,Amazing quality and works perfectly,Positive,8852.96,Yes,2025-01-22
254,USB Flash Drive,Storage,4,Fast performance and reliable,Positive,2360.66,Yes,2025-03-29
255,Router,Networking,5,Excellent build quality and smooth performance,Positive,6954.68,Yes,2025-02-22
256,Smartwatch,Wearable,4,Fast performance and reliable,Positive,8986.87,Yes,2025-07-27
257,USB Flash Drive,Storage,3,Good enough for basic use,Neutral,448.42,Yes,2025-05-29
258,Smartwatch,Wearable,5,Works perfectly and looks premium,Positive,3536.87,Yes,2025-01-15
259,Laptop,Computing,5,Really happy with the purchase,Positive,133735.01,Yes,2025-07-23
260,Keyboard,Accessories,5,Amazing quality and works perfectly,Positive,5380.33,Yes,2025-02-06
261,Monitor,Computing,4,Amazing quality and works perfectly,Positive,10000.56,Yes,2025-05-29
262,External SSD,Storage,4,Amazing quality and works perfectly,Positive,6029.46,No,2025-05-14
263,Gaming Console,Gaming,4,Great product with impressive features,Positive,61590.61,Yes,2025-11-23
264,Laptop,Computing,4,Excellent product with great performance,Positive,170802.03,Yes,2025-09-07
265,Mouse,Accessories,5,Really happy with the purchase,Positive,4257.39,Yes,2025-08-16
266,External SSD,Storage,4,Very good product and worth the price,Positive,23996.75,Yes,2025-10-31
267,Router,Networking,4,Excellent product with great performance,Positive,19498.05,Yes,2025-03-07
268,Power Bank,Power,5,Excellent build quality and smooth performance,Positive,5899.75,Yes,2025-04-04
269,Camera,Camera,5,Great product with impressive features,Positive,187676.45,Yes,2025-10-02
270,Charger,Power,5,Amazing quality and works perfectly,Positive,3194.73,Yes,2025-10-01
271,Headphones,Audio,5,Good quality and easy to use,Positive,29341.46,Yes,2025-01-08
272,Charger,Power,5,Very good product and worth the price,Positive,1709.09,No,2025-03-23
273,Gaming Console,Gaming,2,Not worth the price,Negative,68064.36,Yes,2025-03-24
274,Laptop,Computing,4,Works perfectly and looks premium,Positive,92261.71,Yes,2025-01-03
275,Gaming Console,Gaming,4,Good quality and easy to use,Positive,33548.08,Yes,2025-08-30
276,Headphones,Audio,5,Excellent product with great performance,Positive,22311.49,Yes,2025-01-20
277,Smartphone,Mobile,1,Product stopped working after a few days,Negative,100893.01,Yes,2025-11-04
278,External SSD,Storage,2,Product stopped working after a few days,Negative,26317.18,Yes,2025-08-02
279,Monitor,Computing,5,"Amazing product, highly recommended",Positive,74219.01,Yes,2025-10-06
280,Keyboard,Accessories,5,Amazing quality and works perfectly,Positive,11301.22,Yes,2025-07-01
281,Camera,Camera,4,Works perfectly and looks premium,Positive,143714.17,Yes,2025-12-21
282,Charger,Power,1,Poor quality and disappointing performance,Negative,4711.87,Yes,2025-04-09
283,Camera,Camera,1,Very disappointed with the purchase,Negative,72152.28,Yes,2025-07-23
284,Webcam,Computer Accessories,5,Good quality and easy to use,Positive,2468.89,Yes,2025-01-03
285,Gaming Console,Gaming,3,Decent quality but has some limitations,Neutral,48739.41,Yes,2025-11-01
286,Smartphone,Mobile,1,Very disappointed with the purchase,Negative,73208.48,Yes,2025-07-27
287,Headphones,Audio,5,Works perfectly and looks premium,Positive,20559.69,Yes,2025-03-06
288,Keyboard,Accessories,5,Works perfectly and looks premium,Positive,12323.62,No,2025-10-26
289,Mouse,Accessories,4,"Amazing product, highly recommended",Positive,559.54,Yes,2025-12-28
290,Monitor,Computing,1,Very disappointed with the purchase,Negative,65351.43,Yes,2025-01-26
291,Smartwatch,Wearable,3,Product is okay for the price,Neutral,30606.24,Yes,2025-11-05
292,Tablet,Computing,4,Amazing quality and works perfectly,Positive,95765.29,Yes,2025-09-26
293,Tablet,Computing,5,Great product with impressive features,Positive,41310.77,No,2025-05-10
294,Smart TV,Home Entertainment,5,Good quality and easy to use,Positive,129141.02,Yes,2025-08-20
295,Monitor,Computing,2,Very disappointed with the purchase,Negative,62724.58,No,2025-10-14
296,Smart TV,Home Entertainment,2,Frequent problems while using the product,Negative,110533.15,Yes,2025-06-24
297,Bluetooth Speaker,Audio,3,"Average product, works as expected",Neutral,5352.5,No,2025-09-01
298,Bluetooth Speaker,Audio,5,Fast performance and reliable,Positive,2254.15,Yes,2025-01-18
299,Mouse,Accessories,4,Great product with impressive features,Positive,1380.59,No,2025-12-04
300,Webcam,Computer Accessories,4,Excellent product with great performance,Positive,10403.19,No,2025-12-04
301,Charger,Power,1,Product stopped working after a few days,Negative,3306.16,Yes,2025-03-18
302,Smartphone,Mobile,5,"Amazing product, highly recommended",Positive,71898.36,Yes,2025-06-24
303,Earbuds,Audio,2,Very bad experience with this product,Negative,17966.45,Yes,2025-03-29
304,Smart TV,Home Entertainment,2,Poor quality and disappointing performance,Negative,22214.01,Yes,2025-05-26
305,Smartwatch,Wearable,5,Great product with impressive features,Positive,8112.52,Yes,2025-04-11
306,USB Flash Drive,Storage,5,Really happy with the purchase,Positive,3877.36,Yes,2025-11-11
307,Webcam,Computer Accessories,4,"Amazing product, highly recommended",Positive,15842.47,Yes,2025-09-11
308,Headphones,Audio,2,Build quality is poor,Negative,21217.67,Yes,2025-11-05
309,Charger,Power,5,Great product with impressive features,Positive,3803.52,Yes,2025-10-17
310,Charger,Power,4,Excellent build quality and smooth performance,Positive,4828.17,Yes,2025-09-23
311,External SSD,Storage,4,Very good product and worth the price,Positive,28493.9,Yes,2025-03-02
312,External SSD,Storage,5,Good quality and easy to use,Positive,20401.01,Yes,2025-10-30
313,Laptop,Computing,2,Performance is slow and unreliable,Negative,77900.19,Yes,2025-10-13
314,Bluetooth Speaker,Audio,4,Great product with impressive features,Positive,1212.01,Yes,2025-02-15
315,Webcam,Computer Accessories,4,Amazing quality and works perfectly,Positive,13000.55,Yes,2025-02-02
316,Monitor,Computing,2,Battery life is very poor,Negative,37916.48,Yes,2025-10-05
317,Headphones,Audio,3,"Average product, works as expected",Neutral,4837.31,Yes,2025-05-23
318,Camera,Camera,4,Excellent build quality and smooth performance,Positive,73432.99,Yes,2025-04-30
319,Smartwatch,Wearable,4,Really happy with the purchase,Positive,46921.67,No,2025-05-25
320,Tablet,Computing,4,Good quality and easy to use,Positive,15960.03,Yes,2025-11-13
321,External SSD,Storage,4,"Amazing product, highly recommended",Positive,24261.71,Yes,2025-05-13
322,Tablet,Computing,4,Very good product and worth the price,Positive,91184.44,No,2025-05-16
323,Printer,Office Electronics,3,It is okay but could be improved,Neutral,35975.64,No,2025-05-26
324,Headphones,Audio,4,Excellent product with great performance,Positive,2309.58,Yes,2025-01-20
325,Tablet,Computing,4,Amazing quality and works perfectly,Positive,86126.76,Yes,2025-01-14
326,Router,Networking,4,Very good product and worth the price,Positive,13412.49,Yes,2025-06-01
327,Smartwatch,Wearable,4,Great product with impressive features,Positive,14936.1,Yes,2025-01-07
328,Monitor,Computing,4,Fast performance and reliable,Positive,52594.5,Yes,2025-10-04
329,Monitor,Computing,4,Good quality and easy to use,Positive,16104.17,Yes,2025-06-04
330,Power Bank,Power,5,Excellent build quality and smooth performance,Positive,5895.06,Yes,2025-07-02
331,Mouse,Accessories,4,Amazing quality and works perfectly,Positive,9059.06,Yes,2025-05-03
332,Smartwatch,Wearable,4,Really happy with the purchase,Positive,26801.54,No,2025-10-06
333,Headphones,Audio,3,It is okay but could be improved,Neutral,28587.13,Yes,2025-06-06
334,Smartwatch,Wearable,5,Great product with impressive features,Positive,22747.61,No,2025-01-13
335,Laptop,Computing,5,Amazing quality and works perfectly,Positive,158635.05,Yes,2025-06-28
336,Gaming Console,Gaming,4,Works perfectly and looks premium,Positive,67550.66,No,2025-03-06
337,Mouse,Accessories,4,Very good product and worth the price,Positive,1157.77,Yes,2025-08-06
338,Tablet,Computing,3,Features are satisfactory,Neutral,92138.73,Yes,2025-07-25
339,Bluetooth Speaker,Audio,5,Excellent build quality and smooth performance,Positive,27384.49,Yes,2025-06-23
340,Gaming Console,Gaming,2,Performance is slow and unreliable,Negative,44327.87,Yes,2025-05-21
341,Earbuds,Audio,1,Very disappointed with the purchase,Negative,19939.25,Yes,2025-08-06
342,Keyboard,Accessories,1,Very disappointed with the purchase,Negative,3757.24,Yes,2025-09-06
343,Router,Networking,3,Average experience with this product,Neutral,1577.47,Yes,2025-11-17
344,Gaming Console,Gaming,2,Very bad experience with this product,Negative,36436.54,No,2025-12-18
345,Router,Networking,3,"Average product, works as expected",Neutral,10195.77,Yes,2025-01-31
346,Monitor,Computing,1,Frequent problems while using the product,Negative,10274.8,Yes,2025-08-29
347,Mouse,Accessories,5,Fast performance and reliable,Positive,1852.06,No,2025-01-31
348,USB Flash Drive,Storage,3,Product meets basic expectations,Neutral,4767.06,Yes,2025-06-02
349,Printer,Office Electronics,2,Product stopped working after a few days,Negative,27222.84,Yes,2025-09-28
350,Laptop,Computing,2,Not worth the price,Negative,153465.08,Yes,2025-07-17
351,USB Flash Drive,Storage,3,Average experience with this product,Neutral,1271.13,Yes,2025-10-22
352,Printer,Office Electronics,5,Works perfectly and looks premium,Positive,8983.48,Yes,2025-11-30
353,Webcam,Computer Accessories,5,Really happy with the purchase,Positive,15830.41,Yes,2025-12-22
354,Earbuds,Audio,4,Excellent build quality and smooth performance,Positive,9046.43,No,2025-09-03
355,Power Bank,Power,5,Fast performance and reliable,Positive,4110.59,Yes,2025-09-03
356,Smartphone,Mobile,4,Excellent build quality and smooth performance,Positive,119118.45,Yes,2025-10-21
357,Tablet,Computing,1,Not worth the price,Negative,38487.75,Yes,2025-03-27
358,Charger,Power,4,Very good product and worth the price,Positive,2523.79,No,2025-04-21
359,Headphones,Audio,2,Frequent problems while using the product,Negative,19226.93,Yes,2025-05-05
360,Headphones,Audio,5,Amazing quality and works perfectly,Positive,3127.53,Yes,2025-09-29
361,Earbuds,Audio,5,Works perfectly and looks premium,Positive,18052.59,Yes,2025-05-09
362,Mouse,Accessories,5,Great product with impressive features,Positive,4681.79,Yes,2025-02-20
363,Smartwatch,Wearable,5,Good quality and easy to use,Positive,9988.2,Yes,2025-10-19
364,USB Flash Drive,Storage,4,Amazing quality and works perfectly,Positive,2323.55,Yes,2025-10-01
365,Gaming Console,Gaming,4,Excellent build quality and smooth performance,Positive,50336.73,Yes,2025-08-05
366,External SSD,Storage,5,Excellent product with great performance,Positive,20299.9,Yes,2025-11-18
367,Webcam,Computer Accessories,4,Really happy with the purchase,Positive,18805.54,Yes,2025-10-17
368,Camera,Camera,2,Performance is slow and unreliable,Negative,197139.76,Yes,2025-11-25
369,Monitor,Computing,2,Product stopped working after a few days,Negative,34301.3,Yes,2025-04-05
370,Smart TV,Home Entertainment,1,Product has several issues,Negative,194384.92,No,2025-02-12
371,Charger,Power,3,Product is okay for the price,Neutral,4016.91,Yes,2025-05-05
372,Mouse,Accessories,4,Very good product and worth the price,Positive,571.13,Yes,2025-10-30
373,Keyboard,Accessories,4,Fast performance and reliable,Positive,2190.5,Yes,2025-12-04
374,Smartphone,Mobile,2,Performance is slow and unreliable,Negative,32417.25,Yes,2025-02-10
375,Smart TV,Home Entertainment,3,Product meets basic expectations,Neutral,30448.16,Yes,2025-11-09
376,USB Flash Drive,Storage,4,"Amazing product, highly recommended",Positive,2581.51,Yes,2025-06-24
377,Gaming Console,Gaming,4,Really happy with the purchase,Positive,43739.49,No,2025-10-26
378,Headphones,Audio,5,Good quality and easy to use,Positive,29201.3,Yes,2025-09-07
379,Webcam,Computer Accessories,1,Frequent problems while using the product,Negative,9981.99,Yes,2025-01-22
380,Smartwatch,Wearable,4,Excellent build quality and smooth performance,Positive,11789.51,Yes,2025-06-26
381,Headphones,Audio,3,It is okay but could be improved,Neutral,29136.56,Yes,2025-02-02
382,Laptop,Computing,4,"Amazing product, highly recommended",Positive,107082.27,Yes,2025-05-05
383,Earbuds,Audio,5,Good quality and easy to use,Positive,2289.96,No,2025-10-04
384,Bluetooth Speaker,Audio,4,"Amazing product, highly recommended",Positive,3161.54,No,2025-09-07
385,External SSD,Storage,5,Excellent build quality and smooth performance,Positive,21232.9,No,2025-09-15
386,Bluetooth Speaker,Audio,5,Great product with impressive features,Positive,15248.04,Yes,2025-08-30
387,Smart TV,Home Entertainment,3,Average experience with this product,Neutral,130482.7,Yes,2025-01-06
388,Bluetooth Speaker,Audio,4,Really happy with the purchase,Positive,25610.07,Yes,2025-08-01
389,Power Bank,Power,2,Poor quality and disappointing performance,Negative,5705.96,Yes,2025-06-27
390,Charger,Power,5,Excellent build quality and smooth performance,Positive,4350.41,Yes,2025-07-12
391,USB Flash Drive,Storage,4,Excellent build quality and smooth performance,Positive,3790.64,Yes,2025-03-19
392,External SSD,Storage,3,Product is okay for the price,Neutral,21208.79,Yes,2025-09-15
393,Printer,Office Electronics,2,Product stopped working after a few days,Negative,11061.44,No,2025-08-10
394,Webcam,Computer Accessories,5,Excellent product with great performance,Positive,10173.72,Yes,2025-05-28
395,Tablet,Computing,4,Really happy with the purchase,Positive,48978.34,No,2025-01-21
396,Laptop,Computing,4,Excellent build quality and smooth performance,Positive,111104.3,Yes,2025-01-26
397,Keyboard,Accessories,1,Performance is slow and unreliable,Negative,6171.57,No,2025-05-12
398,Smartwatch,Wearable,5,Very good product and worth the price,Positive,31591.21,Yes,2025-07-16
399,Mouse,Accessories,4,Fast performance and reliable,Positive,4106.82,Yes,2025-12-30
400,Charger,Power,4,Works perfectly and looks premium,Positive,2920.8,Yes,2025-09-22
401,Earbuds,Audio,4,Works perfectly and looks premium,Positive,10174.45,Yes,2025-06-27
402,Laptop,Computing,5,Fast performance and reliable,Positive,165265.1,Yes,2025-04-20
403,Smart TV,Home Entertainment,5,Very good product and worth the price,Positive,84081.9,Yes,2025-03-03
404,Monitor,Computing,5,Works perfectly and looks premium,Positive,60089.01,Yes,2025-02-21
405,USB Flash Drive,Storage,5,Excellent product with great performance,Positive,3184.56,No,2025-01-27
406,Camera,Camera,5,Amazing quality and works perfectly,Positive,111742.79,Yes,2025-11-29
407,Gaming Console,Gaming,4,Good quality and easy to use,Positive,69419.71,Yes,2025-01-06
408,External SSD,Storage,4,Great product with impressive features,Positive,28044.31,No,2025-11-12
409,Earbuds,Audio,5,Amazing quality and works perfectly,Positive,19131.87,Yes,2025-08-01
410,Headphones,Audio,3,It is okay but could be improved,Neutral,28483.35,No,2025-08-14
411,Smart TV,Home Entertainment,5,Works perfectly and looks premium,Positive,95716.74,Yes,2025-12-16
412,Gaming Console,Gaming,3,Features are satisfactory,Neutral,75255.7,Yes,2025-10-15
413,Earbuds,Audio,2,Product stopped working after a few days,Negative,21967.46,Yes,2025-02-23
414,Camera,Camera,5,Excellent product with great performance,Positive,196537.15,Yes,2025-12-20
415,Monitor,Computing,4,"Amazing product, highly recommended",Positive,67804.85,Yes,2025-03-06
416,Printer,Office Electronics,4,Works perfectly and looks premium,Positive,37856.01,Yes,2025-07-27
417,Power Bank,Power,5,Very good product and worth the price,Positive,4488.62,Yes,2025-08-22
418,Bluetooth Speaker,Audio,5,Really happy with the purchase,Positive,16930.64,Yes,2025-03-31
419,Gaming Console,Gaming,2,Product stopped working after a few days,Negative,47972.77,No,2025-08-19
420,External SSD,Storage,5,Great product with impressive features,Positive,20935.9,No,2025-08-22
421,Monitor,Computing,5,Really happy with the purchase,Positive,30034.45,Yes,2025-12-24
422,External SSD,Storage,1,Very disappointed with the purchase,Negative,22970.81,Yes,2025-11-30
423,Headphones,Audio,3,It is okay but could be improved,Neutral,15400.9,Yes,2025-05-26
424,Headphones,Audio,2,Poor quality and disappointing performance,Negative,10919.04,Yes,2025-09-09
425,USB Flash Drive,Storage,4,Fast performance and reliable,Positive,991.97,Yes,2025-10-27
426,Camera,Camera,5,Fast performance and reliable,Positive,82493.33,Yes,2025-01-10
427,Smartphone,Mobile,5,Fast performance and reliable,Positive,79702.44,Yes,2025-09-07
428,Gaming Console,Gaming,5,Fast performance and reliable,Positive,45341.71,Yes,2025-12-01
429,Bluetooth Speaker,Audio,1,Product has several issues,Negative,1768.54,Yes,2025-02-13
430,Earbuds,Audio,4,Very good product and worth the price,Positive,8578.58,No,2025-10-03
431,Keyboard,Accessories,5,Really happy with the purchase,Positive,5812.19,Yes,2025-01-23
432,Mouse,Accessories,4,Excellent product with great performance,Positive,2572.72,Yes,2025-05-27
433,Printer,Office Electronics,4,Great product with impressive features,Positive,17884.18,Yes,2025-10-27
434,Keyboard,Accessories,4,Excellent product with great performance,Positive,10721.45,Yes,2025-12-27
435,Earbuds,Audio,5,Good quality and easy to use,Positive,18783.53,Yes,2025-09-23
436,External SSD,Storage,3,Good enough for basic use,Neutral,28890.27,Yes,2025-09-21
437,Power Bank,Power,5,Great product with impressive features,Positive,1650.24,Yes,2025-04-05
438,Smartphone,Mobile,5,Excellent build quality and smooth performance,Positive,42913.2,Yes,2025-10-29
439,Camera,Camera,3,Features are satisfactory,Neutral,42335.02,No,2025-08-29
440,Power Bank,Power,4,Great product with impressive features,Positive,5215.79,Yes,2025-12-11
441,Charger,Power,3,Average experience with this product,Neutral,377.02,No,2025-08-09
442,Smartwatch,Wearable,2,Very disappointed with the purchase,Negative,11459.78,Yes,2025-01-15
443,Mouse,Accessories,2,Not worth the price,Negative,5993.71,No,2025-07-06
444,Camera,Camera,5,Excellent build quality and smooth performance,Positive,105716.2,Yes,2025-10-10
445,Gaming Console,Gaming,5,Great product with impressive features,Positive,54940.69,Yes,2025-10-15
446,Gaming Console,Gaming,3,It is okay but could be improved,Neutral,60213.06,Yes,2025-05-22
447,Smart TV,Home Entertainment,4,Great product with impressive features,Positive,170203.91,Yes,2025-03-04
448,Power Bank,Power,4,Amazing quality and works perfectly,Positive,3628.7,No,2025-11-14
449,Keyboard,Accessories,5,"Amazing product, highly recommended",Positive,4544.01,Yes,2025-10-28
450,Power Bank,Power,4,Fast performance and reliable,Positive,4679.4,Yes,2025-11-17
451,Bluetooth Speaker,Audio,4,Really happy with the purchase,Positive,2834.69,Yes,2025-09-02
452,Bluetooth Speaker,Audio,4,Works perfectly and looks premium,Positive,2023.9,Yes,2025-10-30
453,Gaming Console,Gaming,2,Battery life is very poor,Negative,49873.05,Yes,2025-05-28
454,Bluetooth Speaker,Audio,1,Very bad experience with this product,Negative,7167.9,No,2025-10-12
455,Router,Networking,3,Average experience with this product,Neutral,1137.11,Yes,2025-06-28
456,Router,Networking,4,Excellent product with great performance,Positive,13908.04,No,2025-10-17
457,Smart TV,Home Entertainment,4,"Amazing product, highly recommended",Positive,165988.77,Yes,2025-02-23
458,Tablet,Computing,4,Excellent build quality and smooth performance,Positive,23309.07,Yes,2025-04-19
459,Monitor,Computing,5,Works perfectly and looks premium,Positive,47728.77,Yes,2025-03-20
460,External SSD,Storage,4,Fast performance and reliable,Positive,29567.59,Yes,2025-05-29
461,Keyboard,Accessories,3,Performance is acceptable,Neutral,4396.96,Yes,2025-10-25
462,Gaming Console,Gaming,3,Product meets basic expectations,Neutral,65194.81,Yes,2025-02-11
463,Router,Networking,3,Product meets basic expectations,Neutral,4079.95,Yes,2025-09-24
464,Printer,Office Electronics,4,Works perfectly and looks premium,Positive,46944.18,Yes,2025-10-31
465,Headphones,Audio,5,Very good product and worth the price,Positive,512.79,Yes,2025-09-02
466,Earbuds,Audio,4,Great product with impressive features,Positive,7720.89,Yes,2025-08-24
467,Mouse,Accessories,3,Product meets basic expectations,Neutral,9771.4,Yes,2025-02-20
468,Power Bank,Power,3,Decent quality but has some limitations,Neutral,5628.97,Yes,2025-08-12
469,Webcam,Computer Accessories,2,Very bad experience with this product,Negative,5025.07,Yes,2025-03-24
470,Smartphone,Mobile,3,Product meets basic expectations,Neutral,96632.95,Yes,2025-03-31
471,Headphones,Audio,4,Very good product and worth the price,Positive,26993.52,Yes,2025-11-11
472,Webcam,Computer Accessories,5,Fast performance and reliable,Positive,10258.15,Yes,2025-08-13
473,Camera,Camera,4,"Amazing product, highly recommended",Positive,60105.32,Yes,2025-12-29
474,Gaming Console,Gaming,5,Really happy with the purchase,Positive,39222.62,Yes,2025-06-15
475,Headphones,Audio,4,Very good product and worth the price,Positive,28321.87,Yes,2025-05-11
476,Camera,Camera,5,"Amazing product, highly recommended",Positive,61248.13,Yes,2025-12-30
477,Monitor,Computing,5,Really happy with the purchase,Positive,29081.11,Yes,2025-08-16
478,Router,Networking,4,Amazing quality and works perfectly,Positive,3765.22,Yes,2025-11-12
479,Laptop,Computing,2,Performance is slow and unreliable,Negative,45840.89,Yes,2025-01-17
480,Earbuds,Audio,5,Good quality and easy to use,Positive,13289.61,Yes,2025-07-11
481,Camera,Camera,4,Works perfectly and looks premium,Positive,114259.59,No,2025-10-26
482,Camera,Camera,1,Performance is slow and unreliable,Negative,35387.9,No,2025-10-23
483,USB Flash Drive,Storage,5,Fast performance and reliable,Positive,982.42,Yes,2025-09-18
484,USB Flash Drive,Storage,1,Battery life is very poor,Negative,476.99,Yes,2025-03-02
485,Smartphone,Mobile,3,Average experience with this product,Neutral,10754.07,Yes,2025-07-19
486,Laptop,Computing,4,Excellent product with great performance,Positive,56770.51,Yes,2025-02-07
487,Monitor,Computing,4,Fast performance and reliable,Positive,61030.05,Yes,2025-10-20
488,Smart TV,Home Entertainment,1,Very bad experience with this product,Negative,17732.44,No,2025-08-19
489,Mouse,Accessories,2,Not worth the price,Negative,3253.43,Yes,2025-03-12
490,Printer,Office Electronics,1,Very bad experience with this product,Negative,30415.46,Yes,2025-09-23
491,Laptop,Computing,4,Really happy with the purchase,Positive,141555.54,Yes,2025-09-20
492,Smart TV,Home Entertainment,3,Decent quality but has some limitations,Neutral,140410.0,Yes,2025-01-20
493,Laptop,Computing,4,Very good product and worth the price,Positive,178263.67,Yes,2025-02-02
494,USB Flash Drive,Storage,1,Performance is slow and unreliable,Negative,1595.45,No,2025-03-15
495,Printer,Office Electronics,2,Performance is slow and unreliable,Negative,5006.24,Yes,2025-01-26
496,Earbuds,Audio,1,Very disappointed with the purchase,Negative,1436.37,Yes,2025-07-16
497,Bluetooth Speaker,Audio,4,Very good product and worth the price,Positive,3647.55,Yes,2025-11-18
498,Charger,Power,3,Nothing special but it works fine,Neutral,4883.62,Yes,2025-01-23
499,Router,Networking,4,Great product with impressive features,Positive,11830.92,Yes,2025-08-13
500,Tablet,Computing,5,Fast performance and reliable,Positive,81943.17,Yes,2025-06-04
501,Headphones,Audio,3,Decent quality but has some limitations,Neutral,29559.83,Yes,2025-11-02
502,External SSD,Storage,3,Performance is acceptable,Neutral,25795.23,No,2025-06-25
503,USB Flash Drive,Storage,4,"Amazing product, highly recommended",Positive,2215.79,Yes,2025-09-02
504,Smartwatch,Wearable,3,Good enough for basic use,Neutral,43980.25,Yes,2025-12-03
505,Printer,Office Electronics,3,Decent quality but has some limitations,Neutral,24518.79,Yes,2025-02-19
506,Printer,Office Electronics,1,Product has several issues,Negative,10128.56,Yes,2025-04-26
507,Printer,Office Electronics,4,"Amazing product, highly recommended",Positive,29665.91,Yes,2025-04-09
508,Headphones,Audio,2,Frequent problems while using the product,Negative,27514.55,Yes,2025-03-03
509,Gaming Console,Gaming,1,Very bad experience with this product,Negative,68149.61,No,2025-08-25
510,Smartwatch,Wearable,5,Amazing quality and works perfectly,Positive,20993.47,Yes,2025-01-03
511,Smartwatch,Wearable,1,Product has several issues,Negative,42961.01,Yes,2025-05-21
512,Laptop,Computing,1,Battery life is very poor,Negative,99627.37,Yes,2025-02-14
513,Mouse,Accessories,2,Frequent problems while using the product,Negative,6940.37,Yes,2025-08-13
514,Router,Networking,3,Good enough for basic use,Neutral,7329.57,No,2025-10-02
515,Smartwatch,Wearable,4,Very good product and worth the price,Positive,10943.63,No,2025-06-20
516,Smartwatch,Wearable,5,Great product with impressive features,Positive,16703.31,Yes,2025-06-12
517,Earbuds,Audio,1,Product stopped working after a few days,Negative,21941.51,Yes,2025-06-14
518,Smartwatch,Wearable,4,"Amazing product, highly recommended",Positive,49503.89,Yes,2025-03-14
519,USB Flash Drive,Storage,2,Very disappointed with the purchase,Negative,1540.41,No,2025-05-18
520,Smartwatch,Wearable,5,Fast performance and reliable,Positive,9520.13,Yes,2025-12-07
521,Earbuds,Audio,3,Decent quality but has some limitations,Neutral,2241.53,Yes,2025-01-16
522,Bluetooth Speaker,Audio,4,Works perfectly and looks premium,Positive,22811.53,Yes,2025-10-15
523,Headphones,Audio,4,Works perfectly and looks premium,Positive,16076.01,No,2025-03-02
524,Webcam,Computer Accessories,3,It is okay but could be improved,Neutral,11565.9,Yes,2025-02-11
525,Headphones,Audio,5,Amazing quality and works perfectly,Positive,1833.59,Yes,2025-04-15
526,Mouse,Accessories,5,Excellent build quality and smooth performance,Positive,1086.25,Yes,2025-04-09
527,Charger,Power,4,Very good product and worth the price,Positive,4598.73,Yes,2025-04-26
528,Earbuds,Audio,4,Very good product and worth the price,Positive,14629.91,Yes,2025-11-07
529,Mouse,Accessories,3,Product meets basic expectations,Neutral,2426.3,No,2025-11-27
530,Smartwatch,Wearable,1,Poor quality and disappointing performance,Negative,11561.87,Yes,2025-09-10
531,Mouse,Accessories,3,Performance is acceptable,Neutral,2636.76,No,2025-02-23
532,Smartphone,Mobile,2,Poor quality and disappointing performance,Negative,15140.88,Yes,2025-12-12
533,Keyboard,Accessories,5,"Amazing product, highly recommended",Positive,1221.57,No,2025-11-06
534,Monitor,Computing,5,Fast performance and reliable,Positive,59278.92,Yes,2025-01-28
535,Monitor,Computing,3,Product is okay for the price,Neutral,25518.0,Yes,2025-05-22
536,Tablet,Computing,4,"Amazing product, highly recommended",Positive,44601.85,Yes,2025-10-11
537,Smart TV,Home Entertainment,2,Frequent problems while using the product,Negative,114412.14,Yes,2025-02-02
538,Smartphone,Mobile,4,Amazing quality and works perfectly,Positive,43847.18,Yes,2025-01-28
539,Tablet,Computing,2,Frequent problems while using the product,Negative,53090.78,Yes,2025-08-10
540,Tablet,Computing,5,Great product with impressive features,Positive,87850.96,Yes,2025-05-03
541,Smart TV,Home Entertainment,1,Product has several issues,Negative,60158.4,Yes,2025-06-11
542,Bluetooth Speaker,Audio,5,Excellent product with great performance,Positive,23904.78,Yes,2025-10-01
543,Keyboard,Accessories,4,Excellent build quality and smooth performance,Positive,4327.26,Yes,2025-07-18
544,External SSD,Storage,5,Amazing quality and works perfectly,Positive,8047.59,Yes,2025-09-17
545,Laptop,Computing,5,Really happy with the purchase,Positive,40898.81,Yes,2025-02-16
546,Laptop,Computing,4,Great product with impressive features,Positive,132630.23,Yes,2025-01-01
547,Smartwatch,Wearable,3,Features are satisfactory,Neutral,21464.24,Yes,2025-04-02
548,Gaming Console,Gaming,4,Excellent product with great performance,Positive,67373.48,Yes,2025-03-15
549,Smart TV,Home Entertainment,3,Performance is acceptable,Neutral,39544.16,Yes,2025-04-29
550,Camera,Camera,5,Good quality and easy to use,Positive,160753.87,Yes,2025-10-12
551,Printer,Office Electronics,1,Poor quality and disappointing performance,Negative,5584.42,Yes,2025-02-25
552,Printer,Office Electronics,3,Average experience with this product,Neutral,15522.35,No,2025-02-16
553,Earbuds,Audio,5,"Amazing product, highly recommended",Positive,15436.36,No,2025-03-15
554,Smartwatch,Wearable,4,Very good product and worth the price,Positive,4217.88,Yes,2025-04-30
555,Smartwatch,Wearable,4,Great product with impressive features,Positive,19795.59,No,2025-03-14
556,External SSD,Storage,4,Excellent build quality and smooth performance,Positive,18164.9,Yes,2025-03-09
557,Gaming Console,Gaming,5,Fast performance and reliable,Positive,65017.26,No,2025-07-31
558,Printer,Office Electronics,5,Great product with impressive features,Positive,36754.52,No,2025-02-10
559,Power Bank,Power,5,Amazing quality and works perfectly,Positive,1866.9,Yes,2025-02-26
560,Smart TV,Home Entertainment,4,Really happy with the purchase,Positive,28906.52,No,2025-11-02
561,Printer,Office Electronics,1,Poor quality and disappointing performance,Negative,21936.13,Yes,2025-01-07
562,USB Flash Drive,Storage,4,Fast performance and reliable,Positive,1431.79,Yes,2025-01-23
563,USB Flash Drive,Storage,4,Works perfectly and looks premium,Positive,1736.75,Yes,2025-01-26
564,Tablet,Computing,5,Excellent product with great performance,Positive,40823.62,Yes,2025-07-15
565,Router,Networking,4,Amazing quality and works perfectly,Positive,8546.38,Yes,2025-09-11
566,Webcam,Computer Accessories,2,Not worth the price,Negative,10853.41,Yes,2025-09-10
567,Earbuds,Audio,5,Very good product and worth the price,Positive,727.94,Yes,2025-09-09
568,USB Flash Drive,Storage,2,Battery life is very poor,Negative,1700.61,Yes,2025-01-22
569,Monitor,Computing,5,Works perfectly and looks premium,Positive,25563.17,No,2025-05-06
570,Headphones,Audio,3,It is okay but could be improved,Neutral,7468.58,No,2025-08-20
571,Router,Networking,4,"Amazing product, highly recommended",Positive,15983.76,No,2025-09-06
572,Smartwatch,Wearable,5,Fast performance and reliable,Positive,13687.95,Yes,2025-05-02
573,Mouse,Accessories,3,Nothing special but it works fine,Neutral,1764.36,No,2025-11-06
574,Webcam,Computer Accessories,5,Great product with impressive features,Positive,17184.69,Yes,2025-11-01
575,Smartwatch,Wearable,5,Great product with impressive features,Positive,20072.66,Yes,2025-10-07
576,Smartwatch,Wearable,4,Fast performance and reliable,Positive,10425.65,Yes,2025-10-19
577,Webcam,Computer Accessories,2,Frequent problems while using the product,Negative,15272.95,Yes,2025-12-22
578,External SSD,Storage,5,Works perfectly and looks premium,Positive,20743.71,Yes,2025-10-17
579,Mouse,Accessories,5,Great product with impressive features,Positive,9469.41,Yes,2025-08-02
580,Keyboard,Accessories,3,"Average product, works as expected",Neutral,13228.04,No,2025-05-26
581,Smart TV,Home Entertainment,5,Really happy with the purchase,Positive,143448.34,Yes,2025-05-13
582,Router,Networking,5,Excellent product with great performance,Positive,4058.83,No,2025-10-28
583,Webcam,Computer Accessories,3,Product meets basic expectations,Neutral,10180.44,Yes,2025-04-19
584,Laptop,Computing,5,Fast performance and reliable,Positive,47818.3,Yes,2025-08-18
585,Power Bank,Power,4,Good quality and easy to use,Positive,4755.67,Yes,2025-07-03
586,Router,Networking,4,Excellent build quality and smooth performance,Positive,18418.89,No,2025-05-19
587,Smartphone,Mobile,4,Excellent build quality and smooth performance,Positive,8428.17,Yes,2025-06-14
588,Power Bank,Power,4,Really happy with the purchase,Positive,7107.31,Yes,2025-01-30
589,Laptop,Computing,5,Great product with impressive features,Positive,110897.71,No,2025-09-16
590,Webcam,Computer Accessories,2,Performance is slow and unreliable,Negative,3873.74,Yes,2025-01-25
591,Gaming Console,Gaming,3,Performance is acceptable,Neutral,72072.62,No,2025-01-27
592,Smartwatch,Wearable,2,Very bad experience with this product,Negative,27539.47,Yes,2025-04-02
593,Power Bank,Power,2,Very bad experience with this product,Negative,4026.79,Yes,2025-07-13
594,Tablet,Computing,3,Good enough for basic use,Neutral,54974.64,Yes,2025-04-20
595,USB Flash Drive,Storage,5,Fast performance and reliable,Positive,992.65,Yes,2025-11-18
596,Smartwatch,Wearable,2,Product stopped working after a few days,Negative,6967.8,Yes,2025-12-05
597,Camera,Camera,5,Great product with impressive features,Positive,173850.2,Yes,2025-05-24
598,Laptop,Computing,3,Product meets basic expectations,Neutral,162061.78,No,2025-12-31
599,Smartwatch,Wearable,3,It is okay but could be improved,Neutral,35181.25,Yes,2025-02-02
600,Smart TV,Home Entertainment,4,Amazing quality and works perfectly,Positive,170545.26,Yes,2025-02-22
601,Monitor,Computing,4,Really happy with the purchase,Positive,68513.1,Yes,2025-05-07
602,Tablet,Computing,1,Product stopped working after a few days,Negative,12883.65,Yes,2025-12-11
603,Gaming Console,Gaming,4,Excellent product with great performance,Positive,67402.52,Yes,2025-07-03
604,Headphones,Audio,4,Works perfectly and looks premium,Positive,23276.73,Yes,2025-09-15
605,Charger,Power,4,"Amazing product, highly recommended",Positive,1944.89,Yes,2025-08-27
606,USB Flash Drive,Storage,3,Product is okay for the price,Neutral,2226.29,No,2025-07-01
607,Gaming Console,Gaming,3,Performance is acceptable,Neutral,66001.95,Yes,2025-12-07
608,Headphones,Audio,5,Fast performance and reliable,Positive,29603.36,Yes,2025-12-15
609,Headphones,Audio,5,Amazing quality and works perfectly,Positive,29640.84,Yes,2025-06-13
610,Headphones,Audio,5,Works perfectly and looks premium,Positive,14478.36,Yes,2025-09-18
611,Camera,Camera,5,Great product with impressive features,Positive,202648.92,Yes,2025-08-16
612,Gaming Console,Gaming,2,Poor quality and disappointing performance,Negative,50633.38,Yes,2025-08-05
613,Power Bank,Power,3,Decent quality but has some limitations,Neutral,7034.91,Yes,2025-02-07
614,Monitor,Computing,2,Build quality is poor,Negative,54079.85,Yes,2025-03-18
615,Laptop,Computing,5,Fast performance and reliable,Positive,170496.06,No,2025-12-28
616,USB Flash Drive,Storage,4,Good quality and easy to use,Positive,4987.03,Yes,2025-03-31
617,Gaming Console,Gaming,2,Poor quality and disappointing performance,Negative,43160.32,Yes,2025-08-26
618,Camera,Camera,2,Product stopped working after a few days,Negative,245347.86,Yes,2025-11-29
619,Tablet,Computing,5,Excellent build quality and smooth performance,Positive,72326.17,Yes,2025-08-08
620,Earbuds,Audio,5,Great product with impressive features,Positive,6333.11,Yes,2025-03-20
621,Bluetooth Speaker,Audio,3,Product meets basic expectations,Neutral,890.87,Yes,2025-11-10
622,Charger,Power,4,Excellent build quality and smooth performance,Positive,3514.04,No,2025-01-12
623,External SSD,Storage,5,Excellent product with great performance,Positive,9004.25,Yes,2025-09-21
624,Printer,Office Electronics,3,Features are satisfactory,Neutral,15412.04,No,2025-04-08
625,Power Bank,Power,5,Really happy with the purchase,Positive,4775.61,Yes,2025-08-22
626,Monitor,Computing,5,Amazing quality and works perfectly,Positive,8288.52,Yes,2025-06-25
627,Keyboard,Accessories,2,Very bad experience with this product,Negative,6537.35,Yes,2025-07-27
628,Router,Networking,5,Very good product and worth the price,Positive,16188.1,Yes,2025-05-20
629,Bluetooth Speaker,Audio,2,Not worth the price,Negative,1596.0,Yes,2025-07-13
630,Keyboard,Accessories,4,Really happy with the purchase,Positive,9547.15,No,2025-12-08
631,External SSD,Storage,3,Product meets basic expectations,Neutral,7276.25,No,2025-10-29
632,Power Bank,Power,5,Fast performance and reliable,Positive,7012.44,No,2025-06-02
633,Mouse,Accessories,5,Fast performance and reliable,Positive,4089.66,Yes,2025-12-10
634,Router,Networking,4,Excellent build quality and smooth performance,Positive,16430.32,No,2025-11-21
635,Earbuds,Audio,3,Performance is acceptable,Neutral,18233.6,No,2025-08-17
636,Laptop,Computing,2,Product stopped working after a few days,Negative,161675.27,Yes,2025-08-06
637,External SSD,Storage,5,Excellent product with great performance,Positive,16955.22,Yes,2025-01-14
638,Mouse,Accessories,5,"Amazing product, highly recommended",Positive,5015.3,Yes,2025-07-11
639,Bluetooth Speaker,Audio,4,Very good product and worth the price,Positive,1892.97,Yes,2025-03-19
640,Laptop,Computing,4,Really happy with the purchase,Positive,110072.11,Yes,2025-02-28
641,Webcam,Computer Accessories,4,"Amazing product, highly recommended",Positive,10917.55,No,2025-11-10
642,Router,Networking,2,Performance is slow and unreliable,Negative,12521.5,No,2025-04-09
643,Earbuds,Audio,2,Battery life is very poor,Negative,3710.03,No,2025-08-13
644,Camera,Camera,4,Works perfectly and looks premium,Positive,146492.78,Yes,2025-11-13
645,Mouse,Accessories,5,Amazing quality and works perfectly,Positive,4704.11,Yes,2025-08-07
646,Bluetooth Speaker,Audio,4,Amazing quality and works perfectly,Positive,18202.5,Yes,2025-10-12
647,Bluetooth Speaker,Audio,3,Product is okay for the price,Neutral,20088.06,Yes,2025-10-10
648,Laptop,Computing,1,Product stopped working after a few days,Negative,84213.51,Yes,2025-06-13
649,Smart TV,Home Entertainment,2,Battery life is very poor,Negative,108249.82,No,2025-12-03
650,Webcam,Computer Accessories,3,It is okay but could be improved,Neutral,8506.86,Yes,2025-11-28
651,Printer,Office Electronics,4,Excellent product with great performance,Positive,39447.05,No,2025-05-04
652,Bluetooth Speaker,Audio,4,Really happy with the purchase,Positive,24055.57,Yes,2025-10-27
653,Smart TV,Home Entertainment,4,Good quality and easy to use,Positive,69194.16,Yes,2025-03-08
654,Earbuds,Audio,5,Amazing quality and works perfectly,Positive,6858.88,Yes,2025-02-10
655,USB Flash Drive,Storage,5,"Amazing product, highly recommended",Positive,3488.12,Yes,2025-07-13
656,Tablet,Computing,4,Fast performance and reliable,Positive,79661.46,No,2025-08-10
657,Bluetooth Speaker,Audio,2,Very disappointed with the purchase,Negative,1117.27,Yes,2025-08-01
658,Charger,Power,3,It is okay but could be improved,Neutral,2308.95,Yes,2025-10-19
659,Smart TV,Home Entertainment,1,Product has several issues,Negative,71930.21,No,2025-05-23
660,Earbuds,Audio,5,Excellent build quality and smooth performance,Positive,19279.75,Yes,2025-10-23
661,Keyboard,Accessories,4,Excellent product with great performance,Positive,2581.34,Yes,2025-11-26
662,USB Flash Drive,Storage,5,Fast performance and reliable,Positive,3957.76,No,2025-02-03
663,Mouse,Accessories,3,Decent quality but has some limitations,Neutral,6715.64,Yes,2025-06-13
664,Gaming Console,Gaming,4,Works perfectly and looks premium,Positive,71361.13,Yes,2025-03-23
665,Keyboard,Accessories,4,Fast performance and reliable,Positive,14858.53,Yes,2025-08-28
666,Smartphone,Mobile,5,Excellent product with great performance,Positive,61374.17,Yes,2025-05-31
667,Earbuds,Audio,3,Product meets basic expectations,Neutral,17635.58,Yes,2025-04-13
668,Charger,Power,4,Excellent product with great performance,Positive,3636.82,Yes,2025-04-02
669,Smartphone,Mobile,2,Performance is slow and unreliable,Negative,102592.2,Yes,2025-05-10
670,Headphones,Audio,4,Amazing quality and works perfectly,Positive,15784.69,Yes,2025-02-09
671,Smart TV,Home Entertainment,4,Amazing quality and works perfectly,Positive,34914.83,Yes,2025-02-08
672,Smartphone,Mobile,3,It is okay but could be improved,Neutral,117688.65,Yes,2025-08-18
673,Headphones,Audio,5,Fast performance and reliable,Positive,2176.7,Yes,2025-12-11
674,Camera,Camera,4,Really happy with the purchase,Positive,241534.26,Yes,2025-07-05
675,Charger,Power,4,Excellent product with great performance,Positive,1500.18,No,2025-12-05
676,Headphones,Audio,5,Really happy with the purchase,Positive,15028.28,Yes,2025-02-26
677,Laptop,Computing,3,Average experience with this product,Neutral,172599.23,Yes,2025-12-22
678,Printer,Office Electronics,4,Amazing quality and works perfectly,Positive,35449.72,Yes,2025-08-03
679,Charger,Power,5,Great product with impressive features,Positive,3052.14,Yes,2025-09-29
680,Charger,Power,4,Excellent product with great performance,Positive,1831.7,Yes,2025-01-23
681,Laptop,Computing,5,Fast performance and reliable,Positive,73860.91,Yes,2025-08-09
682,Headphones,Audio,5,Fast performance and reliable,Positive,1466.94,Yes,2025-05-20
683,Laptop,Computing,4,Fast performance and reliable,Positive,117949.83,Yes,2025-11-24
684,Smart TV,Home Entertainment,3,Good enough for basic use,Neutral,94568.73,Yes,2025-10-17
685,External SSD,Storage,5,Fast performance and reliable,Positive,9056.13,Yes,2025-11-12
686,Power Bank,Power,5,Excellent build quality and smooth performance,Positive,3566.34,Yes,2025-11-21
687,Gaming Console,Gaming,4,"Amazing product, highly recommended",Positive,76751.82,Yes,2025-09-21
688,Smartwatch,Wearable,5,Great product with impressive features,Positive,42647.41,Yes,2025-03-31
689,Smart TV,Home Entertainment,4,Fast performance and reliable,Positive,94625.35,Yes,2025-04-14
690,Power Bank,Power,4,Works perfectly and looks premium,Positive,7855.66,No,2025-11-10
691,Power Bank,Power,4,Really happy with the purchase,Positive,4127.25,Yes,2025-08-08
692,Smart TV,Home Entertainment,4,Excellent build quality and smooth performance,Positive,79591.25,Yes,2025-11-22
693,Laptop,Computing,4,Very good product and worth the price,Positive,88188.09,Yes,2025-10-18
694,Keyboard,Accessories,2,Battery life is very poor,Negative,13181.94,Yes,2025-08-10
695,Laptop,Computing,4,Amazing quality and works perfectly,Positive,70163.21,Yes,2025-02-25
696,Keyboard,Accessories,4,Good quality and easy to use,Positive,3720.49,No,2025-12-25
697,Earbuds,Audio,1,Very disappointed with the purchase,Negative,24033.41,Yes,2025-03-30
698,Mouse,Accessories,2,Very bad experience with this product,Negative,7422.41,Yes,2025-03-31
699,Router,Networking,5,Works perfectly and looks premium,Positive,15511.84,Yes,2025-02-23
700,Earbuds,Audio,3,Product meets basic expectations,Neutral,18637.11,Yes,2025-01-26
701,Laptop,Computing,4,Amazing quality and works perfectly,Positive,132436.1,Yes,2025-05-17
702,Smartwatch,Wearable,3,Product is okay for the price,Neutral,5925.53,No,2025-11-04
703,Router,Networking,2,Product stopped working after a few days,Negative,15319.9,Yes,2025-11-13
704,Charger,Power,4,Very good product and worth the price,Positive,1469.93,Yes,2025-06-29
705,Smart TV,Home Entertainment,5,Fast performance and reliable,Positive,39494.97,No,2025-04-25
706,Printer,Office Electronics,4,Very good product and worth the price,Positive,49235.13,Yes,2025-05-07
707,Smartwatch,Wearable,5,Fast performance and reliable,Positive,2851.39,Yes,2025-12-02
708,Router,Networking,4,Works perfectly and looks premium,Positive,1601.09,Yes,2025-01-21
709,Laptop,Computing,3,Performance is acceptable,Neutral,76486.88,Yes,2025-01-21
710,Laptop,Computing,3,Good enough for basic use,Neutral,156630.31,Yes,2025-01-24
711,External SSD,Storage,5,Great product with impressive features,Positive,29404.49,No,2025-11-21
712,Keyboard,Accessories,4,Excellent build quality and smooth performance,Positive,2218.65,Yes,2025-02-03
713,Smart TV,Home Entertainment,1,Build quality is poor,Negative,88156.37,Yes,2025-12-10
714,Smartphone,Mobile,5,Really happy with the purchase,Positive,90241.8,Yes,2025-03-09
715,Power Bank,Power,4,Excellent build quality and smooth performance,Positive,5447.8,Yes,2025-07-20
716,Bluetooth Speaker,Audio,5,Really happy with the purchase,Positive,7614.6,Yes,2025-12-21
717,Smart TV,Home Entertainment,5,Excellent build quality and smooth performance,Positive,75903.1,No,2025-02-12
718,Gaming Console,Gaming,4,Excellent build quality and smooth performance,Positive,57690.61,Yes,2025-04-13
719,External SSD,Storage,4,Really happy with the purchase,Positive,3955.98,Yes,2025-09-23
720,Earbuds,Audio,3,Good enough for basic use,Neutral,19076.61,Yes,2025-10-26
721,Printer,Office Electronics,3,Nothing special but it works fine,Neutral,17393.22,Yes,2025-11-28
722,USB Flash Drive,Storage,5,Works perfectly and looks premium,Positive,4193.23,Yes,2025-01-08
723,External SSD,Storage,5,Works perfectly and looks premium,Positive,21459.06,Yes,2025-10-11
724,Mouse,Accessories,5,Works perfectly and looks premium,Positive,6560.52,No,2025-04-28
725,Webcam,Computer Accessories,5,Very good product and worth the price,Positive,15579.86,Yes,2025-07-23
726,Gaming Console,Gaming,4,Fast performance and reliable,Positive,29132.4,Yes,2025-11-27
727,Laptop,Computing,4,Good quality and easy to use,Positive,68995.61,Yes,2025-11-26
728,Printer,Office Electronics,4,Very good product and worth the price,Positive,28478.19,Yes,2025-03-09
729,Smartphone,Mobile,3,Performance is acceptable,Neutral,95041.51,Yes,2025-06-21
730,Gaming Console,Gaming,4,Very good product and worth the price,Positive,71698.07,Yes,2025-04-14
731,Headphones,Audio,4,Very good product and worth the price,Positive,11772.06,Yes,2025-08-13
732,Printer,Office Electronics,5,Very good product and worth the price,Positive,40714.14,No,2025-10-29
733,Router,Networking,5,Great product with impressive features,Positive,5185.21,Yes,2025-04-27
734,USB Flash Drive,Storage,1,Battery life is very poor,Negative,687.45,Yes,2025-02-14
735,Gaming Console,Gaming,3,Nothing special but it works fine,Neutral,38562.09,Yes,2025-01-24
736,Charger,Power,5,Fast performance and reliable,Positive,4544.8,Yes,2025-01-20
737,Printer,Office Electronics,2,Not worth the price,Negative,29481.64,Yes,2025-05-14
738,Earbuds,Audio,2,Frequent problems while using the product,Negative,12293.05,Yes,2025-12-19
739,Power Bank,Power,4,Really happy with the purchase,Positive,6152.01,No,2025-04-02
740,Earbuds,Audio,2,Product has several issues,Negative,747.28,Yes,2025-05-28
741,Tablet,Computing,2,Poor quality and disappointing performance,Negative,20647.28,Yes,2025-09-04
742,Printer,Office Electronics,4,Really happy with the purchase,Positive,9482.12,Yes,2025-08-29
743,Mouse,Accessories,5,Very good product and worth the price,Positive,1480.17,Yes,2025-04-09
744,Laptop,Computing,1,Product has several issues,Negative,98017.55,Yes,2025-02-16
745,USB Flash Drive,Storage,2,Build quality is poor,Negative,1619.21,Yes,2025-02-27
746,Webcam,Computer Accessories,3,Features are satisfactory,Neutral,15928.78,Yes,2025-03-22
747,Gaming Console,Gaming,5,Very good product and worth the price,Positive,71147.15,Yes,2025-02-01
748,Bluetooth Speaker,Audio,2,Not worth the price,Negative,27808.23,Yes,2025-06-17
749,Printer,Office Electronics,5,Great product with impressive features,Positive,13822.81,Yes,2025-08-24
750,Router,Networking,4,Amazing quality and works perfectly,Positive,10554.18,Yes,2025-09-04
751,Earbuds,Audio,4,Very good product and worth the price,Positive,1693.1,Yes,2025-11-28
752,Bluetooth Speaker,Audio,4,Great product with impressive features,Positive,7805.32,Yes,2025-04-18
753,Smart TV,Home Entertainment,4,Excellent product with great performance,Positive,128789.31,No,2025-08-27
754,Smart TV,Home Entertainment,5,Works perfectly and looks premium,Positive,93142.58,No,2025-11-19
755,Gaming Console,Gaming,4,Amazing quality and works perfectly,Positive,62988.46,No,2025-01-11
756,Smartphone,Mobile,5,Excellent product with great performance,Positive,101993.47,No,2025-10-13
757,Headphones,Audio,5,Excellent build quality and smooth performance,Positive,2256.29,No,2025-02-02
758,Monitor,Computing,4,Excellent build quality and smooth performance,Positive,75457.36,Yes,2025-07-21
759,Power Bank,Power,4,Very good product and worth the price,Positive,1105.3,Yes,2025-10-31
760,Printer,Office Electronics,4,Excellent product with great performance,Positive,49175.09,Yes,2025-06-17
761,USB Flash Drive,Storage,3,Performance is acceptable,Neutral,3296.87,Yes,2025-07-24
762,Earbuds,Audio,5,Fast performance and reliable,Positive,1560.85,No,2025-08-15
763,Tablet,Computing,5,Works perfectly and looks premium,Positive,45426.59,Yes,2025-07-30
764,Earbuds,Audio,3,Nothing special but it works fine,Neutral,6826.11,Yes,2025-09-25
765,Headphones,Audio,5,Fast performance and reliable,Positive,24057.88,Yes,2025-11-10
766,Printer,Office Electronics,4,"Amazing product, highly recommended",Positive,15145.48,Yes,2025-02-19
767,Smartphone,Mobile,5,Very good product and worth the price,Positive,100535.8,Yes,2025-06-01
768,USB Flash Drive,Storage,5,Amazing quality and works perfectly,Positive,1768.0,Yes,2025-11-08
769,Gaming Console,Gaming,2,Very bad experience with this product,Negative,79402.9,Yes,2025-05-20
770,Tablet,Computing,4,Amazing quality and works perfectly,Positive,34336.82,Yes,2025-06-28
771,Gaming Console,Gaming,1,Build quality is poor,Negative,62672.84,Yes,2025-09-28
772,Charger,Power,1,Poor quality and disappointing performance,Negative,4060.91,Yes,2025-12-08
773,Smartphone,Mobile,4,"Amazing product, highly recommended",Positive,32243.45,Yes,2025-04-02
774,Headphones,Audio,1,Frequent problems while using the product,Negative,2734.79,No,2025-12-15
775,Bluetooth Speaker,Audio,4,Fast performance and reliable,Positive,16896.43,Yes,2025-09-17
776,Headphones,Audio,2,Very disappointed with the purchase,Negative,20473.83,Yes,2025-01-12
777,Charger,Power,2,Poor quality and disappointing performance,Negative,4141.2,No,2025-11-11
778,Camera,Camera,5,"Amazing product, highly recommended",Positive,86371.89,No,2025-05-21
779,Smartwatch,Wearable,4,Really happy with the purchase,Positive,43805.87,Yes,2025-04-14
780,Tablet,Computing,2,Very disappointed with the purchase,Negative,92419.0,Yes,2025-07-12
781,Gaming Console,Gaming,4,Great product with impressive features,Positive,67855.28,No,2025-07-30
782,Mouse,Accessories,3,Features are satisfactory,Neutral,373.69,Yes,2025-07-16
783,Earbuds,Audio,5,Very good product and worth the price,Positive,2636.8,Yes,2025-01-21
784,Earbuds,Audio,5,Great product with impressive features,Positive,24944.57,Yes,2025-10-28
785,Smartphone,Mobile,4,Excellent build quality and smooth performance,Positive,90202.25,No,2025-05-05
786,Printer,Office Electronics,3,Performance is acceptable,Neutral,33205.62,No,2025-02-21
787,USB Flash Drive,Storage,3,Good enough for basic use,Neutral,4536.4,Yes,2025-07-26
788,Charger,Power,2,Frequent problems while using the product,Negative,486.31,No,2025-08-16
789,Bluetooth Speaker,Audio,2,Very bad experience with this product,Negative,22915.43,Yes,2025-02-07
790,Headphones,Audio,2,Battery life is very poor,Negative,19812.99,Yes,2025-12-11
791,Bluetooth Speaker,Audio,5,Excellent product with great performance,Positive,25568.05,Yes,2025-08-08
792,Webcam,Computer Accessories,5,Excellent build quality and smooth performance,Positive,15780.18,Yes,2025-12-30
793,Laptop,Computing,2,Product has several issues,Negative,102739.63,Yes,2025-09-02
794,USB Flash Drive,Storage,4,Good quality and easy to use,Positive,633.55,Yes,2025-01-04
795,Bluetooth Speaker,Audio,4,Amazing quality and works perfectly,Positive,27354.52,Yes,2025-03-18
796,Earbuds,Audio,5,"Amazing product, highly recommended",Positive,19205.81,Yes,2025-12-21
797,USB Flash Drive,Storage,5,Really happy with the purchase,Positive,1975.06,Yes,2025-07-24
798,Smart TV,Home Entertainment,3,Product is okay for the price,Neutral,197026.73,No,2025-02-14
799,Smart TV,Home Entertainment,4,Works perfectly and looks premium,Positive,72555.02,Yes,2025-01-28
800,Earbuds,Audio,5,Very good product and worth the price,Positive,9578.74,No,2025-07-15
801,Charger,Power,4,Fast performance and reliable,Positive,4880.98,Yes,2025-08-05
802,Earbuds,Audio,5,Great product with impressive features,Positive,16868.72,Yes,2025-03-31
803,Smartwatch,Wearable,5,Really happy with the purchase,Positive,44140.95,No,2025-03-13
804,Monitor,Computing,1,Poor quality and disappointing performance,Negative,71693.81,Yes,2025-08-10
805,Laptop,Computing,4,Excellent build quality and smooth performance,Positive,110467.25,Yes,2025-06-08
806,Smartwatch,Wearable,3,Nothing special but it works fine,Neutral,14447.89,No,2025-01-14
807,Charger,Power,4,Very good product and worth the price,Positive,4283.0,Yes,2025-01-22
808,Gaming Console,Gaming,5,Fast performance and reliable,Positive,52603.82,Yes,2025-03-28
809,Earbuds,Audio,4,Amazing quality and works perfectly,Positive,14326.6,Yes,2025-07-25
810,Charger,Power,3,Performance is acceptable,Neutral,2844.43,Yes,2025-04-20
811,External SSD,Storage,4,Amazing quality and works perfectly,Positive,3258.88,Yes,2025-01-06
812,Printer,Office Electronics,4,Excellent build quality and smooth performance,Positive,7064.11,No,2025-12-01
813,Charger,Power,4,"Amazing product, highly recommended",Positive,3197.01,Yes,2025-09-11
814,Headphones,Audio,1,Poor quality and disappointing performance,Negative,23935.9,Yes,2025-08-02
815,Router,Networking,3,Average experience with this product,Neutral,9683.73,Yes,2025-03-31
816,Smartwatch,Wearable,4,"Amazing product, highly recommended",Positive,10734.8,Yes,2025-09-16
817,Tablet,Computing,2,Very disappointed with the purchase,Negative,46597.19,Yes,2025-12-12
818,Monitor,Computing,4,"Amazing product, highly recommended",Positive,62855.94,No,2025-09-04
819,Bluetooth Speaker,Audio,4,"Amazing product, highly recommended",Positive,3971.74,Yes,2025-04-18
820,Tablet,Computing,1,Product has several issues,Negative,60417.9,Yes,2025-05-24
821,Laptop,Computing,3,Nothing special but it works fine,Neutral,135331.92,Yes,2025-12-06
822,Webcam,Computer Accessories,2,Build quality is poor,Negative,8900.83,No,2025-01-06
823,Gaming Console,Gaming,4,Excellent product with great performance,Positive,58069.42,Yes,2025-03-22
824,Router,Networking,2,Product stopped working after a few days,Negative,17786.06,Yes,2025-02-09
825,Laptop,Computing,3,Product is okay for the price,Neutral,61921.98,Yes,2025-08-23
826,External SSD,Storage,2,Performance is slow and unreliable,Negative,6647.25,Yes,2025-06-17
827,Monitor,Computing,2,Not worth the price,Negative,10502.77,No,2025-02-18
828,Router,Networking,3,Product meets basic expectations,Neutral,14798.05,Yes,2025-12-10
829,Mouse,Accessories,3,Decent quality but has some limitations,Neutral,9035.15,Yes,2025-07-21
830,Headphones,Audio,3,"Average product, works as expected",Neutral,20866.61,Yes,2025-04-01
831,Earbuds,Audio,3,It is okay but could be improved,Neutral,24423.1,No,2025-12-12
832,Tablet,Computing,3,Good enough for basic use,Neutral,73729.97,Yes,2025-09-12
833,USB Flash Drive,Storage,5,Excellent product with great performance,Positive,1655.93,Yes,2025-02-17
834,Keyboard,Accessories,2,Product has several issues,Negative,4206.05,No,2025-10-29
835,External SSD,Storage,2,Poor quality and disappointing performance,Negative,21000.07,No,2025-01-22
836,USB Flash Drive,Storage,4,Amazing quality and works perfectly,Positive,3476.31,Yes,2025-11-27
837,Smartwatch,Wearable,2,Battery life is very poor,Negative,26904.9,Yes,2025-05-24
838,Bluetooth Speaker,Audio,5,"Amazing product, highly recommended",Positive,16185.16,Yes,2025-04-18
839,Tablet,Computing,5,Good quality and easy to use,Positive,47497.73,No,2025-01-20
840,Smartphone,Mobile,5,Great product with impressive features,Positive,47191.16,Yes,2025-12-06
841,Smart TV,Home Entertainment,1,Product stopped working after a few days,Negative,132299.71,Yes,2025-07-24
842,Gaming Console,Gaming,3,Nothing special but it works fine,Neutral,66113.45,Yes,2025-08-10
843,Mouse,Accessories,5,Excellent product with great performance,Positive,8190.04,No,2025-11-07
844,Headphones,Audio,5,Great product with impressive features,Positive,9581.19,Yes,2025-07-05
845,Charger,Power,2,Very disappointed with the purchase,Negative,4331.35,Yes,2025-04-16
846,Power Bank,Power,4,Works perfectly and looks premium,Positive,2979.74,No,2025-10-12
847,Headphones,Audio,4,Very good product and worth the price,Positive,9493.91,Yes,2025-07-13
848,Smartphone,Mobile,4,Works perfectly and looks premium,Positive,98272.26,Yes,2025-03-29
849,Mouse,Accessories,4,Fast performance and reliable,Positive,9702.94,Yes,2025-11-05
850,Power Bank,Power,2,Build quality is poor,Negative,7512.03,No,2025-10-24
851,External SSD,Storage,3,Decent quality but has some limitations,Neutral,5999.14,Yes,2025-04-01
852,Monitor,Computing,2,Battery life is very poor,Negative,27347.27,Yes,2025-08-26
853,Laptop,Computing,5,Excellent product with great performance,Positive,143984.48,No,2025-12-03
854,Printer,Office Electronics,3,Average experience with this product,Neutral,41280.96,No,2025-10-19
855,Keyboard,Accessories,4,Really happy with the purchase,Positive,7811.86,Yes,2025-03-14
856,Router,Networking,4,Really happy with the purchase,Positive,1305.95,Yes,2025-11-09
857,Smartphone,Mobile,5,"Amazing product, highly recommended",Positive,64206.93,Yes,2025-01-21
858,Smartphone,Mobile,4,Works perfectly and looks premium,Positive,11488.46,Yes,2025-08-14
859,Smartphone,Mobile,3,Decent quality but has some limitations,Neutral,39516.29,Yes,2025-07-06
860,External SSD,Storage,4,Really happy with the purchase,Positive,20735.22,No,2025-01-14
861,Headphones,Audio,4,Very good product and worth the price,Positive,4470.77,Yes,2025-09-22
862,External SSD,Storage,4,Good quality and easy to use,Positive,22237.22,Yes,2025-04-19
863,Webcam,Computer Accessories,3,It is okay but could be improved,Neutral,12806.34,Yes,2025-11-08
864,Gaming Console,Gaming,3,Performance is acceptable,Neutral,48633.18,No,2025-11-17
865,Smart TV,Home Entertainment,2,Very bad experience with this product,Negative,83848.68,Yes,2025-08-04
866,Webcam,Computer Accessories,5,Amazing quality and works perfectly,Positive,18378.66,Yes,2025-08-17
867,Router,Networking,4,"Amazing product, highly recommended",Positive,11510.24,Yes,2025-01-20
868,USB Flash Drive,Storage,4,Very good product and worth the price,Positive,4477.83,No,2025-11-21
869,Camera,Camera,5,Great product with impressive features,Positive,117799.51,Yes,2025-09-06
870,Headphones,Audio,5,Very good product and worth the price,Positive,18041.89,Yes,2025-05-21
871,Tablet,Computing,5,Amazing quality and works perfectly,Positive,95914.78,No,2025-02-01
872,Monitor,Computing,4,Great product with impressive features,Positive,15182.36,Yes,2025-07-04
873,Mouse,Accessories,1,Not worth the price,Negative,2848.97,Yes,2025-11-25
874,Bluetooth Speaker,Audio,4,Works perfectly and looks premium,Positive,27567.46,Yes,2025-11-11
875,Tablet,Computing,5,Works perfectly and looks premium,Positive,47980.4,Yes,2025-02-06
876,Power Bank,Power,1,Build quality is poor,Negative,2758.65,Yes,2025-10-06
877,Mouse,Accessories,1,Product has several issues,Negative,9974.2,Yes,2025-01-30
878,Smart TV,Home Entertainment,4,Good quality and easy to use,Positive,33908.72,Yes,2025-05-18
879,Smart TV,Home Entertainment,1,Very bad experience with this product,Negative,128135.46,No,2025-06-13
880,Camera,Camera,5,Fast performance and reliable,Positive,202316.77,Yes,2025-01-09
881,Printer,Office Electronics,4,Very good product and worth the price,Positive,40403.25,Yes,2025-02-20
882,Bluetooth Speaker,Audio,1,Performance is slow and unreliable,Negative,13701.79,Yes,2025-11-18
883,Smart TV,Home Entertainment,5,Works perfectly and looks premium,Positive,23132.79,Yes,2025-08-18
884,Webcam,Computer Accessories,5,Excellent build quality and smooth performance,Positive,16979.51,No,2025-10-15
885,Tablet,Computing,3,Product meets basic expectations,Neutral,82246.37,Yes,2025-07-28
886,Router,Networking,3,Average experience with this product,Neutral,5510.23,Yes,2025-06-13
887,Mouse,Accessories,2,Performance is slow and unreliable,Negative,3603.12,Yes,2025-01-07
888,Earbuds,Audio,4,Fast performance and reliable,Positive,13058.51,Yes,2025-07-19
889,Keyboard,Accessories,4,Very good product and worth the price,Positive,2155.08,Yes,2025-10-09
890,Webcam,Computer Accessories,5,Works perfectly and looks premium,Positive,16590.73,Yes,2025-03-16
891,Webcam,Computer Accessories,5,"Amazing product, highly recommended",Positive,18519.9,No,2025-06-29
892,Bluetooth Speaker,Audio,4,Amazing quality and works perfectly,Positive,9799.27,Yes,2025-05-31
893,Mouse,Accessories,5,Great product with impressive features,Positive,9263.09,Yes,2025-11-14
894,Power Bank,Power,2,Very bad experience with this product,Negative,6566.26,Yes,2025-03-01
895,Router,Networking,5,Great product with impressive features,Positive,14828.68,No,2025-02-08
896,Mouse,Accessories,4,Really happy with the purchase,Positive,9700.79,Yes,2025-03-18
897,Monitor,Computing,5,Fast performance and reliable,Positive,30024.11,Yes,2025-02-27
898,Webcam,Computer Accessories,4,Good quality and easy to use,Positive,18397.21,No,2025-11-05
899,Monitor,Computing,3,Product is okay for the price,Neutral,13281.87,No,2025-04-06
900,Earbuds,Audio,2,Performance is slow and unreliable,Negative,12211.35,Yes,2025-05-13
901,Bluetooth Speaker,Audio,5,Very good product and worth the price,Positive,16918.73,Yes,2025-04-04
902,Bluetooth Speaker,Audio,3,Product meets basic expectations,Neutral,4386.07,Yes,2025-10-25
903,Charger,Power,3,Features are satisfactory,Neutral,3765.56,Yes,2025-08-31
904,Gaming Console,Gaming,1,Very disappointed with the purchase,Negative,51134.84,Yes,2025-06-22
905,Tablet,Computing,4,Great product with impressive features,Positive,50998.64,Yes,2025-10-19
906,Printer,Office Electronics,4,Really happy with the purchase,Positive,31164.78,Yes,2025-01-26
907,Earbuds,Audio,2,Not worth the price,Negative,3800.44,Yes,2025-09-05
908,Tablet,Computing,3,Good enough for basic use,Neutral,28002.26,Yes,2025-05-12
909,Gaming Console,Gaming,4,Amazing quality and works perfectly,Positive,34937.64,No,2025-05-19
910,Headphones,Audio,4,Excellent product with great performance,Positive,28582.01,Yes,2025-02-27
911,External SSD,Storage,4,Works perfectly and looks premium,Positive,23876.13,Yes,2025-02-05
912,Webcam,Computer Accessories,2,Product stopped working after a few days,Negative,11054.74,No,2025-09-11
913,Gaming Console,Gaming,2,Performance is slow and unreliable,Negative,61270.03,Yes,2025-11-07
914,External SSD,Storage,2,Very bad experience with this product,Negative,20549.41,Yes,2025-11-29
915,Mouse,Accessories,5,Amazing quality and works perfectly,Positive,2844.75,Yes,2025-03-30
916,Bluetooth Speaker,Audio,5,Really happy with the purchase,Positive,3328.95,Yes,2025-10-06
917,Camera,Camera,5,Very good product and worth the price,Positive,149861.22,Yes,2025-02-10
918,Monitor,Computing,4,Excellent product with great performance,Positive,25465.14,Yes,2025-10-12
919,Printer,Office Electronics,5,"Amazing product, highly recommended",Positive,44306.22,Yes,2025-07-26
920,Mouse,Accessories,4,Good quality and easy to use,Positive,2589.71,Yes,2025-11-11
921,Mouse,Accessories,4,Excellent build quality and smooth performance,Positive,5856.76,No,2025-01-25
922,Gaming Console,Gaming,4,Excellent product with great performance,Positive,48105.11,Yes,2025-10-11
923,Smartwatch,Wearable,5,Really happy with the purchase,Positive,37530.79,Yes,2025-06-20
924,Charger,Power,1,Product has several issues,Negative,4768.51,No,2025-07-27
925,External SSD,Storage,5,Great product with impressive features,Positive,14112.42,Yes,2025-07-16
926,External SSD,Storage,5,Excellent build quality and smooth performance,Positive,4197.57,Yes,2025-09-18
927,Headphones,Audio,1,Very bad experience with this product,Negative,20012.23,Yes,2025-08-07
928,Laptop,Computing,5,Works perfectly and looks premium,Positive,49377.73,Yes,2025-06-01
929,Smartwatch,Wearable,2,Product stopped working after a few days,Negative,6568.32,Yes,2025-06-08
930,USB Flash Drive,Storage,5,Excellent product with great performance,Positive,3409.32,No,2025-01-26
931,Earbuds,Audio,2,Frequent problems while using the product,Negative,3018.9,Yes,2025-09-22
932,Laptop,Computing,5,Great product with impressive features,Positive,49316.57,Yes,2025-09-15
933,Charger,Power,4,Fast performance and reliable,Positive,2363.68,No,2025-07-26
934,Printer,Office Electronics,4,Excellent build quality and smooth performance,Positive,25354.67,Yes,2025-09-21
935,Headphones,Audio,1,Battery life is very poor,Negative,27454.57,Yes,2025-04-09
936,Smartphone,Mobile,3,It is okay but could be improved,Neutral,38927.03,Yes,2025-03-23
937,Tablet,Computing,2,Build quality is poor,Negative,46084.16,Yes,2025-12-04
938,Tablet,Computing,5,Very good product and worth the price,Positive,73676.89,Yes,2025-12-15
939,Headphones,Audio,2,Not worth the price,Negative,24897.09,Yes,2025-11-08
940,Smartwatch,Wearable,5,"Amazing product, highly recommended",Positive,18432.34,Yes,2025-01-20
941,Camera,Camera,5,Amazing quality and works perfectly,Positive,166992.42,Yes,2025-07-20
942,Headphones,Audio,5,Works perfectly and looks premium,Positive,18913.48,Yes,2025-09-26
943,Power Bank,Power,5,Good quality and easy to use,Positive,2983.09,No,2025-01-14
944,Keyboard,Accessories,5,Amazing quality and works perfectly,Positive,2220.01,Yes,2025-12-20
945,Gaming Console,Gaming,4,Excellent build quality and smooth performance,Positive,62538.44,No,2025-10-15
946,Gaming Console,Gaming,5,Great product with impressive features,Positive,39743.74,Yes,2025-04-23
947,Charger,Power,5,Really happy with the purchase,Positive,1795.93,Yes,2025-07-04
948,Printer,Office Electronics,4,Fast performance and reliable,Positive,30755.98,Yes,2025-11-30
949,Smartwatch,Wearable,4,"Amazing product, highly recommended",Positive,9299.23,Yes,2025-11-08
950,Power Bank,Power,3,Performance is acceptable,Neutral,2538.79,Yes,2025-10-29
951,Monitor,Computing,4,Amazing quality and works perfectly,Positive,39009.83,Yes,2025-12-26
952,Power Bank,Power,1,Poor quality and disappointing performance,Negative,7125.08,Yes,2025-09-29
953,Tablet,Computing,5,Fast performance and reliable,Positive,79503.05,No,2025-12-08
954,Bluetooth Speaker,Audio,5,Really happy with the purchase,Positive,10073.83,Yes,2025-12-15
955,Webcam,Computer Accessories,4,Excellent product with great performance,Positive,6739.31,Yes,2025-01-08
956,USB Flash Drive,Storage,2,Poor quality and disappointing performance,Negative,4940.52,No,2025-08-27
957,Keyboard,Accessories,3,Decent quality but has some limitations,Neutral,9974.07,Yes,2025-05-02
958,Tablet,Computing,3,It is okay but could be improved,Neutral,71698.06,Yes,2025-06-30
959,Camera,Camera,4,Good quality and easy to use,Positive,37402.97,Yes,2025-03-03
960,Bluetooth Speaker,Audio,5,Works perfectly and looks premium,Positive,3865.2,Yes,2025-09-04
961,Bluetooth Speaker,Audio,3,Average experience with this product,Neutral,9398.05,Yes,2025-11-01
962,Laptop,Computing,2,Poor quality and disappointing performance,Negative,156301.67,Yes,2025-05-31
963,Earbuds,Audio,1,Battery life is very poor,Negative,22811.4,Yes,2025-09-12
964,Headphones,Audio,4,Amazing quality and works perfectly,Positive,6135.37,Yes,2025-04-29
965,Smartphone,Mobile,5,Very good product and worth the price,Positive,87990.04,Yes,2025-10-01
966,Charger,Power,4,Great product with impressive features,Positive,4408.45,Yes,2025-01-31
967,Smart TV,Home Entertainment,3,Average experience with this product,Neutral,177596.67,Yes,2025-11-18
968,Tablet,Computing,4,"Amazing product, highly recommended",Positive,51292.65,Yes,2025-05-18
969,Laptop,Computing,5,Good quality and easy to use,Positive,68816.77,Yes,2025-07-04
970,Tablet,Computing,3,It is okay but could be improved,Neutral,96065.56,No,2025-10-21
971,Power Bank,Power,2,Performance is slow and unreliable,Negative,2791.4,No,2025-01-11
972,USB Flash Drive,Storage,4,Very good product and worth the price,Positive,1487.67,No,2025-12-12
973,Bluetooth Speaker,Audio,5,"Amazing product, highly recommended",Positive,6805.94,Yes,2025-08-13
974,Tablet,Computing,5,Excellent build quality and smooth performance,Positive,57928.19,Yes,2025-12-22
975,Laptop,Computing,4,Really happy with the purchase,Positive,46077.65,Yes,2025-07-21
976,Camera,Camera,3,Product is okay for the price,Neutral,153404.73,Yes,2025-03-17
977,Monitor,Computing,4,Amazing quality and works perfectly,Positive,75833.01,No,2025-08-01
978,Monitor,Computing,4,Good quality and easy to use,Positive,43367.72,Yes,2025-07-28
979,Headphones,Audio,3,Features are satisfactory,Neutral,28977.75,Yes,2025-12-03
980,Printer,Office Electronics,2,Frequent problems while using the product,Negative,45756.66,Yes,2025-07-30
981,Monitor,Computing,5,Fast performance and reliable,Positive,64630.32,Yes,2025-05-29
982,Router,Networking,2,Battery life is very poor,Negative,12553.09,Yes,2025-03-06
983,Router,Networking,4,Great product with impressive features,Positive,17732.88,No,2025-04-29
984,Laptop,Computing,4,Great product with impressive features,Positive,113247.57,Yes,2025-08-01
985,Headphones,Audio,4,Very good product and worth the price,Positive,6612.44,No,2025-05-15
986,Printer,Office Electronics,4,Works perfectly and looks premium,Positive,46633.08,Yes,2025-05-13
987,Printer,Office Electronics,4,Works perfectly and looks premium,Positive,27598.54,Yes,2025-01-06
988,Keyboard,Accessories,1,Performance is slow and unreliable,Negative,13662.35,Yes,2025-12-10
989,Smartwatch,Wearable,4,Very good product and worth the price,Positive,20567.57,Yes,2025-11-02
990,Earbuds,Audio,4,Very good product and worth the price,Positive,8725.25,Yes,2025-04-04
991,Webcam,Computer Accessories,1,Build quality is poor,Negative,15553.84,Yes,2025-02-20
992,Gaming Console,Gaming,4,Works perfectly and looks premium,Positive,59894.5,Yes,2025-11-01
993,Laptop,Computing,5,Very good product and worth the price,Positive,95958.74,Yes,2025-11-02
994,Router,Networking,1,Performance is slow and unreliable,Negative,17693.19,Yes,2025-11-24
995,Tablet,Computing,5,Fast performance and reliable,Positive,56491.9,Yes,2025-07-19
996,Bluetooth Speaker,Audio,5,Good quality and easy to use,Positive,1173.5,Yes,2025-09-26
997,Mouse,Accessories,4,Really happy with the purchase,Positive,7024.08,Yes,2025-09-24
998,Monitor,Computing,5,Good quality and easy to use,Positive,10673.59,Yes,2025-03-20
999,Gaming Console,Gaming,4,Excellent build quality and smooth performance,Positive,51460.63,No,2025-07-11
1000,Smartwatch,Wearable,4,Excellent build quality and smooth performance,Positive,10815.86,Yes,2025-04-06
1001,Printer,Office Electronics,4,Works perfectly and looks premium,Positive,15889.26,Yes,2025-10-03
1002,Charger,Power,3,It is okay but could be improved,Neutral,4905.13,Yes,2025-12-21
1003,Bluetooth Speaker,Audio,4,Good quality and easy to use,Positive,4113.6,Yes,2025-01-28
1004,Smart TV,Home Entertainment,4,"Amazing product, highly recommended",Positive,155175.83,Yes,2025-01-28
1005,Mouse,Accessories,5,Really happy with the purchase,Positive,6483.22,Yes,2025-04-07
1006,Keyboard,Accessories,3,Nothing special but it works fine,Neutral,3328.12,No,2025-02-12
1007,Smartphone,Mobile,5,Excellent build quality and smooth performance,Positive,112757.85,No,2025-01-04
1008,Smart TV,Home Entertainment,2,Battery life is very poor,Negative,52262.04,Yes,2025-12-24
1009,USB Flash Drive,Storage,4,Amazing quality and works perfectly,Positive,2723.25,Yes,2025-08-01
1010,Smartwatch,Wearable,5,Fast performance and reliable,Positive,39840.31,Yes,2025-10-11
1011,Webcam,Computer Accessories,3,Average experience with this product,Neutral,15507.85,Yes,2025-07-26
1012,External SSD,Storage,5,Amazing quality and works perfectly,Positive,11632.12,Yes,2025-09-30
1013,Keyboard,Accessories,2,Product stopped working after a few days,Negative,12669.45,Yes,2025-09-08
1014,Webcam,Computer Accessories,3,Product is okay for the price,Neutral,19279.84,Yes,2025-02-28
1015,Charger,Power,4,Amazing quality and works perfectly,Positive,2527.89,Yes,2025-02-24
1016,Gaming Console,Gaming,5,"Amazing product, highly recommended",Positive,60877.34,Yes,2025-06-28
1017,Smartwatch,Wearable,5,"Amazing product, highly recommended",Positive,19178.93,Yes,2025-05-16
1018,Tablet,Computing,3,Product is okay for the price,Neutral,41867.45,Yes,2025-11-03
1019,Power Bank,Power,4,"Amazing product, highly recommended",Positive,4181.95,Yes,2025-04-22
1020,Bluetooth Speaker,Audio,3,Product is okay for the price,Neutral,6556.29,Yes,2025-05-01
1021,Smart TV,Home Entertainment,3,Performance is acceptable,Neutral,142539.28,Yes,2025-07-13
1022,Laptop,Computing,4,Amazing quality and works perfectly,Positive,54836.26,Yes,2025-03-12
1023,External SSD,Storage,5,Amazing quality and works perfectly,Positive,3139.89,Yes,2025-11-10
1024,Camera,Camera,4,Excellent product with great performance,Positive,123882.12,Yes,2025-01-04
1025,Printer,Office Electronics,5,Great product with impressive features,Positive,8438.91,Yes,2025-11-06
1026,Smart TV,Home Entertainment,5,Fast performance and reliable,Positive,119051.17,Yes,2025-08-16
1027,Printer,Office Electronics,4,Really happy with the purchase,Positive,28416.61,Yes,2025-11-21
1028,Monitor,Computing,3,Product meets basic expectations,Neutral,16157.57,Yes,2025-04-18
1029,Gaming Console,Gaming,3,Product is okay for the price,Neutral,38529.83,Yes,2025-11-25
1030,Smartwatch,Wearable,4,Amazing quality and works perfectly,Positive,2685.93,Yes,2025-11-12
1031,Mouse,Accessories,4,Fast performance and reliable,Positive,6061.35,Yes,2025-06-16
1032,Earbuds,Audio,5,Very good product and worth the price,Positive,7675.22,Yes,2025-04-14
1033,Earbuds,Audio,3,Product is okay for the price,Neutral,17968.12,Yes,2025-03-13
1034,Charger,Power,2,Product stopped working after a few days,Negative,3260.18,No,2025-02-25
1035,Tablet,Computing,4,Fast performance and reliable,Positive,43622.88,Yes,2025-08-01
1036,Charger,Power,3,Performance is acceptable,Neutral,402.1,Yes,2025-12-17
1037,Keyboard,Accessories,3,Average experience with this product,Neutral,5142.38,Yes,2025-07-26
1038,Headphones,Audio,5,Fast performance and reliable,Positive,10083.48,No,2025-12-19
1039,Charger,Power,4,Good quality and easy to use,Positive,1863.71,Yes,2025-10-03
1040,External SSD,Storage,5,Good quality and easy to use,Positive,28742.97,Yes,2025-09-08
1041,Camera,Camera,5,Really happy with the purchase,Positive,62025.92,Yes,2025-09-22
1042,Laptop,Computing,5,Good quality and easy to use,Positive,70508.94,Yes,2025-12-05
1043,Charger,Power,5,Great product with impressive features,Positive,4212.28,No,2025-11-10
1044,Camera,Camera,4,Fast performance and reliable,Positive,233160.44,Yes,2025-03-01
1045,Gaming Console,Gaming,2,Frequent problems while using the product,Negative,50755.71,No,2025-08-02
1046,Keyboard,Accessories,4,Excellent product with great performance,Positive,8330.71,No,2025-06-18
1047,Laptop,Computing,4,Really happy with the purchase,Positive,37928.76,Yes,2025-11-17
1048,Tablet,Computing,4,Really happy with the purchase,Positive,82723.46,No,2025-03-16
1049,Bluetooth Speaker,Audio,4,Good quality and easy to use,Positive,18161.16,Yes,2025-10-27
1050,Camera,Camera,2,Very disappointed with the purchase,Negative,132777.26,Yes,2025-06-24
1051,Router,Networking,3,Product is okay for the price,Neutral,6748.94,Yes,2025-12-07
1052,Gaming Console,Gaming,5,Fast performance and reliable,Positive,49407.4,Yes,2025-10-16
1053,Bluetooth Speaker,Audio,5,Good quality and easy to use,Positive,22271.11,Yes,2025-05-06
1054,Keyboard,Accessories,5,"Amazing product, highly recommended",Positive,1671.23,Yes,2025-11-05
1055,Smartphone,Mobile,3,Product is okay for the price,Neutral,64763.19,Yes,2025-03-10
1056,External SSD,Storage,3,Nothing special but it works fine,Neutral,3935.23,Yes,2025-01-02
1057,Monitor,Computing,4,Good quality and easy to use,Positive,63146.72,Yes,2025-07-04
1058,Power Bank,Power,3,It is okay but could be improved,Neutral,2319.33,Yes,2025-05-23
1059,Keyboard,Accessories,4,Good quality and easy to use,Positive,13599.12,Yes,2025-02-15
1060,Earbuds,Audio,2,Product stopped working after a few days,Negative,12164.32,Yes,2025-12-29
1061,Smartwatch,Wearable,2,Frequent problems while using the product,Negative,23677.29,Yes,2025-01-15
1062,Smart TV,Home Entertainment,5,Excellent product with great performance,Positive,81665.11,No,2025-08-04
1063,Tablet,Computing,4,Excellent product with great performance,Positive,56472.48,No,2025-04-06
1064,Webcam,Computer Accessories,4,"Amazing product, highly recommended",Positive,7422.53,Yes,2025-04-19
1065,Tablet,Computing,2,Frequent problems while using the product,Negative,42393.22,Yes,2025-03-19
1066,Laptop,Computing,5,Amazing quality and works perfectly,Positive,59341.91,Yes,2025-05-22
1067,Webcam,Computer Accessories,3,It is okay but could be improved,Neutral,7559.07,Yes,2025-09-01
1068,Webcam,Computer Accessories,2,Product has several issues,Negative,16422.59,Yes,2025-04-28
1069,Printer,Office Electronics,4,Works perfectly and looks premium,Positive,16056.09,No,2025-09-21
1070,External SSD,Storage,3,Product meets basic expectations,Neutral,25174.24,Yes,2025-06-13
1071,Mouse,Accessories,3,Performance is acceptable,Neutral,8654.73,Yes,2025-10-14
1072,Tablet,Computing,3,It is okay but could be improved,Neutral,69970.1,Yes,2025-06-12
1073,Charger,Power,4,Works perfectly and looks premium,Positive,444.21,No,2025-05-14
1074,Power Bank,Power,3,Nothing special but it works fine,Neutral,4839.44,Yes,2025-07-05
1075,Router,Networking,5,Good quality and easy to use,Positive,16829.83,Yes,2025-09-08
1076,Smartphone,Mobile,3,Features are satisfactory,Neutral,48967.73,Yes,2025-06-19
1077,Laptop,Computing,5,"Amazing product, highly recommended",Positive,72423.34,No,2025-11-27
1078,Charger,Power,1,Product stopped working after a few days,Negative,1810.47,Yes,2025-07-08
1079,Printer,Office Electronics,4,Excellent build quality and smooth performance,Positive,24038.44,Yes,2025-04-19
1080,Webcam,Computer Accessories,1,Product has several issues,Negative,2333.21,Yes,2025-01-11
1081,Charger,Power,3,Product meets basic expectations,Neutral,1417.12,No,2025-05-24
1082,Monitor,Computing,5,Great product with impressive features,Positive,53873.19,Yes,2025-01-20
1083,Mouse,Accessories,2,Battery life is very poor,Negative,4883.1,Yes,2025-01-14
1084,Power Bank,Power,5,Excellent build quality and smooth performance,Positive,2580.86,Yes,2025-05-16
1085,Camera,Camera,3,Decent quality but has some limitations,Neutral,234447.81,Yes,2025-04-16
1086,Headphones,Audio,2,Battery life is very poor,Negative,9218.5,Yes,2025-11-20
1087,Monitor,Computing,4,Really happy with the purchase,Positive,15569.52,Yes,2025-09-24
1088,Power Bank,Power,5,Really happy with the purchase,Positive,2235.31,Yes,2025-10-16
1089,Printer,Office Electronics,4,Fast performance and reliable,Positive,18346.32,Yes,2025-07-19
1090,USB Flash Drive,Storage,5,Good quality and easy to use,Positive,2756.03,Yes,2025-02-10
1091,External SSD,Storage,4,Good quality and easy to use,Positive,4790.66,Yes,2025-11-07
1092,Headphones,Audio,5,Really happy with the purchase,Positive,25720.79,Yes,2025-06-30
1093,Keyboard,Accessories,3,It is okay but could be improved,Neutral,13223.41,Yes,2025-06-06
1094,Charger,Power,5,Fast performance and reliable,Positive,1796.25,No,2025-08-09
1095,Smart TV,Home Entertainment,2,Performance is slow and unreliable,Negative,158432.8,Yes,2025-03-01
1096,Monitor,Computing,3,Nothing special but it works fine,Neutral,50377.26,Yes,2025-06-25
1097,Webcam,Computer Accessories,2,Performance is slow and unreliable,Negative,17063.44,Yes,2025-08-10
1098,Router,Networking,3,Nothing special but it works fine,Neutral,6262.36,Yes,2025-09-12
1099,Camera,Camera,5,Very good product and worth the price,Positive,162303.04,Yes,2025-07-02
1100,Router,Networking,5,Works perfectly and looks premium,Positive,2381.2,No,2025-12-31
1101,External SSD,Storage,3,Good enough for basic use,Neutral,3255.21,Yes,2025-12-28
1102,Gaming Console,Gaming,3,Decent quality but has some limitations,Neutral,73108.38,Yes,2025-02-05
1103,Gaming Console,Gaming,2,Poor quality and disappointing performance,Negative,41200.13,Yes,2025-01-31
1104,Monitor,Computing,4,Works perfectly and looks premium,Positive,38960.4,Yes,2025-07-08
1105,Keyboard,Accessories,3,Nothing special but it works fine,Neutral,3860.8,Yes,2025-10-30
1106,Charger,Power,4,"Amazing product, highly recommended",Positive,4421.0,Yes,2025-07-07
1107,USB Flash Drive,Storage,1,Poor quality and disappointing performance,Negative,2107.31,Yes,2025-03-21
1108,Gaming Console,Gaming,4,Amazing quality and works perfectly,Positive,34851.53,Yes,2025-07-25
1109,Smart TV,Home Entertainment,5,Amazing quality and works perfectly,Positive,127478.68,Yes,2025-12-11
1110,Gaming Console,Gaming,5,Very good product and worth the price,Positive,36300.48,No,2025-03-02
1111,Keyboard,Accessories,5,Very good product and worth the price,Positive,4280.0,Yes,2025-06-12
1112,Charger,Power,3,Product meets basic expectations,Neutral,3462.14,No,2025-08-22
1113,Camera,Camera,1,Very disappointed with the purchase,Negative,240824.38,Yes,2025-05-24
1114,Printer,Office Electronics,3,Product meets basic expectations,Neutral,38966.44,Yes,2025-01-17
1115,Earbuds,Audio,4,Great product with impressive features,Positive,3541.49,Yes,2025-09-02
1116,Headphones,Audio,2,Frequent problems while using the product,Negative,9720.44,No,2025-09-28
1117,Headphones,Audio,5,Amazing quality and works perfectly,Positive,23992.77,Yes,2025-08-28
1118,Laptop,Computing,5,Works perfectly and looks premium,Positive,71272.1,Yes,2025-08-31
1119,Gaming Console,Gaming,4,Excellent product with great performance,Positive,65703.83,Yes,2025-08-28
1120,Smart TV,Home Entertainment,4,"Amazing product, highly recommended",Positive,102281.6,No,2025-05-01
1121,Camera,Camera,5,Excellent product with great performance,Positive,223991.92,Yes,2025-01-07
1122,Laptop,Computing,5,"Amazing product, highly recommended",Positive,83872.36,No,2025-12-27
1123,Monitor,Computing,3,Nothing special but it works fine,Neutral,75158.29,No,2025-03-16
1124,Webcam,Computer Accessories,3,Product is okay for the price,Neutral,8741.26,Yes,2025-10-30
1125,Laptop,Computing,4,Good quality and easy to use,Positive,138935.36,No,2025-07-17
1126,Camera,Camera,4,Great product with impressive features,Positive,68918.78,Yes,2025-07-16
1127,Keyboard,Accessories,4,"Amazing product, highly recommended",Positive,8196.45,Yes,2025-01-08
1128,Webcam,Computer Accessories,5,Fast performance and reliable,Positive,6892.57,Yes,2025-12-28
1129,Power Bank,Power,3,Features are satisfactory,Neutral,891.63,No,2025-07-12
1130,Charger,Power,4,Fast performance and reliable,Positive,2355.19,Yes,2025-10-30
1131,Router,Networking,4,Fast performance and reliable,Positive,4277.43,Yes,2025-10-11
1132,USB Flash Drive,Storage,5,Amazing quality and works perfectly,Positive,4805.35,Yes,2025-02-20
1133,Power Bank,Power,5,Excellent product with great performance,Positive,6621.84,Yes,2025-12-12
1134,Router,Networking,5,Fast performance and reliable,Positive,15050.98,Yes,2025-08-04
1135,USB Flash Drive,Storage,5,Excellent build quality and smooth performance,Positive,2430.66,Yes,2025-03-09
1136,Power Bank,Power,4,Excellent build quality and smooth performance,Positive,2665.55,Yes,2025-08-01
1137,Router,Networking,4,Excellent product with great performance,Positive,7162.9,Yes,2025-08-13
1138,Monitor,Computing,2,Product has several issues,Negative,21122.95,Yes,2025-08-27
1139,Monitor,Computing,4,Good quality and easy to use,Positive,46839.76,No,2025-04-28
1140,Smartphone,Mobile,3,Product meets basic expectations,Neutral,98862.96,Yes,2025-12-10
1141,Gaming Console,Gaming,5,Good quality and easy to use,Positive,35307.6,Yes,2025-03-28
1142,Earbuds,Audio,5,Excellent build quality and smooth performance,Positive,611.41,No,2025-06-29
1143,USB Flash Drive,Storage,5,Fast performance and reliable,Positive,890.35,Yes,2025-11-03
1144,Smart TV,Home Entertainment,5,Excellent build quality and smooth performance,Positive,100272.45,Yes,2025-01-29
1145,Printer,Office Electronics,3,Decent quality but has some limitations,Neutral,5836.82,Yes,2025-05-28
1146,Earbuds,Audio,4,Good quality and easy to use,Positive,10380.06,Yes,2025-06-24
1147,Gaming Console,Gaming,5,Works perfectly and looks premium,Positive,31113.69,Yes,2025-10-10
1148,External SSD,Storage,3,"Average product, works as expected",Neutral,5909.69,No,2025-10-15
1149,Power Bank,Power,5,Excellent build quality and smooth performance,Positive,5930.8,Yes,2025-10-18
1150,Power Bank,Power,4,Great product with impressive features,Positive,7996.38,Yes,2025-05-11
1151,Keyboard,Accessories,1,Performance is slow and unreliable,Negative,3319.98,Yes,2025-06-29
1152,Bluetooth Speaker,Audio,5,Excellent build quality and smooth performance,Positive,7504.0,No,2025-01-10
1153,Charger,Power,1,Very disappointed with the purchase,Negative,1693.17,Yes,2025-10-28
1154,Smart TV,Home Entertainment,5,Excellent build quality and smooth performance,Positive,160245.23,Yes,2025-04-21
1155,Headphones,Audio,1,Very bad experience with this product,Negative,15423.87,Yes,2025-06-20
1156,Smartphone,Mobile,3,Features are satisfactory,Neutral,71915.83,Yes,2025-09-06
1157,Laptop,Computing,5,Very good product and worth the price,Positive,111976.07,Yes,2025-10-11
1158,Charger,Power,5,Fast performance and reliable,Positive,4705.65,No,2025-02-01
1159,Earbuds,Audio,3,Average experience with this product,Neutral,1353.9,Yes,2025-10-08
1160,Mouse,Accessories,5,Great product with impressive features,Positive,1831.78,Yes,2025-05-18
1161,Smart TV,Home Entertainment,3,Features are satisfactory,Neutral,85690.9,No,2025-06-02
1162,Laptop,Computing,1,Product stopped working after a few days,Negative,103204.65,No,2025-02-18
1163,Smartwatch,Wearable,5,Really happy with the purchase,Positive,7025.94,No,2025-09-19
1164,Headphones,Audio,4,Fast performance and reliable,Positive,26848.5,Yes,2025-06-23
1165,Mouse,Accessories,5,Works perfectly and looks premium,Positive,6875.23,No,2025-02-07
1166,Gaming Console,Gaming,4,Great product with impressive features,Positive,76273.38,Yes,2025-02-21
1167,Smartwatch,Wearable,4,Excellent product with great performance,Positive,47128.86,No,2025-09-21
1168,Tablet,Computing,3,Good enough for basic use,Neutral,56127.97,Yes,2025-02-09
1169,Laptop,Computing,5,"Amazing product, highly recommended",Positive,157951.24,Yes,2025-07-10
1170,USB Flash Drive,Storage,3,Product meets basic expectations,Neutral,3762.75,Yes,2025-09-12
1171,Smartphone,Mobile,4,Amazing quality and works perfectly,Positive,48376.92,Yes,2025-11-29
1172,Camera,Camera,5,Amazing quality and works perfectly,Positive,172903.59,Yes,2025-02-27
1173,Charger,Power,5,Good quality and easy to use,Positive,4777.91,No,2025-04-18
1174,Tablet,Computing,3,It is okay but could be improved,Neutral,78760.81,Yes,2025-02-26
1175,Charger,Power,2,Product stopped working after a few days,Negative,3634.24,No,2025-11-18
1176,Earbuds,Audio,2,Product stopped working after a few days,Negative,5935.85,Yes,2025-08-05
1177,Power Bank,Power,2,Very bad experience with this product,Negative,6784.13,Yes,2025-12-25
1178,Tablet,Computing,5,Excellent product with great performance,Positive,45069.83,Yes,2025-01-16
1179,Gaming Console,Gaming,1,Poor quality and disappointing performance,Negative,59324.29,Yes,2025-09-15
1180,External SSD,Storage,5,Amazing quality and works perfectly,Positive,21298.63,Yes,2025-01-13
1181,Smartphone,Mobile,4,Excellent product with great performance,Positive,65707.04,Yes,2025-02-09
1182,Power Bank,Power,4,Fast performance and reliable,Positive,1992.21,No,2025-06-07
1183,Camera,Camera,5,Excellent build quality and smooth performance,Positive,181927.66,Yes,2025-05-14
1184,Smartphone,Mobile,4,Good quality and easy to use,Positive,35691.14,Yes,2025-05-14
1185,Router,Networking,5,Really happy with the purchase,Positive,6041.93,Yes,2025-01-25
1186,Power Bank,Power,3,Nothing special but it works fine,Neutral,1712.9,Yes,2025-07-18
1187,Bluetooth Speaker,Audio,4,Excellent product with great performance,Positive,18902.31,No,2025-05-05
1188,Mouse,Accessories,5,Amazing quality and works perfectly,Positive,1438.84,Yes,2025-12-29
1189,Gaming Console,Gaming,3,Nothing special but it works fine,Neutral,43986.93,No,2025-10-16
1190,Camera,Camera,3,Product is okay for the price,Neutral,225142.49,Yes,2025-06-08
1191,External SSD,Storage,5,Good quality and easy to use,Positive,15232.78,Yes,2025-10-07
1192,Smartphone,Mobile,4,Excellent build quality and smooth performance,Positive,108184.53,Yes,2025-07-30
1193,External SSD,Storage,5,"Amazing product, highly recommended",Positive,16303.36,Yes,2025-06-30
1194,Smartphone,Mobile,5,Excellent product with great performance,Positive,28029.39,Yes,2025-12-02
1195,Gaming Console,Gaming,3,Features are satisfactory,Neutral,66740.36,Yes,2025-08-03
1196,Bluetooth Speaker,Audio,4,Very good product and worth the price,Positive,11120.67,Yes,2025-06-26
1197,Laptop,Computing,5,Amazing quality and works perfectly,Positive,174961.59,No,2025-07-26
1198,Gaming Console,Gaming,4,Very good product and worth the price,Positive,39417.11,No,2025-10-13
1199,Charger,Power,3,Performance is acceptable,Neutral,4164.09,Yes,2025-09-28
1200,Gaming Console,Gaming,4,Great product with impressive features,Positive,52162.32,Yes,2025-07-20
1201,Monitor,Computing,4,Amazing quality and works perfectly,Positive,68317.79,No,2025-03-06
1202,Earbuds,Audio,2,Not worth the price,Negative,4984.39,Yes,2025-08-21
1203,Camera,Camera,4,Good quality and easy to use,Positive,167575.41,Yes,2025-06-07
1204,Headphones,Audio,4,Good quality and easy to use,Positive,3838.98,Yes,2025-12-07
1205,USB Flash Drive,Storage,1,Frequent problems while using the product,Negative,4085.92,Yes,2025-11-28
1206,Gaming Console,Gaming,4,Really happy with the purchase,Positive,37960.95,Yes,2025-01-01
1207,Smart TV,Home Entertainment,2,Product has several issues,Negative,94101.46,Yes,2025-12-31
1208,Smartphone,Mobile,4,Very good product and worth the price,Positive,81469.25,Yes,2025-11-25
1209,Charger,Power,5,Fast performance and reliable,Positive,2547.61,Yes,2025-11-28
1210,Charger,Power,5,Very good product and worth the price,Positive,3960.82,Yes,2025-07-01
1211,Printer,Office Electronics,4,Excellent product with great performance,Positive,35967.67,Yes,2025-04-09
1212,Keyboard,Accessories,4,Fast performance and reliable,Positive,2390.88,No,2025-08-10
1213,Webcam,Computer Accessories,4,Excellent product with great performance,Positive,15695.79,Yes,2025-11-19
1214,Headphones,Audio,5,Good quality and easy to use,Positive,12992.73,Yes,2025-06-14
1215,Printer,Office Electronics,4,Works perfectly and looks premium,Positive,31899.1,Yes,2025-12-26
1216,Power Bank,Power,4,Great product with impressive features,Positive,2359.33,Yes,2025-04-06
1217,Webcam,Computer Accessories,5,Amazing quality and works perfectly,Positive,9038.74,Yes,2025-11-08
1218,Headphones,Audio,4,Excellent product with great performance,Positive,24606.25,Yes,2025-01-25
1219,Earbuds,Audio,4,Great product with impressive features,Positive,23193.4,Yes,2025-11-03
1220,Charger,Power,4,Works perfectly and looks premium,Positive,4711.87,Yes,2025-12-11
1221,Charger,Power,4,Works perfectly and looks premium,Positive,3590.42,Yes,2025-09-14
1222,Tablet,Computing,4,Works perfectly and looks premium,Positive,17101.93,Yes,2025-08-16
1223,Gaming Console,Gaming,2,Performance is slow and unreliable,Negative,49344.83,Yes,2025-05-31
1224,Keyboard,Accessories,2,Product stopped working after a few days,Negative,3299.53,No,2025-11-15
1225,Smartwatch,Wearable,1,Not worth the price,Negative,35334.31,Yes,2025-02-16
1226,Power Bank,Power,5,Really happy with the purchase,Positive,1961.87,Yes,2025-04-17
1227,Gaming Console,Gaming,5,Fast performance and reliable,Positive,78766.69,Yes,2025-02-17
1228,Smartphone,Mobile,4,Excellent product with great performance,Positive,29788.0,Yes,2025-04-12
1229,Webcam,Computer Accessories,2,Battery life is very poor,Negative,2001.56,Yes,2025-07-11
1230,Camera,Camera,2,Product has several issues,Negative,214798.05,Yes,2025-05-03
1231,Earbuds,Audio,4,Amazing quality and works perfectly,Positive,5455.65,No,2025-06-03
1232,External SSD,Storage,4,Excellent build quality and smooth performance,Positive,3648.34,No,2025-03-26
1233,USB Flash Drive,Storage,4,Very good product and worth the price,Positive,2875.96,No,2025-05-09
1234,Smart TV,Home Entertainment,3,Features are satisfactory,Neutral,194308.25,Yes,2025-07-01
1235,External SSD,Storage,5,Works perfectly and looks premium,Positive,10222.44,Yes,2025-03-20
1236,Headphones,Audio,5,Great product with impressive features,Positive,12557.33,Yes,2025-12-08
1237,Smartwatch,Wearable,5,Excellent build quality and smooth performance,Positive,13002.59,Yes,2025-11-24
1238,Headphones,Audio,3,It is okay but could be improved,Neutral,16960.56,Yes,2025-11-16
1239,Printer,Office Electronics,3,Performance is acceptable,Neutral,19525.51,Yes,2025-01-01
1240,Bluetooth Speaker,Audio,3,Decent quality but has some limitations,Neutral,18067.81,Yes,2025-06-30
1241,Bluetooth Speaker,Audio,4,Fast performance and reliable,Positive,14758.21,Yes,2025-10-18
1242,Printer,Office Electronics,5,Works perfectly and looks premium,Positive,46801.19,Yes,2025-05-08
1243,Headphones,Audio,4,Excellent build quality and smooth performance,Positive,20265.52,Yes,2025-03-26
1244,Keyboard,Accessories,5,Good quality and easy to use,Positive,10397.61,No,2025-08-12
1245,Earbuds,Audio,5,Excellent build quality and smooth performance,Positive,12418.44,Yes,2025-01-01
1246,Bluetooth Speaker,Audio,4,Very good product and worth the price,Positive,9651.84,Yes,2025-08-12
1247,Charger,Power,5,Very good product and worth the price,Positive,1775.63,No,2025-06-14
1248,Router,Networking,4,Excellent build quality and smooth performance,Positive,10575.84,Yes,2025-09-07
1249,Earbuds,Audio,5,Really happy with the purchase,Positive,5201.82,No,2025-09-07
1250,Smartphone,Mobile,5,Works perfectly and looks premium,Positive,22831.8,Yes,2025-07-15
1251,Camera,Camera,5,Works perfectly and looks premium,Positive,108782.14,No,2025-08-02
1252,Power Bank,Power,3,Decent quality but has some limitations,Neutral,1739.42,Yes,2025-01-10
1253,Gaming Console,Gaming,4,Excellent product with great performance,Positive,37691.89,Yes,2025-12-25
1254,Mouse,Accessories,4,Great product with impressive features,Positive,5489.73,Yes,2025-01-28
1255,External SSD,Storage,4,Really happy with the purchase,Positive,24332.56,Yes,2025-12-23
1256,Camera,Camera,5,Really happy with the purchase,Positive,75573.61,Yes,2025-12-22
1257,External SSD,Storage,3,Nothing special but it works fine,Neutral,24374.94,Yes,2025-09-20
1258,Router,Networking,2,Very bad experience with this product,Negative,1295.29,No,2025-09-30
1259,Mouse,Accessories,2,Build quality is poor,Negative,9971.12,Yes,2025-01-11
1260,Bluetooth Speaker,Audio,4,"Amazing product, highly recommended",Positive,15894.62,Yes,2025-12-13
1261,Charger,Power,3,Product is okay for the price,Neutral,2536.67,Yes,2025-07-12
1262,Camera,Camera,4,Fast performance and reliable,Positive,171375.07,Yes,2025-05-04
1263,Charger,Power,1,Product has several issues,Negative,2533.33,Yes,2025-09-02
1264,Power Bank,Power,2,Very bad experience with this product,Negative,3737.76,Yes,2025-07-15
1265,Bluetooth Speaker,Audio,4,"Amazing product, highly recommended",Positive,11632.71,Yes,2025-05-12
1266,Tablet,Computing,1,Product stopped working after a few days,Negative,98004.97,Yes,2025-04-28
1267,Keyboard,Accessories,1,Product has several issues,Negative,12991.7,Yes,2025-02-13
1268,Printer,Office Electronics,1,Build quality is poor,Negative,27608.48,Yes,2025-11-28
1269,Router,Networking,5,Amazing quality and works perfectly,Positive,16892.6,Yes,2025-09-01
1270,External SSD,Storage,4,Amazing quality and works perfectly,Positive,7025.41,No,2025-04-16
1271,Router,Networking,4,Good quality and easy to use,Positive,11059.45,No,2025-09-21
1272,Webcam,Computer Accessories,1,Performance is slow and unreliable,Negative,9553.25,Yes,2025-09-11
1273,Headphones,Audio,5,Good quality and easy to use,Positive,10084.02,No,2025-02-21
1274,Router,Networking,1,Very disappointed with the purchase,Negative,18450.36,Yes,2025-03-05
1275,Laptop,Computing,2,Build quality is poor,Negative,154873.99,Yes,2025-03-26
1276,Headphones,Audio,4,Works perfectly and looks premium,Positive,27259.04,No,2025-02-08
1277,Smartphone,Mobile,2,Very disappointed with the purchase,Negative,79144.3,Yes,2025-10-28
1278,Keyboard,Accessories,4,Very good product and worth the price,Positive,5955.21,Yes,2025-02-26
1279,Tablet,Computing,5,Amazing quality and works perfectly,Positive,78113.13,Yes,2025-10-24
1280,Monitor,Computing,5,Great product with impressive features,Positive,14033.96,Yes,2025-07-13
1281,Tablet,Computing,4,Great product with impressive features,Positive,86777.16,Yes,2025-02-12
1282,Smartphone,Mobile,4,Excellent build quality and smooth performance,Positive,11223.28,Yes,2025-11-05
1283,Mouse,Accessories,3,Features are satisfactory,Neutral,8236.66,Yes,2025-03-05
1284,Keyboard,Accessories,1,Product stopped working after a few days,Negative,10707.14,Yes,2025-12-31
1285,Keyboard,Accessories,3,Nothing special but it works fine,Neutral,1782.68,Yes,2025-01-06
1286,Bluetooth Speaker,Audio,1,Frequent problems while using the product,Negative,5092.34,Yes,2025-08-16
1287,Keyboard,Accessories,4,Great product with impressive features,Positive,7059.68,Yes,2025-04-25
1288,Smartphone,Mobile,4,Good quality and easy to use,Positive,41585.99,Yes,2025-07-14
1289,Mouse,Accessories,5,Great product with impressive features,Positive,8712.74,Yes,2025-11-03
1290,USB Flash Drive,Storage,5,"Amazing product, highly recommended",Positive,1206.32,Yes,2025-10-15
1291,Tablet,Computing,2,Very disappointed with the purchase,Negative,47537.2,Yes,2025-04-13
1292,Tablet,Computing,4,Really happy with the purchase,Positive,33442.39,Yes,2025-01-24
1293,External SSD,Storage,3,Product is okay for the price,Neutral,6433.92,No,2025-04-14
1294,Power Bank,Power,3,"Average product, works as expected",Neutral,2670.14,Yes,2025-10-23
1295,Earbuds,Audio,4,Amazing quality and works perfectly,Positive,21569.68,Yes,2025-07-08
1296,External SSD,Storage,2,Performance is slow and unreliable,Negative,22318.5,No,2025-10-04
1297,Bluetooth Speaker,Audio,5,Great product with impressive features,Positive,27495.81,Yes,2025-06-30
1298,Camera,Camera,3,It is okay but could be improved,Neutral,116187.85,Yes,2025-07-13
1299,Charger,Power,5,Great product with impressive features,Positive,1429.94,Yes,2025-01-24
1300,Smartwatch,Wearable,5,Excellent product with great performance,Positive,2776.4,Yes,2025-01-09
1301,External SSD,Storage,5,Great product with impressive features,Positive,16369.26,Yes,2025-09-14
1302,Camera,Camera,5,Excellent product with great performance,Positive,33938.88,Yes,2025-03-15
1303,Headphones,Audio,5,Amazing quality and works perfectly,Positive,626.11,Yes,2025-05-12
1304,External SSD,Storage,5,Works perfectly and looks premium,Positive,19327.12,Yes,2025-05-15
1305,Camera,Camera,4,Fast performance and reliable,Positive,62085.84,Yes,2025-08-20
1306,Printer,Office Electronics,5,Excellent product with great performance,Positive,30190.05,Yes,2025-12-10
1307,USB Flash Drive,Storage,4,Works perfectly and looks premium,Positive,2995.56,No,2025-10-04
1308,Bluetooth Speaker,Audio,4,Good quality and easy to use,Positive,21936.1,No,2025-08-22
1309,Webcam,Computer Accessories,4,Great product with impressive features,Positive,8279.44,Yes,2025-11-01
1310,Smartphone,Mobile,5,Amazing quality and works perfectly,Positive,86977.42,Yes,2025-07-06
1311,Bluetooth Speaker,Audio,1,Frequent problems while using the product,Negative,11486.19,Yes,2025-02-23
1312,Camera,Camera,5,Fast performance and reliable,Positive,47002.1,No,2025-06-28
1313,Power Bank,Power,4,Fast performance and reliable,Positive,3031.93,No,2025-12-23
1314,Headphones,Audio,3,Average experience with this product,Neutral,723.24,Yes,2025-10-12
1315,Smartwatch,Wearable,5,Amazing quality and works perfectly,Positive,23929.37,Yes,2025-05-08
1316,External SSD,Storage,3,Features are satisfactory,Neutral,22988.4,Yes,2025-04-29
1317,Printer,Office Electronics,2,Very bad experience with this product,Negative,40313.64,No,2025-12-02
1318,Gaming Console,Gaming,4,Very good product and worth the price,Positive,37765.32,Yes,2025-02-04
1319,Power Bank,Power,5,Great product with impressive features,Positive,1560.63,Yes,2025-12-07
1320,External SSD,Storage,3,Features are satisfactory,Neutral,8006.61,Yes,2025-09-05
1321,Headphones,Audio,5,Good quality and easy to use,Positive,29519.53,Yes,2025-10-22
1322,Smart TV,Home Entertainment,5,Excellent build quality and smooth performance,Positive,72739.01,No,2025-05-01
1323,Tablet,Computing,3,Average experience with this product,Neutral,48635.6,Yes,2025-08-25
1324,Charger,Power,5,Good quality and easy to use,Positive,655.44,Yes,2025-04-29
1325,Bluetooth Speaker,Audio,3,"Average product, works as expected",Neutral,23848.44,Yes,2025-01-07
1326,Webcam,Computer Accessories,5,Good quality and easy to use,Positive,9521.32,Yes,2025-06-15
1327,Headphones,Audio,2,Performance is slow and unreliable,Negative,3078.24,Yes,2025-12-24
1328,Camera,Camera,4,Excellent product with great performance,Positive,131411.93,Yes,2025-03-30
1329,Smartwatch,Wearable,3,Performance is acceptable,Neutral,36093.82,Yes,2025-03-01
1330,Smartwatch,Wearable,4,Excellent product with great performance,Positive,24442.34,Yes,2025-12-03
1331,Keyboard,Accessories,5,Amazing quality and works perfectly,Positive,14545.18,Yes,2025-11-29
1332,External SSD,Storage,3,Decent quality but has some limitations,Neutral,26534.92,No,2025-11-06
1333,Earbuds,Audio,5,Fast performance and reliable,Positive,13112.77,Yes,2025-12-23
1334,Gaming Console,Gaming,5,Great product with impressive features,Positive,76727.92,Yes,2025-12-28
1335,Charger,Power,4,"Amazing product, highly recommended",Positive,4113.52,No,2025-12-02
1336,Smart TV,Home Entertainment,4,Works perfectly and looks premium,Positive,83129.95,Yes,2025-12-19
1337,Bluetooth Speaker,Audio,2,Very bad experience with this product,Negative,23325.17,Yes,2025-09-29
1338,Headphones,Audio,4,"Amazing product, highly recommended",Positive,15422.64,No,2025-04-25
1339,Webcam,Computer Accessories,2,Product stopped working after a few days,Negative,11243.12,Yes,2025-06-17
1340,Bluetooth Speaker,Audio,4,Amazing quality and works perfectly,Positive,16002.13,Yes,2025-05-19
1341,Headphones,Audio,1,Build quality is poor,Negative,24208.52,Yes,2025-07-05
1342,USB Flash Drive,Storage,2,Product stopped working after a few days,Negative,4617.3,Yes,2025-09-12
1343,USB Flash Drive,Storage,4,Good quality and easy to use,Positive,1801.73,Yes,2025-03-30
1344,Laptop,Computing,4,Really happy with the purchase,Positive,126288.16,Yes,2025-01-06
1345,Printer,Office Electronics,3,Nothing special but it works fine,Neutral,33278.4,Yes,2025-08-08
1346,Camera,Camera,4,Excellent product with great performance,Positive,224686.88,Yes,2025-12-29
1347,Earbuds,Audio,3,Performance is acceptable,Neutral,11456.69,Yes,2025-11-11
1348,Power Bank,Power,2,Not worth the price,Negative,2169.16,Yes,2025-01-04
1349,Headphones,Audio,1,Performance is slow and unreliable,Negative,6491.03,No,2025-08-07
1350,Smartwatch,Wearable,4,Very good product and worth the price,Positive,3986.91,Yes,2025-07-13
1351,Tablet,Computing,4,Fast performance and reliable,Positive,19065.56,Yes,2025-06-05
1352,Smartwatch,Wearable,3,Product meets basic expectations,Neutral,16109.15,Yes,2025-09-02
1353,Charger,Power,4,Very good product and worth the price,Positive,782.05,Yes,2025-06-05
1354,USB Flash Drive,Storage,1,Build quality is poor,Negative,4394.13,Yes,2025-11-30
1355,Mouse,Accessories,4,Fast performance and reliable,Positive,3811.58,Yes,2025-11-28
1356,Smartphone,Mobile,4,Excellent build quality and smooth performance,Positive,49268.34,Yes,2025-08-24
1357,Keyboard,Accessories,2,Poor quality and disappointing performance,Negative,11483.84,Yes,2025-06-17
1358,Router,Networking,5,Fast performance and reliable,Positive,6725.41,Yes,2025-08-06
1359,USB Flash Drive,Storage,1,Product has several issues,Negative,3661.36,Yes,2025-11-25
1360,Router,Networking,5,Good quality and easy to use,Positive,16626.04,Yes,2025-04-20
1361,Monitor,Computing,3,Features are satisfactory,Neutral,32653.17,Yes,2025-11-14
1362,Camera,Camera,4,Fast performance and reliable,Positive,132507.69,No,2025-08-04
1363,Laptop,Computing,5,Works perfectly and looks premium,Positive,78334.34,No,2025-01-24
1364,Keyboard,Accessories,1,Product has several issues,Negative,6635.88,No,2025-10-01
1365,Power Bank,Power,4,Works perfectly and looks premium,Positive,4981.38,No,2025-03-15
1366,Smartphone,Mobile,2,Build quality is poor,Negative,47159.65,Yes,2025-07-08
1367,Smartphone,Mobile,3,"Average product, works as expected",Neutral,59982.89,Yes,2025-12-13
1368,USB Flash Drive,Storage,1,Product has several issues,Negative,2632.25,Yes,2025-10-12
1369,Headphones,Audio,4,Amazing quality and works perfectly,Positive,1222.86,No,2025-09-13
1370,Tablet,Computing,3,Product meets basic expectations,Neutral,24728.41,Yes,2025-01-26
1371,Charger,Power,4,Amazing quality and works perfectly,Positive,2844.46,Yes,2025-11-10
1372,Earbuds,Audio,4,Works perfectly and looks premium,Positive,564.94,No,2025-05-03
1373,Smart TV,Home Entertainment,2,Product stopped working after a few days,Negative,145275.82,Yes,2025-01-19
1374,Webcam,Computer Accessories,5,Excellent product with great performance,Positive,18203.83,Yes,2025-12-17
1375,USB Flash Drive,Storage,3,Features are satisfactory,Neutral,3846.47,Yes,2025-03-11
1376,Bluetooth Speaker,Audio,2,Build quality is poor,Negative,9973.22,Yes,2025-04-29
1377,Printer,Office Electronics,4,Excellent product with great performance,Positive,25242.84,Yes,2025-02-21
1378,Earbuds,Audio,4,Works perfectly and looks premium,Positive,16442.56,No,2025-08-15
1379,Headphones,Audio,5,Works perfectly and looks premium,Positive,20572.89,Yes,2025-11-13
1380,Smart TV,Home Entertainment,4,Very good product and worth the price,Positive,195836.93,No,2025-07-09
1381,Gaming Console,Gaming,5,Amazing quality and works perfectly,Positive,52113.95,Yes,2025-11-14
1382,Laptop,Computing,3,Nothing special but it works fine,Neutral,67430.22,Yes,2025-12-08
1383,Printer,Office Electronics,5,"Amazing product, highly recommended",Positive,21298.63,Yes,2025-11-15
1384,Smartwatch,Wearable,4,Excellent build quality and smooth performance,Positive,46238.48,Yes,2025-03-01
1385,Gaming Console,Gaming,5,Very good product and worth the price,Positive,59799.03,No,2025-03-17
1386,Keyboard,Accessories,3,Product is okay for the price,Neutral,13031.65,Yes,2025-04-20
1387,Smartphone,Mobile,1,Performance is slow and unreliable,Negative,89097.59,Yes,2025-08-21
1388,External SSD,Storage,3,Performance is acceptable,Neutral,29066.62,Yes,2025-11-11
1389,Gaming Console,Gaming,4,Really happy with the purchase,Positive,52567.65,No,2025-04-25
1390,Printer,Office Electronics,4,Amazing quality and works perfectly,Positive,47745.74,Yes,2025-09-01
1391,Camera,Camera,3,Average experience with this product,Neutral,224325.3,Yes,2025-03-10
1392,External SSD,Storage,3,Performance is acceptable,Neutral,25763.55,Yes,2025-07-18
1393,Webcam,Computer Accessories,5,Really happy with the purchase,Positive,18842.77,Yes,2025-10-12
1394,Smart TV,Home Entertainment,3,Nothing special but it works fine,Neutral,112224.46,Yes,2025-05-25
1395,Charger,Power,5,Excellent product with great performance,Positive,3791.3,Yes,2025-03-01
1396,Smartphone,Mobile,3,Average experience with this product,Neutral,70197.61,Yes,2025-05-31
1397,Bluetooth Speaker,Audio,5,Really happy with the purchase,Positive,23466.82,Yes,2025-10-06
1398,Camera,Camera,1,Very bad experience with this product,Negative,196844.31,Yes,2025-12-08
1399,Tablet,Computing,4,Great product with impressive features,Positive,78256.38,Yes,2025-08-13
1400,Tablet,Computing,3,Product is okay for the price,Neutral,48560.42,Yes,2025-09-02
1401,Monitor,Computing,5,Excellent build quality and smooth performance,Positive,64925.3,Yes,2025-06-03
1402,Webcam,Computer Accessories,5,Amazing quality and works perfectly,Positive,17653.3,Yes,2025-12-06
1403,Bluetooth Speaker,Audio,5,Very good product and worth the price,Positive,19378.65,Yes,2025-11-14
1404,Webcam,Computer Accessories,5,Good quality and easy to use,Positive,9638.41,Yes,2025-12-21
1405,USB Flash Drive,Storage,5,Good quality and easy to use,Positive,4310.27,Yes,2025-11-12
1406,Bluetooth Speaker,Audio,3,It is okay but could be improved,Neutral,23530.75,Yes,2025-07-19
1407,Headphones,Audio,2,Battery life is very poor,Negative,14353.2,Yes,2025-12-17
1408,USB Flash Drive,Storage,4,Great product with impressive features,Positive,3025.38,Yes,2025-08-11
1409,External SSD,Storage,2,Performance is slow and unreliable,Negative,21517.28,No,2025-08-08
1410,Camera,Camera,1,Not worth the price,Negative,179872.36,Yes,2025-08-28
1411,Smart TV,Home Entertainment,5,Good quality and easy to use,Positive,72541.87,Yes,2025-03-09
1412,Tablet,Computing,1,Product stopped working after a few days,Negative,36342.25,No,2025-11-03
1413,Monitor,Computing,2,Frequent problems while using the product,Negative,71663.67,Yes,2025-05-13
1414,Camera,Camera,3,Decent quality but has some limitations,Neutral,235827.51,Yes,2025-08-29
1415,Laptop,Computing,1,Very bad experience with this product,Negative,90309.77,Yes,2025-11-05
1416,Smart TV,Home Entertainment,2,Product stopped working after a few days,Negative,183974.73,Yes,2025-02-11
1417,Charger,Power,3,Nothing special but it works fine,Neutral,2512.25,Yes,2025-04-20
1418,Bluetooth Speaker,Audio,3,Performance is acceptable,Neutral,5682.31,Yes,2025-12-10
1419,Headphones,Audio,3,Performance is acceptable,Neutral,22119.97,No,2025-05-12
1420,Smartphone,Mobile,1,Poor quality and disappointing performance,Negative,13139.13,No,2025-08-30
1421,Charger,Power,3,Decent quality but has some limitations,Neutral,835.41,Yes,2025-07-24
1422,Smart TV,Home Entertainment,5,Fast performance and reliable,Positive,189086.03,No,2025-11-14
1423,Smartphone,Mobile,5,Excellent product with great performance,Positive,65973.63,Yes,2025-07-06
1424,Keyboard,Accessories,4,Great product with impressive features,Positive,4362.46,No,2025-06-05
1425,Gaming Console,Gaming,3,"Average product, works as expected",Neutral,51422.52,Yes,2025-01-06
1426,Keyboard,Accessories,5,Fast performance and reliable,Positive,8883.58,Yes,2025-06-23
1427,Gaming Console,Gaming,5,Really happy with the purchase,Positive,60140.35,Yes,2025-08-02
1428,Router,Networking,4,"Amazing product, highly recommended",Positive,7616.22,Yes,2025-09-09
1429,Smart TV,Home Entertainment,5,Fast performance and reliable,Positive,86669.55,No,2025-10-12
1430,Camera,Camera,3,Product meets basic expectations,Neutral,148696.73,Yes,2025-10-11
1431,Router,Networking,5,Really happy with the purchase,Positive,12906.63,Yes,2025-06-17
1432,Bluetooth Speaker,Audio,5,Excellent product with great performance,Positive,27703.61,No,2025-01-29
1433,Smartwatch,Wearable,5,Excellent product with great performance,Positive,20525.39,Yes,2025-04-03
1434,Laptop,Computing,4,Excellent product with great performance,Positive,161203.08,Yes,2025-05-29
1435,Tablet,Computing,1,Not worth the price,Negative,99389.63,No,2025-12-24
1436,USB Flash Drive,Storage,5,Fast performance and reliable,Positive,1893.32,Yes,2025-10-08
1437,Smartphone,Mobile,4,Great product with impressive features,Positive,11055.86,Yes,2025-11-23
1438,Mouse,Accessories,2,Very disappointed with the purchase,Negative,6162.4,Yes,2025-12-29
1439,Camera,Camera,3,It is okay but could be improved,Neutral,228320.72,Yes,2025-02-18
1440,Gaming Console,Gaming,1,Performance is slow and unreliable,Negative,27936.39,Yes,2025-01-05
1441,Laptop,Computing,4,Really happy with the purchase,Positive,59572.48,Yes,2025-07-29
1442,Printer,Office Electronics,4,Very good product and worth the price,Positive,35426.77,Yes,2025-04-07
1443,Keyboard,Accessories,4,Excellent product with great performance,Positive,12239.97,Yes,2025-11-14
1444,Smartphone,Mobile,3,Product meets basic expectations,Neutral,17703.71,Yes,2025-06-19
1445,Tablet,Computing,5,Works perfectly and looks premium,Positive,42736.41,Yes,2025-01-04
1446,Printer,Office Electronics,3,Nothing special but it works fine,Neutral,15743.23,Yes,2025-03-23
1447,Webcam,Computer Accessories,4,Excellent product with great performance,Positive,19332.65,Yes,2025-05-05
1448,External SSD,Storage,3,Nothing special but it works fine,Neutral,21426.66,Yes,2025-01-10
1449,Bluetooth Speaker,Audio,4,Excellent product with great performance,Positive,14688.64,Yes,2025-04-26
1450,Webcam,Computer Accessories,3,Product is okay for the price,Neutral,17384.69,No,2025-07-16
1451,Earbuds,Audio,4,Great product with impressive features,Positive,13672.73,Yes,2025-11-23
1452,Headphones,Audio,5,Really happy with the purchase,Positive,27384.36,Yes,2025-08-26
1453,External SSD,Storage,3,Good enough for basic use,Neutral,9447.83,Yes,2025-02-04
1454,Bluetooth Speaker,Audio,5,Works perfectly and looks premium,Positive,1598.28,Yes,2025-06-01
1455,Power Bank,Power,5,Great product with impressive features,Positive,3886.92,Yes,2025-10-08
1456,Gaming Console,Gaming,2,Very disappointed with the purchase,Negative,36235.25,Yes,2025-05-16
1457,Smartwatch,Wearable,4,Great product with impressive features,Positive,42032.96,Yes,2025-07-25
1458,Webcam,Computer Accessories,5,Amazing quality and works perfectly,Positive,11125.55,Yes,2025-12-26
1459,Smartwatch,Wearable,4,Excellent build quality and smooth performance,Positive,15500.19,Yes,2025-02-20
1460,Smart TV,Home Entertainment,5,Very good product and worth the price,Positive,158111.17,No,2025-06-24
1461,Earbuds,Audio,2,Very bad experience with this product,Negative,13408.69,No,2025-08-11
1462,Keyboard,Accessories,5,Great product with impressive features,Positive,7790.52,Yes,2025-10-19
1463,Earbuds,Audio,1,Very bad experience with this product,Negative,4929.35,Yes,2025-11-02
1464,Power Bank,Power,5,Great product with impressive features,Positive,7965.55,Yes,2025-04-15
1465,Smartphone,Mobile,1,Build quality is poor,Negative,81810.02,Yes,2025-06-20
1466,Smartwatch,Wearable,3,Average experience with this product,Neutral,42958.94,Yes,2025-10-31
1467,Power Bank,Power,4,Excellent build quality and smooth performance,Positive,6270.07,Yes,2025-11-03
1468,Gaming Console,Gaming,5,Amazing quality and works perfectly,Positive,52661.36,Yes,2025-10-28
1469,Smart TV,Home Entertainment,5,Very good product and worth the price,Positive,16800.34,Yes,2025-09-01
1470,USB Flash Drive,Storage,3,Product is okay for the price,Neutral,3433.35,No,2025-04-08
1471,Webcam,Computer Accessories,4,Excellent build quality and smooth performance,Positive,2914.14,Yes,2025-05-15
1472,External SSD,Storage,4,Fast performance and reliable,Positive,28959.56,Yes,2025-08-28
1473,External SSD,Storage,2,Frequent problems while using the product,Negative,9730.15,Yes,2025-04-03
1474,Bluetooth Speaker,Audio,5,Amazing quality and works perfectly,Positive,11526.12,No,2025-09-06
1475,Webcam,Computer Accessories,4,Excellent build quality and smooth performance,Positive,11479.63,No,2025-07-07
1476,Smart TV,Home Entertainment,4,"Amazing product, highly recommended",Positive,107983.68,Yes,2025-06-11
1477,Power Bank,Power,5,Works perfectly and looks premium,Positive,5517.07,Yes,2025-05-10
1478,Tablet,Computing,2,Poor quality and disappointing performance,Negative,80510.29,Yes,2025-10-10
1479,Smartphone,Mobile,5,Good quality and easy to use,Positive,92856.12,Yes,2025-06-19
1480,Mouse,Accessories,3,It is okay but could be improved,Neutral,9108.43,Yes,2025-04-23
1481,Camera,Camera,3,Good enough for basic use,Neutral,130731.21,No,2025-05-21
1482,Charger,Power,4,Really happy with the purchase,Positive,2810.61,Yes,2025-06-26
1483,Printer,Office Electronics,2,Build quality is poor,Negative,44333.47,Yes,2025-08-14
1484,Power Bank,Power,3,Product meets basic expectations,Neutral,2832.78,Yes,2025-12-28
1485,Gaming Console,Gaming,5,Good quality and easy to use,Positive,38525.61,No,2025-05-05
1486,External SSD,Storage,1,Poor quality and disappointing performance,Negative,3246.33,No,2025-03-07
1487,Printer,Office Electronics,4,Amazing quality and works perfectly,Positive,38231.62,Yes,2025-12-23
1488,Camera,Camera,4,Excellent build quality and smooth performance,Positive,179706.77,Yes,2025-02-23
1489,Charger,Power,2,Frequent problems while using the product,Negative,1600.59,Yes,2025-11-26
1490,Laptop,Computing,5,Works perfectly and looks premium,Positive,49487.32,No,2025-02-21
1491,Camera,Camera,5,Really happy with the purchase,Positive,34569.46,Yes,2025-05-13
1492,Smartwatch,Wearable,3,Product is okay for the price,Neutral,25161.35,Yes,2025-12-31
1493,Monitor,Computing,3,Product meets basic expectations,Neutral,20317.69,Yes,2025-03-02
1494,Power Bank,Power,3,Average experience with this product,Neutral,6512.46,Yes,2025-02-28
1495,Laptop,Computing,1,Performance is slow and unreliable,Negative,172505.06,Yes,2025-08-11
1496,Gaming Console,Gaming,3,Performance is acceptable,Neutral,67727.27,Yes,2025-03-11
1497,Earbuds,Audio,4,Amazing quality and works perfectly,Positive,21364.09,Yes,2025-01-09
1498,Power Bank,Power,3,Product is okay for the price,Neutral,7933.7,No,2025-09-11
1499,Monitor,Computing,4,Excellent build quality and smooth performance,Positive,60819.97,Yes,2025-12-17
1500,Monitor,Computing,3,Performance is acceptable,Neutral,47981.95,Yes,2025-10-05
1501,Monitor,Computing,4,Works perfectly and looks premium,Positive,65940.83,Yes,2025-12-18
1502,Laptop,Computing,3,Features are satisfactory,Neutral,114577.75,Yes,2025-07-12
1503,Smartwatch,Wearable,4,Very good product and worth the price,Positive,22476.98,Yes,2025-08-13
1504,External SSD,Storage,4,Works perfectly and looks premium,Positive,3877.63,Yes,2025-12-25
1505,Tablet,Computing,5,Works perfectly and looks premium,Positive,67868.24,Yes,2025-07-03
1506,Mouse,Accessories,1,Frequent problems while using the product,Negative,9005.92,No,2025-01-15
1507,Tablet,Computing,4,Works perfectly and looks premium,Positive,72383.63,Yes,2025-03-29
1508,Power Bank,Power,5,Good quality and easy to use,Positive,3709.85,Yes,2025-08-15
1509,Camera,Camera,4,Excellent product with great performance,Positive,163802.36,Yes,2025-11-09
1510,Mouse,Accessories,4,Excellent product with great performance,Positive,8185.67,No,2025-08-10
1511,External SSD,Storage,2,Frequent problems while using the product,Negative,23634.48,Yes,2025-05-29
1512,Earbuds,Audio,4,Fast performance and reliable,Positive,12533.87,Yes,2025-04-28
1513,Charger,Power,5,"Amazing product, highly recommended",Positive,1999.88,Yes,2025-09-07
1514,Earbuds,Audio,4,"Amazing product, highly recommended",Positive,10223.16,Yes,2025-11-25
1515,Power Bank,Power,4,Really happy with the purchase,Positive,7336.95,Yes,2025-04-12
1516,Laptop,Computing,5,Fast performance and reliable,Positive,55478.05,Yes,2025-07-21
1517,Earbuds,Audio,5,Excellent product with great performance,Positive,21643.0,Yes,2025-06-06
1518,Router,Networking,4,Excellent product with great performance,Positive,4710.39,Yes,2025-03-31
1519,External SSD,Storage,3,Product is okay for the price,Neutral,29484.02,Yes,2025-05-28
1520,Earbuds,Audio,4,"Amazing product, highly recommended",Positive,11484.4,Yes,2025-02-02
1521,Earbuds,Audio,4,Excellent product with great performance,Positive,18469.05,No,2025-07-13
1522,Earbuds,Audio,3,Product is okay for the price,Neutral,18369.67,Yes,2025-02-09
1523,Earbuds,Audio,5,Excellent build quality and smooth performance,Positive,19427.01,Yes,2025-06-23
1524,Smart TV,Home Entertainment,2,Product stopped working after a few days,Negative,161038.23,Yes,2025-11-24
1525,Gaming Console,Gaming,5,Fast performance and reliable,Positive,27149.11,Yes,2025-02-23
1526,Monitor,Computing,2,Frequent problems while using the product,Negative,26226.74,Yes,2025-04-02
1527,Mouse,Accessories,3,Product is okay for the price,Neutral,2528.18,No,2025-09-21
1528,Power Bank,Power,5,Works perfectly and looks premium,Positive,5829.87,Yes,2025-11-28
1529,Charger,Power,4,Very good product and worth the price,Positive,3511.59,Yes,2025-12-15
1530,Monitor,Computing,3,Performance is acceptable,Neutral,27980.48,Yes,2025-02-13
1531,Smart TV,Home Entertainment,1,Poor quality and disappointing performance,Negative,161805.26,Yes,2025-03-29
1532,Earbuds,Audio,1,Frequent problems while using the product,Negative,8134.7,Yes,2025-12-26
1533,Keyboard,Accessories,1,Product has several issues,Negative,5472.56,Yes,2025-07-04
1534,Smartphone,Mobile,5,Fast performance and reliable,Positive,52671.3,Yes,2025-11-01
1535,Mouse,Accessories,5,Very good product and worth the price,Positive,7522.52,Yes,2025-01-06
1536,Printer,Office Electronics,4,Really happy with the purchase,Positive,5530.01,Yes,2025-02-12
1537,Smart TV,Home Entertainment,4,Excellent product with great performance,Positive,182696.07,Yes,2025-03-16
1538,Mouse,Accessories,4,Excellent build quality and smooth performance,Positive,7012.93,Yes,2025-02-01
1539,Tablet,Computing,4,Very good product and worth the price,Positive,62793.85,Yes,2025-11-22
1540,Router,Networking,5,Great product with impressive features,Positive,5509.3,Yes,2025-10-21
1541,Camera,Camera,5,"Amazing product, highly recommended",Positive,201740.5,Yes,2025-05-23
1542,Smart TV,Home Entertainment,4,Excellent product with great performance,Positive,176465.81,Yes,2025-01-29
1543,Power Bank,Power,2,Frequent problems while using the product,Negative,4411.14,No,2025-02-08
1544,Smartphone,Mobile,3,Performance is acceptable,Neutral,40755.61,Yes,2025-04-06
1545,Webcam,Computer Accessories,2,Battery life is very poor,Negative,8230.51,Yes,2025-09-23
1546,Gaming Console,Gaming,4,Fast performance and reliable,Positive,47893.81,Yes,2025-10-20
1547,USB Flash Drive,Storage,5,"Amazing product, highly recommended",Positive,1737.8,Yes,2025-07-16
1548,Tablet,Computing,1,Poor quality and disappointing performance,Negative,74096.97,Yes,2025-11-28
1549,Mouse,Accessories,4,Fast performance and reliable,Positive,3619.09,Yes,2025-12-05
1550,Mouse,Accessories,3,"Average product, works as expected",Neutral,8265.81,Yes,2025-10-08
1551,Earbuds,Audio,5,Excellent build quality and smooth performance,Positive,11860.43,Yes,2025-01-29
1552,USB Flash Drive,Storage,2,Product stopped working after a few days,Negative,3256.11,No,2025-11-21
1553,Smartwatch,Wearable,4,Really happy with the purchase,Positive,47475.69,Yes,2025-11-28
1554,Laptop,Computing,4,Really happy with the purchase,Positive,96908.05,Yes,2025-07-24
1555,Headphones,Audio,3,Performance is acceptable,Neutral,5525.21,Yes,2025-08-07
1556,Smart TV,Home Entertainment,2,Very disappointed with the purchase,Negative,116735.63,Yes,2025-10-12
1557,Tablet,Computing,4,Excellent product with great performance,Positive,54700.8,Yes,2025-08-05
1558,Charger,Power,5,Good quality and easy to use,Positive,3978.14,Yes,2025-05-06
1559,Smartwatch,Wearable,3,Average experience with this product,Neutral,43219.67,Yes,2025-09-12
1560,Monitor,Computing,1,Build quality is poor,Negative,58733.86,No,2025-10-14
1561,Charger,Power,2,Not worth the price,Negative,4865.84,Yes,2025-02-21
1562,Smartphone,Mobile,5,Excellent product with great performance,Positive,38149.8,Yes,2025-09-06
1563,Headphones,Audio,3,"Average product, works as expected",Neutral,7556.27,Yes,2025-03-05
1564,Charger,Power,1,Frequent problems while using the product,Negative,1669.05,Yes,2025-07-29
1565,Smartphone,Mobile,5,Fast performance and reliable,Positive,83141.62,Yes,2025-02-09
1566,Mouse,Accessories,2,Very disappointed with the purchase,Negative,2555.65,Yes,2025-12-29
1567,Camera,Camera,1,Very disappointed with the purchase,Negative,44893.92,Yes,2025-09-01
1568,Headphones,Audio,5,Excellent product with great performance,Positive,29342.8,Yes,2025-06-21
1569,Smartwatch,Wearable,3,Nothing special but it works fine,Neutral,16758.62,Yes,2025-07-03
1570,Mouse,Accessories,4,Great product with impressive features,Positive,2457.23,Yes,2025-08-15
1571,Router,Networking,5,"Amazing product, highly recommended",Positive,7816.23,No,2025-02-15
1572,Smartphone,Mobile,4,Really happy with the purchase,Positive,25743.62,Yes,2025-07-06
1573,Bluetooth Speaker,Audio,5,Really happy with the purchase,Positive,1844.42,Yes,2025-09-19
1574,Smart TV,Home Entertainment,5,Amazing quality and works perfectly,Positive,71495.96,Yes,2025-04-06
1575,Bluetooth Speaker,Audio,1,Product stopped working after a few days,Negative,10665.6,Yes,2025-06-24
1576,Bluetooth Speaker,Audio,5,Really happy with the purchase,Positive,24481.67,Yes,2025-05-01
1577,Router,Networking,4,Works perfectly and looks premium,Positive,9277.1,Yes,2025-02-28
1578,Mouse,Accessories,3,Good enough for basic use,Neutral,7446.5,Yes,2025-12-24
1579,Monitor,Computing,4,Excellent product with great performance,Positive,60442.73,Yes,2025-08-05
1580,External SSD,Storage,4,Excellent build quality and smooth performance,Positive,24302.79,Yes,2025-05-24
1581,Smartphone,Mobile,4,Really happy with the purchase,Positive,110873.0,Yes,2025-05-04
1582,Router,Networking,3,Performance is acceptable,Neutral,10474.0,Yes,2025-09-05
1583,Monitor,Computing,3,Product meets basic expectations,Neutral,13692.54,Yes,2025-02-09
1584,Printer,Office Electronics,2,Very bad experience with this product,Negative,6739.83,Yes,2025-07-26
1585,Router,Networking,5,Very good product and worth the price,Positive,4551.28,Yes,2025-03-26
1586,Webcam,Computer Accessories,2,Not worth the price,Negative,16755.02,Yes,2025-11-21
1587,Tablet,Computing,4,Works perfectly and looks premium,Positive,61691.45,Yes,2025-10-14
1588,Smartwatch,Wearable,3,Product meets basic expectations,Neutral,8295.73,Yes,2025-10-04
1589,Webcam,Computer Accessories,2,Build quality is poor,Negative,3520.09,Yes,2025-02-23
1590,Monitor,Computing,1,Poor quality and disappointing performance,Negative,71971.22,Yes,2025-01-30
1591,USB Flash Drive,Storage,5,Amazing quality and works perfectly,Positive,2744.14,Yes,2025-06-17
1592,Gaming Console,Gaming,1,Product has several issues,Negative,34454.37,Yes,2025-05-10
1593,Mouse,Accessories,5,Amazing quality and works perfectly,Positive,8998.45,Yes,2025-09-22
1594,Smartphone,Mobile,4,Excellent product with great performance,Positive,88721.44,Yes,2025-09-17
1595,Laptop,Computing,5,"Amazing product, highly recommended",Positive,101665.31,No,2025-05-25
1596,Router,Networking,1,Very bad experience with this product,Negative,9836.24,Yes,2025-02-28
1597,Laptop,Computing,4,Amazing quality and works perfectly,Positive,130897.77,Yes,2025-04-29
1598,Smartphone,Mobile,3,It is okay but could be improved,Neutral,45890.63,No,2025-07-03
1599,Headphones,Audio,2,Build quality is poor,Negative,29997.35,Yes,2025-04-03
1600,Webcam,Computer Accessories,4,Amazing quality and works perfectly,Positive,15906.54,No,2025-04-26
1601,Camera,Camera,4,Very good product and worth the price,Positive,169215.97,Yes,2025-03-29
1602,Router,Networking,5,Fast performance and reliable,Positive,14061.6,Yes,2025-01-24
1603,Gaming Console,Gaming,5,Excellent build quality and smooth performance,Positive,79784.61,Yes,2025-08-08
1604,Charger,Power,3,Product meets basic expectations,Neutral,350.67,Yes,2025-12-30
1605,Earbuds,Audio,4,Fast performance and reliable,Positive,1059.2,Yes,2025-12-14
1606,Keyboard,Accessories,3,Decent quality but has some limitations,Neutral,11882.9,Yes,2025-12-06
1607,Power Bank,Power,5,Great product with impressive features,Positive,2307.62,Yes,2025-08-29
1608,Smart TV,Home Entertainment,5,Good quality and easy to use,Positive,141755.81,Yes,2025-09-30
1609,Printer,Office Electronics,4,Amazing quality and works perfectly,Positive,27650.32,No,2025-01-24
1610,Router,Networking,4,Great product with impressive features,Positive,7054.73,No,2025-03-15
1611,USB Flash Drive,Storage,2,Very bad experience with this product,Negative,1387.3,Yes,2025-09-15
1612,USB Flash Drive,Storage,4,Very good product and worth the price,Positive,3950.71,Yes,2025-12-27
1613,Gaming Console,Gaming,1,Very disappointed with the purchase,Negative,34404.01,Yes,2025-11-28
1614,USB Flash Drive,Storage,2,Product has several issues,Negative,1045.99,Yes,2025-08-19
1615,Laptop,Computing,2,Frequent problems while using the product,Negative,96289.89,No,2025-02-09
1616,Smartphone,Mobile,2,Frequent problems while using the product,Negative,21359.0,Yes,2025-12-19
1617,Keyboard,Accessories,5,Works perfectly and looks premium,Positive,9801.92,Yes,2025-04-27
1618,Laptop,Computing,1,Frequent problems while using the product,Negative,178795.62,Yes,2025-01-16
1619,Bluetooth Speaker,Audio,4,"Amazing product, highly recommended",Positive,22639.07,Yes,2025-10-08
1620,Smartwatch,Wearable,5,Good quality and easy to use,Positive,30756.9,No,2025-03-05
1621,Smart TV,Home Entertainment,5,"Amazing product, highly recommended",Positive,88008.12,No,2025-04-21
1622,Gaming Console,Gaming,4,Fast performance and reliable,Positive,79339.43,Yes,2025-09-05
1623,Smartphone,Mobile,3,It is okay but could be improved,Neutral,106553.64,Yes,2025-12-19
1624,Camera,Camera,5,Good quality and easy to use,Positive,209632.93,No,2025-11-28
1625,Router,Networking,4,Amazing quality and works perfectly,Positive,5370.13,Yes,2025-03-01
1626,Bluetooth Speaker,Audio,4,Good quality and easy to use,Positive,4408.56,Yes,2025-03-06
1627,Printer,Office Electronics,5,Excellent build quality and smooth performance,Positive,13007.35,Yes,2025-10-23
1628,Smart TV,Home Entertainment,2,Product has several issues,Negative,62857.48,Yes,2025-04-26
1629,Smart TV,Home Entertainment,3,Good enough for basic use,Neutral,30114.28,No,2025-01-29
1630,Laptop,Computing,4,Great product with impressive features,Positive,163263.35,No,2025-08-03
1631,Keyboard,Accessories,4,Excellent product with great performance,Positive,3185.42,No,2025-08-28
1632,External SSD,Storage,4,Excellent product with great performance,Positive,9118.46,Yes,2025-12-31
1633,Keyboard,Accessories,4,Fast performance and reliable,Positive,13378.3,No,2025-06-27
1634,Mouse,Accessories,4,Great product with impressive features,Positive,9593.99,Yes,2025-10-19
1635,Bluetooth Speaker,Audio,5,Amazing quality and works perfectly,Positive,7276.01,Yes,2025-07-15
1636,Keyboard,Accessories,5,Good quality and easy to use,Positive,4765.67,Yes,2025-12-04
1637,Gaming Console,Gaming,4,Works perfectly and looks premium,Positive,69005.66,Yes,2025-06-27
1638,Smartphone,Mobile,4,Great product with impressive features,Positive,116669.56,No,2025-09-04
1639,External SSD,Storage,2,Battery life is very poor,Negative,20541.25,No,2025-12-18
1640,Router,Networking,4,Very good product and worth the price,Positive,9409.11,No,2025-11-17
1641,Tablet,Computing,5,Great product with impressive features,Positive,70712.16,Yes,2025-05-27
1642,External SSD,Storage,2,Not worth the price,Negative,24067.65,Yes,2025-07-05
1643,Power Bank,Power,4,Amazing quality and works perfectly,Positive,1611.12,Yes,2025-08-05
1644,Bluetooth Speaker,Audio,5,Very good product and worth the price,Positive,13510.71,Yes,2025-02-15
1645,Mouse,Accessories,5,Excellent build quality and smooth performance,Positive,8615.83,Yes,2025-03-27
1646,Power Bank,Power,4,Great product with impressive features,Positive,5879.06,Yes,2025-09-16
1647,Headphones,Audio,3,Features are satisfactory,Neutral,5036.34,Yes,2025-01-27
1648,Camera,Camera,5,Really happy with the purchase,Positive,194922.97,Yes,2025-08-08
1649,Camera,Camera,5,Excellent build quality and smooth performance,Positive,175174.25,No,2025-06-26
1650,Monitor,Computing,3,Average experience with this product,Neutral,25584.01,Yes,2025-06-27
1651,Mouse,Accessories,1,Frequent problems while using the product,Negative,3636.83,Yes,2025-11-05
1652,Camera,Camera,2,Battery life is very poor,Negative,95741.46,No,2025-04-11
1653,Power Bank,Power,3,It is okay but could be improved,Neutral,7951.39,Yes,2025-10-16
1654,Keyboard,Accessories,4,Works perfectly and looks premium,Positive,3163.96,Yes,2025-10-14
1655,Smart TV,Home Entertainment,3,It is okay but could be improved,Neutral,168441.83,Yes,2025-12-29
1656,Printer,Office Electronics,3,Product is okay for the price,Neutral,28878.59,Yes,2025-10-27
1657,Monitor,Computing,5,"Amazing product, highly recommended",Positive,71158.6,Yes,2025-07-05
1658,Router,Networking,5,Excellent build quality and smooth performance,Positive,19655.36,Yes,2025-05-13
1659,USB Flash Drive,Storage,5,Great product with impressive features,Positive,4817.09,Yes,2025-10-13
1660,Tablet,Computing,4,Amazing quality and works perfectly,Positive,86882.77,Yes,2025-12-05
1661,Charger,Power,5,Amazing quality and works perfectly,Positive,2243.79,Yes,2025-04-13
1662,External SSD,Storage,1,Performance is slow and unreliable,Negative,10324.34,No,2025-05-15
1663,Laptop,Computing,5,Works perfectly and looks premium,Positive,77924.61,Yes,2025-07-01
1664,Bluetooth Speaker,Audio,4,"Amazing product, highly recommended",Positive,19871.63,No,2025-02-09
1665,External SSD,Storage,4,Good quality and easy to use,Positive,12230.24,Yes,2025-04-25
1666,Webcam,Computer Accessories,5,Very good product and worth the price,Positive,9262.88,Yes,2025-03-02
1667,Smart TV,Home Entertainment,4,Amazing quality and works perfectly,Positive,29751.23,Yes,2025-10-09
1668,Camera,Camera,4,Excellent product with great performance,Positive,198477.62,Yes,2025-06-30
1669,Smartphone,Mobile,5,Really happy with the purchase,Positive,20484.57,Yes,2025-08-09
1670,Smartphone,Mobile,3,Product meets basic expectations,Neutral,45746.97,Yes,2025-01-30
1671,USB Flash Drive,Storage,1,Build quality is poor,Negative,3075.04,Yes,2025-07-29
1672,Router,Networking,5,Works perfectly and looks premium,Positive,11092.32,Yes,2025-09-20
1673,Smartwatch,Wearable,4,Fast performance and reliable,Positive,44816.83,Yes,2025-09-09
1674,Tablet,Computing,4,Good quality and easy to use,Positive,69281.93,No,2025-10-18
1675,Tablet,Computing,4,"Amazing product, highly recommended",Positive,81014.03,Yes,2025-02-11
1676,Printer,Office Electronics,2,Battery life is very poor,Negative,18655.07,Yes,2025-07-20
1677,External SSD,Storage,3,Performance is acceptable,Neutral,6570.95,Yes,2025-06-26
1678,Webcam,Computer Accessories,2,Very disappointed with the purchase,Negative,15123.27,Yes,2025-11-23
1679,Tablet,Computing,3,It is okay but could be improved,Neutral,23822.11,Yes,2025-09-10
1680,Gaming Console,Gaming,3,Average experience with this product,Neutral,70879.14,Yes,2025-12-15
1681,Webcam,Computer Accessories,2,Very bad experience with this product,Negative,18917.33,No,2025-01-10
1682,Power Bank,Power,3,Average experience with this product,Neutral,2837.08,Yes,2025-06-13
1683,External SSD,Storage,4,Very good product and worth the price,Positive,23547.14,Yes,2025-09-14
1684,Camera,Camera,2,Product has several issues,Negative,123401.12,Yes,2025-02-02
1685,Smartphone,Mobile,5,Excellent product with great performance,Positive,41487.7,No,2025-08-26
1686,Keyboard,Accessories,5,Works perfectly and looks premium,Positive,6751.58,No,2025-03-26
1687,Earbuds,Audio,4,Great product with impressive features,Positive,16345.8,Yes,2025-01-28
1688,Laptop,Computing,4,Good quality and easy to use,Positive,178210.24,Yes,2025-08-29
1689,Charger,Power,4,Great product with impressive features,Positive,1710.21,No,2025-06-05
1690,Webcam,Computer Accessories,5,Excellent product with great performance,Positive,14412.92,Yes,2025-05-29
1691,Laptop,Computing,4,Amazing quality and works perfectly,Positive,80230.52,Yes,2025-04-29
1692,Bluetooth Speaker,Audio,3,Features are satisfactory,Neutral,8140.71,No,2025-09-08
1693,Gaming Console,Gaming,1,Very disappointed with the purchase,Negative,59751.32,Yes,2025-08-14
1694,Bluetooth Speaker,Audio,4,Great product with impressive features,Positive,23029.61,No,2025-09-01
1695,Tablet,Computing,4,Great product with impressive features,Positive,74564.74,Yes,2025-10-15
1696,Smartwatch,Wearable,3,Performance is acceptable,Neutral,47215.41,Yes,2025-08-09
1697,Smartphone,Mobile,4,"Amazing product, highly recommended",Positive,20025.35,Yes,2025-01-28
1698,Smart TV,Home Entertainment,5,Excellent build quality and smooth performance,Positive,115022.78,Yes,2025-02-27
1699,Mouse,Accessories,2,Not worth the price,Negative,3121.18,No,2025-12-28
1700,Webcam,Computer Accessories,3,Performance is acceptable,Neutral,16522.18,Yes,2025-04-15
1701,Gaming Console,Gaming,4,Very good product and worth the price,Positive,28411.46,No,2025-06-06
1702,Bluetooth Speaker,Audio,4,Really happy with the purchase,Positive,5933.46,Yes,2025-05-18
1703,Webcam,Computer Accessories,5,Excellent build quality and smooth performance,Positive,15668.54,No,2025-12-28
1704,Earbuds,Audio,4,Very good product and worth the price,Positive,9188.71,Yes,2025-10-28
1705,Smartwatch,Wearable,1,Product stopped working after a few days,Negative,34567.31,Yes,2025-06-26
1706,USB Flash Drive,Storage,4,Very good product and worth the price,Positive,4992.98,Yes,2025-09-07
1707,Charger,Power,1,Very disappointed with the purchase,Negative,2461.29,Yes,2025-07-21
1708,Keyboard,Accessories,4,Good quality and easy to use,Positive,8228.27,Yes,2025-08-24
1709,Charger,Power,5,Very good product and worth the price,Positive,4884.04,No,2025-12-15
1710,Smart TV,Home Entertainment,4,Great product with impressive features,Positive,153082.8,No,2025-09-03
1711,Earbuds,Audio,4,Really happy with the purchase,Positive,5320.55,Yes,2025-02-11
1712,Webcam,Computer Accessories,2,Poor quality and disappointing performance,Negative,16281.7,Yes,2025-07-03
1713,Webcam,Computer Accessories,4,Excellent product with great performance,Positive,10801.31,Yes,2025-10-27
1714,External SSD,Storage,1,Product has several issues,Negative,24258.97,No,2025-01-15
1715,Smartwatch,Wearable,4,Good quality and easy to use,Positive,30529.8,Yes,2025-05-11
1716,Laptop,Computing,5,Fast performance and reliable,Positive,64099.72,Yes,2025-03-15
1717,Tablet,Computing,4,Amazing quality and works perfectly,Positive,83299.56,Yes,2025-09-21
1718,Router,Networking,4,Good quality and easy to use,Positive,1038.5,No,2025-02-21
1719,Monitor,Computing,5,Works perfectly and looks premium,Positive,71714.24,Yes,2025-08-16
1720,Smart TV,Home Entertainment,5,Amazing quality and works perfectly,Positive,166442.71,Yes,2025-01-24
1721,Smartphone,Mobile,1,Product stopped working after a few days,Negative,116655.68,Yes,2025-12-04
1722,Monitor,Computing,1,Very disappointed with the purchase,Negative,8629.79,No,2025-04-27
1723,Earbuds,Audio,2,Very bad experience with this product,Negative,11222.05,Yes,2025-05-29
1724,Printer,Office Electronics,4,Excellent product with great performance,Positive,12610.92,No,2025-10-15
1725,Tablet,Computing,3,Decent quality but has some limitations,Neutral,43659.06,No,2025-05-19
1726,Keyboard,Accessories,4,Amazing quality and works perfectly,Positive,5716.98,Yes,2025-02-12
1727,Printer,Office Electronics,4,"Amazing product, highly recommended",Positive,31890.25,Yes,2025-11-27
1728,Smart TV,Home Entertainment,5,Fast performance and reliable,Positive,95924.55,No,2025-02-10
1729,Webcam,Computer Accessories,4,"Amazing product, highly recommended",Positive,19345.89,Yes,2025-07-01
1730,Gaming Console,Gaming,3,Product is okay for the price,Neutral,40277.56,Yes,2025-02-15
1731,Smartwatch,Wearable,5,Really happy with the purchase,Positive,21809.4,Yes,2025-09-12
1732,Laptop,Computing,4,Excellent product with great performance,Positive,135098.22,No,2025-04-09
1733,Keyboard,Accessories,5,Great product with impressive features,Positive,4509.88,Yes,2025-12-07
1734,Mouse,Accessories,4,Works perfectly and looks premium,Positive,7320.97,Yes,2025-03-15
1735,Power Bank,Power,4,Great product with impressive features,Positive,5902.73,Yes,2025-09-02
1736,Smartphone,Mobile,5,Really happy with the purchase,Positive,87770.68,Yes,2025-01-06
1737,Gaming Console,Gaming,1,Battery life is very poor,Negative,62129.2,Yes,2025-02-11
1738,Monitor,Computing,4,Amazing quality and works perfectly,Positive,66492.07,Yes,2025-04-11
1739,Tablet,Computing,3,Features are satisfactory,Neutral,99543.85,No,2025-11-19
1740,Webcam,Computer Accessories,3,Good enough for basic use,Neutral,2051.39,No,2025-12-30
1741,Monitor,Computing,5,Works perfectly and looks premium,Positive,42788.85,Yes,2025-08-12
1742,Headphones,Audio,4,"Amazing product, highly recommended",Positive,24485.89,Yes,2025-05-03
1743,Mouse,Accessories,5,Excellent product with great performance,Positive,300.46,Yes,2025-04-24
1744,Smart TV,Home Entertainment,4,Very good product and worth the price,Positive,115853.35,Yes,2025-03-19
1745,USB Flash Drive,Storage,2,Very bad experience with this product,Negative,3401.05,Yes,2025-05-05
1746,Laptop,Computing,5,"Amazing product, highly recommended",Positive,58761.4,Yes,2025-06-30
1747,Gaming Console,Gaming,5,Excellent build quality and smooth performance,Positive,47045.13,Yes,2025-09-08
1748,Gaming Console,Gaming,5,"Amazing product, highly recommended",Positive,68419.82,Yes,2025-03-25
1749,Printer,Office Electronics,3,Average experience with this product,Neutral,8000.72,Yes,2025-01-14
1750,Smart TV,Home Entertainment,4,Works perfectly and looks premium,Positive,39950.35,Yes,2025-07-24
1751,Router,Networking,4,Fast performance and reliable,Positive,16543.32,Yes,2025-03-30
1752,Gaming Console,Gaming,3,Average experience with this product,Neutral,69506.3,Yes,2025-05-27
1753,Monitor,Computing,3,Good enough for basic use,Neutral,49689.85,Yes,2025-09-17
1754,Printer,Office Electronics,2,Product stopped working after a few days,Negative,23728.4,Yes,2025-11-24
1755,Webcam,Computer Accessories,4,"Amazing product, highly recommended",Positive,3007.38,Yes,2025-07-15
1756,Smart TV,Home Entertainment,4,"Amazing product, highly recommended",Positive,165115.9,Yes,2025-12-05
1757,Smart TV,Home Entertainment,4,Amazing quality and works perfectly,Positive,59722.89,Yes,2025-04-09
1758,Camera,Camera,4,Really happy with the purchase,Positive,230467.94,Yes,2025-09-18
1759,Smart TV,Home Entertainment,3,Decent quality but has some limitations,Neutral,158530.03,Yes,2025-12-24
1760,External SSD,Storage,2,Very disappointed with the purchase,Negative,5185.27,Yes,2025-03-20
1761,Headphones,Audio,5,"Amazing product, highly recommended",Positive,19247.05,Yes,2025-09-27
1762,Smartphone,Mobile,4,Fast performance and reliable,Positive,111110.11,Yes,2025-06-22
1763,Smart TV,Home Entertainment,5,Very good product and worth the price,Positive,177646.12,Yes,2025-11-18
1764,Keyboard,Accessories,5,Very good product and worth the price,Positive,9393.62,Yes,2025-04-22
1765,Printer,Office Electronics,5,Works perfectly and looks premium,Positive,12738.16,Yes,2025-12-17
1766,Earbuds,Audio,4,Fast performance and reliable,Positive,17165.92,Yes,2025-10-19
1767,Monitor,Computing,5,Excellent product with great performance,Positive,55294.51,Yes,2025-09-15
1768,USB Flash Drive,Storage,4,Works perfectly and looks premium,Positive,3067.05,Yes,2025-01-11
1769,Power Bank,Power,5,Excellent build quality and smooth performance,Positive,2713.35,Yes,2025-01-31
1770,Gaming Console,Gaming,4,Fast performance and reliable,Positive,74516.33,Yes,2025-08-30
1771,Bluetooth Speaker,Audio,5,Very good product and worth the price,Positive,15475.25,Yes,2025-06-24
1772,Camera,Camera,4,Excellent build quality and smooth performance,Positive,91850.93,Yes,2025-04-28
1773,Mouse,Accessories,2,Frequent problems while using the product,Negative,2775.65,Yes,2025-11-04
1774,Webcam,Computer Accessories,5,Very good product and worth the price,Positive,6339.34,Yes,2025-06-25
1775,Mouse,Accessories,4,Works perfectly and looks premium,Positive,4772.61,Yes,2025-06-17
1776,Laptop,Computing,3,Performance is acceptable,Neutral,64627.72,Yes,2025-04-28
1777,Router,Networking,4,Great product with impressive features,Positive,10830.88,No,2025-12-25
1778,Smart TV,Home Entertainment,5,"Amazing product, highly recommended",Positive,50524.35,No,2025-05-14
1779,Printer,Office Electronics,1,Frequent problems while using the product,Negative,17192.84,Yes,2025-04-05
1780,Tablet,Computing,4,Great product with impressive features,Positive,20769.89,Yes,2025-09-04
1781,Smart TV,Home Entertainment,4,Great product with impressive features,Positive,81118.01,Yes,2025-01-13
1782,Bluetooth Speaker,Audio,4,Really happy with the purchase,Positive,12654.31,No,2025-08-06
1783,USB Flash Drive,Storage,4,Excellent build quality and smooth performance,Positive,2197.47,Yes,2025-07-26
1784,Camera,Camera,4,Great product with impressive features,Positive,188099.69,Yes,2025-03-31
1785,Smart TV,Home Entertainment,4,Fast performance and reliable,Positive,104421.82,No,2025-10-08
1786,Bluetooth Speaker,Audio,5,"Amazing product, highly recommended",Positive,21035.75,Yes,2025-01-16
1787,Camera,Camera,3,Good enough for basic use,Neutral,32456.52,No,2025-12-25
1788,Gaming Console,Gaming,5,"Amazing product, highly recommended",Positive,49012.38,Yes,2025-11-09
1789,Smartwatch,Wearable,2,Poor quality and disappointing performance,Negative,5855.19,No,2025-03-06
1790,External SSD,Storage,3,Average experience with this product,Neutral,15476.75,Yes,2025-06-29
1791,Tablet,Computing,5,Excellent build quality and smooth performance,Positive,65367.96,Yes,2025-03-13
1792,USB Flash Drive,Storage,4,Very good product and worth the price,Positive,4044.68,Yes,2025-08-14
1793,Tablet,Computing,3,Nothing special but it works fine,Neutral,59519.72,No,2025-05-09
1794,Smartwatch,Wearable,5,Great product with impressive features,Positive,19905.86,Yes,2025-06-28
1795,Mouse,Accessories,4,Excellent product with great performance,Positive,2865.29,No,2025-12-16
1796,Smartwatch,Wearable,5,"Amazing product, highly recommended",Positive,47935.98,No,2025-08-14
1797,Laptop,Computing,5,Amazing quality and works perfectly,Positive,59742.82,Yes,2025-11-13
1798,Laptop,Computing,5,Amazing quality and works perfectly,Positive,36362.45,No,2025-08-17
1799,Earbuds,Audio,1,Product has several issues,Negative,3584.05,Yes,2025-06-23
1800,Mouse,Accessories,5,Excellent build quality and smooth performance,Positive,9975.8,No,2025-01-06
1801,Smartphone,Mobile,4,Good quality and easy to use,Positive,109485.44,No,2025-02-02
1802,Tablet,Computing,4,Great product with impressive features,Positive,38823.21,Yes,2025-07-14
1803,Camera,Camera,5,Great product with impressive features,Positive,25866.06,Yes,2025-07-03
1804,Bluetooth Speaker,Audio,4,Fast performance and reliable,Positive,23202.42,Yes,2025-07-03
1805,External SSD,Storage,5,Excellent build quality and smooth performance,Positive,11114.48,Yes,2025-11-05
1806,USB Flash Drive,Storage,2,Product stopped working after a few days,Negative,404.1,Yes,2025-02-04
1807,Smartphone,Mobile,4,"Amazing product, highly recommended",Positive,59139.71,Yes,2025-08-29
1808,Webcam,Computer Accessories,3,It is okay but could be improved,Neutral,9058.96,Yes,2025-09-30
1809,Gaming Console,Gaming,3,Product meets basic expectations,Neutral,44896.72,Yes,2025-08-24
1810,USB Flash Drive,Storage,5,Amazing quality and works perfectly,Positive,3370.83,No,2025-03-28
1811,Mouse,Accessories,3,Performance is acceptable,Neutral,7342.34,Yes,2025-05-29
1812,Smartphone,Mobile,5,Great product with impressive features,Positive,70628.58,Yes,2025-01-20
1813,Printer,Office Electronics,1,Performance is slow and unreliable,Negative,5629.4,No,2025-03-06
1814,Charger,Power,4,Great product with impressive features,Positive,405.36,Yes,2025-10-21
1815,Smartphone,Mobile,5,Very good product and worth the price,Positive,106755.3,Yes,2025-08-14
1816,Smartwatch,Wearable,4,Excellent build quality and smooth performance,Positive,10542.47,Yes,2025-11-12
1817,Headphones,Audio,2,Product stopped working after a few days,Negative,12242.9,No,2025-09-10
1818,Monitor,Computing,5,Fast performance and reliable,Positive,13661.02,No,2025-03-29
1819,Keyboard,Accessories,2,Battery life is very poor,Negative,3824.86,Yes,2025-10-24
1820,Keyboard,Accessories,5,Excellent build quality and smooth performance,Positive,7537.63,Yes,2025-09-08
1821,Printer,Office Electronics,1,Frequent problems while using the product,Negative,15599.6,Yes,2025-03-11
1822,Webcam,Computer Accessories,4,Very good product and worth the price,Positive,13522.57,Yes,2025-01-02
1823,Gaming Console,Gaming,3,Average experience with this product,Neutral,45201.96,Yes,2025-10-06
1824,Camera,Camera,4,Very good product and worth the price,Positive,202405.02,Yes,2025-09-21
1825,Printer,Office Electronics,2,Poor quality and disappointing performance,Negative,32087.77,Yes,2025-02-02
1826,Earbuds,Audio,5,Great product with impressive features,Positive,6722.14,No,2025-06-19
1827,Charger,Power,4,Works perfectly and looks premium,Positive,4099.4,Yes,2025-11-30
1828,Camera,Camera,5,Excellent product with great performance,Positive,234719.59,Yes,2025-10-17
1829,Earbuds,Audio,2,Product stopped working after a few days,Negative,3441.09,No,2025-10-26
1830,Smart TV,Home Entertainment,3,Features are satisfactory,Neutral,138887.74,Yes,2025-05-24
1831,Headphones,Audio,5,Amazing quality and works perfectly,Positive,19108.47,Yes,2025-02-14
1832,Laptop,Computing,2,Product stopped working after a few days,Negative,130456.91,Yes,2025-05-09
1833,Bluetooth Speaker,Audio,4,Works perfectly and looks premium,Positive,1710.62,No,2025-09-08
1834,USB Flash Drive,Storage,3,"Average product, works as expected",Neutral,432.19,Yes,2025-11-03
1835,Monitor,Computing,5,Great product with impressive features,Positive,27816.05,No,2025-08-24
1836,Headphones,Audio,2,Very disappointed with the purchase,Negative,2866.88,Yes,2025-01-15
1837,Printer,Office Electronics,5,Really happy with the purchase,Positive,21473.51,Yes,2025-08-04
1838,Smartwatch,Wearable,5,Fast performance and reliable,Positive,43812.4,Yes,2025-03-10
1839,Smartwatch,Wearable,4,Great product with impressive features,Positive,18690.16,No,2025-08-11
1840,Printer,Office Electronics,4,Good quality and easy to use,Positive,22678.08,Yes,2025-05-31
1841,Bluetooth Speaker,Audio,4,Fast performance and reliable,Positive,8611.64,Yes,2025-07-14
1842,Smartphone,Mobile,2,Product has several issues,Negative,55219.56,Yes,2025-08-06
1843,Keyboard,Accessories,3,"Average product, works as expected",Neutral,12063.93,Yes,2025-08-21
1844,Router,Networking,5,Excellent product with great performance,Positive,16786.94,Yes,2025-01-02
1845,External SSD,Storage,4,Excellent product with great performance,Positive,14368.59,Yes,2025-12-19
1846,Laptop,Computing,5,Good quality and easy to use,Positive,89529.08,Yes,2025-07-29
1847,Earbuds,Audio,5,Very good product and worth the price,Positive,5279.1,Yes,2025-07-05
1848,Camera,Camera,5,Amazing quality and works perfectly,Positive,244510.37,Yes,2025-05-19
1849,Gaming Console,Gaming,5,Amazing quality and works perfectly,Positive,42104.74,No,2025-02-08
1850,Camera,Camera,5,Excellent product with great performance,Positive,102094.59,Yes,2025-08-18
1851,Bluetooth Speaker,Audio,3,Good enough for basic use,Neutral,13351.81,Yes,2025-05-13
1852,Printer,Office Electronics,4,Good quality and easy to use,Positive,8619.51,Yes,2025-11-28
1853,Laptop,Computing,3,Average experience with this product,Neutral,79280.64,Yes,2025-08-29
1854,USB Flash Drive,Storage,2,Battery life is very poor,Negative,4673.75,Yes,2025-06-10
1855,Webcam,Computer Accessories,2,Poor quality and disappointing performance,Negative,2414.2,Yes,2025-01-12
1856,Gaming Console,Gaming,3,Good enough for basic use,Neutral,38226.69,Yes,2025-07-22
1857,Keyboard,Accessories,3,Features are satisfactory,Neutral,3657.39,Yes,2025-11-05
1858,Monitor,Computing,4,Good quality and easy to use,Positive,23395.15,Yes,2025-06-18
1859,Keyboard,Accessories,4,Great product with impressive features,Positive,14341.93,Yes,2025-08-26
1860,Smartwatch,Wearable,4,Works perfectly and looks premium,Positive,35864.94,Yes,2025-02-13
1861,Headphones,Audio,5,Fast performance and reliable,Positive,27633.86,Yes,2025-05-29
1862,Camera,Camera,5,Excellent product with great performance,Positive,217962.38,Yes,2025-10-17
1863,Charger,Power,5,"Amazing product, highly recommended",Positive,3236.31,Yes,2025-06-04
1864,Mouse,Accessories,4,"Amazing product, highly recommended",Positive,5730.14,Yes,2025-11-20
1865,Mouse,Accessories,4,"Amazing product, highly recommended",Positive,5238.27,No,2025-05-30
1866,Laptop,Computing,4,Excellent build quality and smooth performance,Positive,133429.97,Yes,2025-10-24
1867,Printer,Office Electronics,5,Excellent build quality and smooth performance,Positive,36582.12,Yes,2025-08-23
1868,Smart TV,Home Entertainment,4,Works perfectly and looks premium,Positive,125899.64,Yes,2025-12-12
1869,Headphones,Audio,1,Performance is slow and unreliable,Negative,13743.77,Yes,2025-07-14
1870,Bluetooth Speaker,Audio,2,Build quality is poor,Negative,20520.62,No,2025-06-20
1871,Camera,Camera,3,Good enough for basic use,Neutral,60253.94,Yes,2025-05-10
1872,Smartphone,Mobile,5,Excellent build quality and smooth performance,Positive,69771.77,Yes,2025-08-27
1873,Tablet,Computing,2,Product has several issues,Negative,56736.99,Yes,2025-12-24
1874,Webcam,Computer Accessories,1,Battery life is very poor,Negative,11158.82,Yes,2025-03-03
1875,Smartwatch,Wearable,5,Very good product and worth the price,Positive,26274.71,Yes,2025-12-08
1876,Charger,Power,1,Not worth the price,Negative,3826.24,Yes,2025-12-23
1877,Printer,Office Electronics,1,Performance is slow and unreliable,Negative,39087.18,Yes,2025-10-08
1878,Router,Networking,3,Average experience with this product,Neutral,7262.07,Yes,2025-07-31
1879,Earbuds,Audio,4,Very good product and worth the price,Positive,9093.44,Yes,2025-11-11
1880,Smartwatch,Wearable,5,Really happy with the purchase,Positive,2299.57,Yes,2025-04-06
1881,Router,Networking,3,Good enough for basic use,Neutral,3152.63,Yes,2025-08-20
1882,Keyboard,Accessories,1,Not worth the price,Negative,4303.71,No,2025-10-21
1883,Smart TV,Home Entertainment,5,Works perfectly and looks premium,Positive,156656.41,Yes,2025-10-21
1884,Camera,Camera,5,Works perfectly and looks premium,Positive,204525.1,Yes,2025-08-03
1885,Smartphone,Mobile,4,Very good product and worth the price,Positive,35777.69,No,2025-05-21
1886,Earbuds,Audio,5,Very good product and worth the price,Positive,21809.0,No,2025-12-13
1887,Router,Networking,5,Amazing quality and works perfectly,Positive,8138.26,No,2025-09-03
1888,Router,Networking,4,Very good product and worth the price,Positive,16162.99,Yes,2025-10-09
1889,Router,Networking,4,Very good product and worth the price,Positive,9870.22,Yes,2025-08-16
1890,Headphones,Audio,4,"Amazing product, highly recommended",Positive,21521.72,Yes,2025-11-17
1891,Headphones,Audio,4,Works perfectly and looks premium,Positive,11011.24,Yes,2025-06-24
1892,Headphones,Audio,3,Good enough for basic use,Neutral,2582.89,Yes,2025-07-19
1893,Gaming Console,Gaming,3,Good enough for basic use,Neutral,38972.83,Yes,2025-10-21
1894,Smartphone,Mobile,5,Excellent product with great performance,Positive,86073.98,Yes,2025-07-08
1895,USB Flash Drive,Storage,4,Great product with impressive features,Positive,4614.4,Yes,2025-03-31
1896,Earbuds,Audio,3,Nothing special but it works fine,Neutral,15893.14,Yes,2025-10-04
1897,Mouse,Accessories,3,Performance is acceptable,Neutral,7758.85,Yes,2025-05-18
1898,Headphones,Audio,3,Average experience with this product,Neutral,916.64,Yes,2025-02-08
1899,Keyboard,Accessories,1,Poor quality and disappointing performance,Negative,11520.91,No,2025-05-17
1900,External SSD,Storage,3,Features are satisfactory,Neutral,25559.51,No,2025-01-20
1901,Smartwatch,Wearable,4,Very good product and worth the price,Positive,21513.59,Yes,2025-11-17
1902,Charger,Power,5,Really happy with the purchase,Positive,2621.29,Yes,2025-12-26
1903,Laptop,Computing,3,Average experience with this product,Neutral,37855.96,No,2025-04-08
1904,Smartwatch,Wearable,5,Fast performance and reliable,Positive,9969.83,Yes,2025-12-01
1905,Gaming Console,Gaming,4,Works perfectly and looks premium,Positive,28106.24,Yes,2025-09-17
1906,Charger,Power,5,Really happy with the purchase,Positive,3737.43,Yes,2025-12-15
1907,Camera,Camera,4,Works perfectly and looks premium,Positive,204969.41,Yes,2025-03-01
1908,Headphones,Audio,4,Really happy with the purchase,Positive,3705.67,Yes,2025-01-23
1909,Headphones,Audio,3,Average experience with this product,Neutral,27687.08,Yes,2025-12-02
1910,Keyboard,Accessories,4,Amazing quality and works perfectly,Positive,12673.14,Yes,2025-04-09
1911,Tablet,Computing,2,Very disappointed with the purchase,Negative,61865.65,Yes,2025-08-06
1912,Printer,Office Electronics,4,Really happy with the purchase,Positive,49022.96,Yes,2025-11-26
1913,Earbuds,Audio,5,Very good product and worth the price,Positive,22120.46,Yes,2025-05-06
1914,Router,Networking,4,Excellent product with great performance,Positive,5230.19,Yes,2025-02-02
1915,Smartwatch,Wearable,4,Excellent product with great performance,Positive,47770.73,No,2025-10-16
1916,Gaming Console,Gaming,3,"Average product, works as expected",Neutral,49362.77,Yes,2025-06-14
1917,Headphones,Audio,2,Very disappointed with the purchase,Negative,5068.54,Yes,2025-01-09
1918,Earbuds,Audio,3,Decent quality but has some limitations,Neutral,5402.2,Yes,2025-05-05
1919,Keyboard,Accessories,4,Excellent build quality and smooth performance,Positive,10420.82,Yes,2025-07-13
1920,Tablet,Computing,1,Build quality is poor,Negative,98880.26,Yes,2025-11-18
1921,Tablet,Computing,2,Battery life is very poor,Negative,50074.45,Yes,2025-03-24
1922,External SSD,Storage,4,Excellent product with great performance,Positive,18474.64,No,2025-07-09
1923,Bluetooth Speaker,Audio,3,Nothing special but it works fine,Neutral,9567.0,Yes,2025-03-08
1924,Charger,Power,3,Average experience with this product,Neutral,4273.65,No,2025-04-16
1925,Camera,Camera,1,Performance is slow and unreliable,Negative,50910.09,Yes,2025-04-07
1926,Camera,Camera,2,Product has several issues,Negative,156005.65,Yes,2025-07-11
1927,Camera,Camera,2,Battery life is very poor,Negative,156899.61,Yes,2025-08-31
1928,Smart TV,Home Entertainment,5,Amazing quality and works perfectly,Positive,15210.85,Yes,2025-02-11
1929,Camera,Camera,4,Good quality and easy to use,Positive,236626.54,Yes,2025-01-28
1930,Bluetooth Speaker,Audio,5,Good quality and easy to use,Positive,29250.8,No,2025-09-24
1931,Earbuds,Audio,2,Very bad experience with this product,Negative,11953.1,No,2025-04-18
1932,USB Flash Drive,Storage,3,It is okay but could be improved,Neutral,3710.52,Yes,2025-08-14
1933,Keyboard,Accessories,4,Great product with impressive features,Positive,12806.32,No,2025-01-29
1934,Charger,Power,4,Really happy with the purchase,Positive,848.51,No,2025-08-08
1935,USB Flash Drive,Storage,5,Excellent build quality and smooth performance,Positive,697.71,No,2025-11-28
1936,Headphones,Audio,5,Amazing quality and works perfectly,Positive,20834.64,Yes,2025-06-09
1937,Headphones,Audio,3,Good enough for basic use,Neutral,17005.02,Yes,2025-07-30
1938,Laptop,Computing,5,Good quality and easy to use,Positive,131909.05,No,2025-04-18
1939,Laptop,Computing,1,Performance is slow and unreliable,Negative,115799.48,Yes,2025-04-15
1940,Camera,Camera,4,Works perfectly and looks premium,Positive,188438.15,Yes,2025-01-24
1941,Power Bank,Power,5,"Amazing product, highly recommended",Positive,1915.35,Yes,2025-06-24
1942,Earbuds,Audio,4,Amazing quality and works perfectly,Positive,5782.64,Yes,2025-12-12
1943,Headphones,Audio,4,Amazing quality and works perfectly,Positive,7492.18,Yes,2025-02-12
1944,Gaming Console,Gaming,2,Performance is slow and unreliable,Negative,47908.61,Yes,2025-06-02
1945,Laptop,Computing,3,Decent quality but has some limitations,Neutral,143934.05,Yes,2025-11-02
1946,Router,Networking,1,Very disappointed with the purchase,Negative,16796.54,Yes,2025-07-01
1947,Webcam,Computer Accessories,5,Fast performance and reliable,Positive,8624.64,Yes,2025-10-05
1948,Mouse,Accessories,1,Product has several issues,Negative,6139.88,Yes,2025-05-18
1949,Mouse,Accessories,2,Battery life is very poor,Negative,3163.23,Yes,2025-08-08
1950,Power Bank,Power,1,Not worth the price,Negative,4225.59,Yes,2025-12-27
1951,Laptop,Computing,4,Very good product and worth the price,Positive,171136.58,Yes,2025-08-07
1952,Camera,Camera,4,Good quality and easy to use,Positive,85589.33,No,2025-10-18
1953,Monitor,Computing,3,Performance is acceptable,Neutral,64307.83,Yes,2025-09-11
1954,Mouse,Accessories,4,Good quality and easy to use,Positive,709.28,Yes,2025-02-04
1955,Smartphone,Mobile,3,It is okay but could be improved,Neutral,46667.21,Yes,2025-02-28
1956,Printer,Office Electronics,5,Great product with impressive features,Positive,34645.16,Yes,2025-08-10
1957,Bluetooth Speaker,Audio,4,Fast performance and reliable,Positive,23459.23,Yes,2025-05-08
1958,Laptop,Computing,3,Nothing special but it works fine,Neutral,118827.78,Yes,2025-06-26
1959,External SSD,Storage,2,Product has several issues,Negative,26469.0,Yes,2025-06-26
1960,Smart TV,Home Entertainment,1,Product stopped working after a few days,Negative,166845.38,Yes,2025-10-17
1961,Power Bank,Power,5,"Amazing product, highly recommended",Positive,5246.04,Yes,2025-12-28
1962,Smartphone,Mobile,5,Very good product and worth the price,Positive,46989.78,Yes,2025-12-31
1963,Smart TV,Home Entertainment,2,Not worth the price,Negative,82286.45,Yes,2025-01-30
1964,Headphones,Audio,4,Very good product and worth the price,Positive,18645.36,Yes,2025-09-29
1965,Headphones,Audio,3,Average experience with this product,Neutral,19868.27,Yes,2025-09-22
1966,Router,Networking,5,Fast performance and reliable,Positive,8497.15,Yes,2025-11-12
1967,Bluetooth Speaker,Audio,5,Works perfectly and looks premium,Positive,12407.51,Yes,2025-06-05
1968,Laptop,Computing,5,Amazing quality and works perfectly,Positive,56516.96,Yes,2025-07-03
1969,Gaming Console,Gaming,2,Performance is slow and unreliable,Negative,25015.81,Yes,2025-06-14
1970,Earbuds,Audio,4,Works perfectly and looks premium,Positive,11806.54,Yes,2025-05-17
1971,Printer,Office Electronics,3,Good enough for basic use,Neutral,42387.86,Yes,2025-04-01
1972,Smartwatch,Wearable,1,Battery life is very poor,Negative,38677.25,Yes,2025-08-23
1973,Webcam,Computer Accessories,3,Good enough for basic use,Neutral,19884.87,Yes,2025-01-07
1974,Router,Networking,5,Works perfectly and looks premium,Positive,13718.71,No,2025-10-01
1975,Headphones,Audio,5,Works perfectly and looks premium,Positive,7400.43,Yes,2025-11-04
1976,Charger,Power,4,Amazing quality and works perfectly,Positive,3483.54,Yes,2025-03-25
1977,Webcam,Computer Accessories,3,It is okay but could be improved,Neutral,16741.1,Yes,2025-03-19
1978,Laptop,Computing,3,Average experience with this product,Neutral,126149.55,Yes,2025-07-03
1979,USB Flash Drive,Storage,3,Product is okay for the price,Neutral,2564.1,Yes,2025-11-05
1980,Mouse,Accessories,2,Build quality is poor,Negative,6299.57,Yes,2025-02-11
1981,Webcam,Computer Accessories,4,Amazing quality and works perfectly,Positive,1490.25,Yes,2025-06-07
1982,Headphones,Audio,2,Not worth the price,Negative,8320.82,Yes,2025-03-20
1983,Router,Networking,5,Works perfectly and looks premium,Positive,3997.01,Yes,2025-11-07
1984,Smart TV,Home Entertainment,5,Great product with impressive features,Positive,91481.86,Yes,2025-11-18
1985,Bluetooth Speaker,Audio,4,Good quality and easy to use,Positive,26876.67,Yes,2025-01-31
1986,Tablet,Computing,5,Fast performance and reliable,Positive,26915.45,Yes,2025-02-22
1987,Monitor,Computing,5,Amazing quality and works perfectly,Positive,11252.86,Yes,2025-02-27
1988,Charger,Power,3,Good enough for basic use,Neutral,3951.53,No,2025-10-24
1989,Camera,Camera,2,Frequent problems while using the product,Negative,220278.18,No,2025-11-25
1990,Mouse,Accessories,1,Not worth the price,Negative,5454.53,No,2025-05-16
1991,Webcam,Computer Accessories,3,Nothing special but it works fine,Neutral,8154.76,Yes,2025-02-27
1992,Charger,Power,4,Excellent product with great performance,Positive,2323.51,Yes,2025-08-31
1993,Camera,Camera,2,Product stopped working after a few days,Negative,173273.14,Yes,2025-11-22
1994,Smart TV,Home Entertainment,5,Good quality and easy to use,Positive,168781.52,Yes,2025-11-29
1995,Webcam,Computer Accessories,5,Amazing quality and works perfectly,Positive,4599.37,Yes,2025-06-12
1996,Bluetooth Speaker,Audio,4,Excellent build quality and smooth performance,Positive,27145.94,Yes,2025-10-13
1997,Earbuds,Audio,4,Excellent product with great performance,Positive,16606.06,No,2025-12-15
1998,Router,Networking,4,Really happy with the purchase,Positive,15027.52,Yes,2025-10-29
1999,Power Bank,Power,3,Product meets basic expectations,Neutral,1425.77,Yes,2025-06-23
2000,Keyboard,Accessories,2,Product has several issues,Negative,13816.0,Yes,2025-04-06
2001,Gaming Console,Gaming,5,Good quality and easy to use,Positive,54050.7,Yes,2025-05-16
2002,Gaming Console,Gaming,3,Average experience with this product,Neutral,44915.89,No,2025-05-13
2003,Webcam,Computer Accessories,5,Excellent product with great performance,Positive,8579.81,No,2025-12-27
2004,Monitor,Computing,5,Excellent product with great performance,Positive,27684.52,Yes,2025-09-25
2005,External SSD,Storage,4,Great product with impressive features,Positive,7400.26,Yes,2025-11-10
2006,Headphones,Audio,1,Battery life is very poor,Negative,1522.44,Yes,2025-10-11
2007,Webcam,Computer Accessories,5,Very good product and worth the price,Positive,6023.76,Yes,2025-06-23
2008,Laptop,Computing,5,Very good product and worth the price,Positive,104491.76,Yes,2025-10-16
2009,External SSD,Storage,5,Really happy with the purchase,Positive,21002.54,Yes,2025-08-22
2010,Tablet,Computing,3,Good enough for basic use,Neutral,76001.19,Yes,2025-09-28
2011,Printer,Office Electronics,5,Fast performance and reliable,Positive,31802.18,Yes,2025-04-20
2012,Smart TV,Home Entertainment,2,Product has several issues,Negative,36471.5,Yes,2025-03-26
2013,USB Flash Drive,Storage,3,Nothing special but it works fine,Neutral,2328.28,Yes,2025-03-07
2014,External SSD,Storage,4,Very good product and worth the price,Positive,21019.95,Yes,2025-04-16
2015,Mouse,Accessories,5,Great product with impressive features,Positive,7508.8,Yes,2025-12-24
2016,Headphones,Audio,4,Really happy with the purchase,Positive,10072.95,No,2025-12-10
2017,Smart TV,Home Entertainment,3,Nothing special but it works fine,Neutral,186761.65,Yes,2025-02-23
2018,Power Bank,Power,3,Product is okay for the price,Neutral,6526.75,No,2025-07-22
2019,USB Flash Drive,Storage,5,Excellent product with great performance,Positive,4303.14,Yes,2025-12-10
2020,Router,Networking,3,Good enough for basic use,Neutral,13664.35,Yes,2025-10-03
2021,Router,Networking,5,Excellent build quality and smooth performance,Positive,8861.45,Yes,2025-08-12
2022,Monitor,Computing,3,"Average product, works as expected",Neutral,75128.47,Yes,2025-08-07
2023,Keyboard,Accessories,3,Product is okay for the price,Neutral,13570.96,Yes,2025-04-30
2024,Keyboard,Accessories,5,Works perfectly and looks premium,Positive,12512.89,Yes,2025-12-04
2025,Camera,Camera,4,Works perfectly and looks premium,Positive,225503.6,Yes,2025-01-31
2026,Router,Networking,2,Poor quality and disappointing performance,Negative,18415.61,Yes,2025-11-14
2027,Smartwatch,Wearable,4,"Amazing product, highly recommended",Positive,37698.33,Yes,2025-11-14
2028,Headphones,Audio,5,Excellent build quality and smooth performance,Positive,6409.92,No,2025-04-06
2029,Smartphone,Mobile,5,Really happy with the purchase,Positive,68317.29,Yes,2025-07-06
2030,Power Bank,Power,5,Really happy with the purchase,Positive,5235.16,No,2025-11-19
2031,Gaming Console,Gaming,5,Amazing quality and works perfectly,Positive,67535.54,Yes,2025-06-23
2032,Headphones,Audio,4,Really happy with the purchase,Positive,15106.84,No,2025-04-20
2033,Router,Networking,5,Fast performance and reliable,Positive,10744.55,Yes,2025-01-26
2034,Smartphone,Mobile,5,Very good product and worth the price,Positive,119503.28,Yes,2025-06-10
2035,Printer,Office Electronics,2,Very disappointed with the purchase,Negative,25349.24,Yes,2025-04-12
2036,Gaming Console,Gaming,5,Good quality and easy to use,Positive,32150.54,Yes,2025-11-07
2037,Gaming Console,Gaming,4,"Amazing product, highly recommended",Positive,64032.61,Yes,2025-11-11
2038,Router,Networking,4,Really happy with the purchase,Positive,7888.29,Yes,2025-04-29
2039,Monitor,Computing,2,Very disappointed with the purchase,Negative,24391.88,Yes,2025-03-18
2040,Smart TV,Home Entertainment,3,Decent quality but has some limitations,Neutral,131265.46,No,2025-04-17
2041,Router,Networking,4,"Amazing product, highly recommended",Positive,19132.99,Yes,2025-05-27
2042,Smartwatch,Wearable,3,Nothing special but it works fine,Neutral,16671.23,Yes,2025-09-02
2043,Webcam,Computer Accessories,5,Excellent build quality and smooth performance,Positive,8073.15,Yes,2025-02-25
2044,Router,Networking,4,Excellent build quality and smooth performance,Positive,9844.31,Yes,2025-12-31
2045,Bluetooth Speaker,Audio,4,Good quality and easy to use,Positive,20889.44,Yes,2025-09-13
2046,Webcam,Computer Accessories,5,Amazing quality and works perfectly,Positive,8523.03,Yes,2025-02-17
2047,Headphones,Audio,4,Excellent build quality and smooth performance,Positive,13040.15,Yes,2025-04-25
2048,Camera,Camera,5,Excellent product with great performance,Positive,182703.71,Yes,2025-09-13
2049,Gaming Console,Gaming,5,Great product with impressive features,Positive,79182.43,Yes,2025-07-03
2050,Smart TV,Home Entertainment,5,Fast performance and reliable,Positive,73553.25,Yes,2025-07-12
2051,Charger,Power,5,Good quality and easy to use,Positive,3051.04,Yes,2025-01-16
2052,Smart TV,Home Entertainment,4,Excellent build quality and smooth performance,Positive,161964.77,Yes,2025-05-30
2053,Earbuds,Audio,4,Fast performance and reliable,Positive,5697.13,Yes,2025-08-13
2054,USB Flash Drive,Storage,3,Decent quality but has some limitations,Neutral,4146.1,No,2025-10-01
2055,Headphones,Audio,2,Product stopped working after a few days,Negative,10970.45,Yes,2025-06-13
2056,Smart TV,Home Entertainment,5,Good quality and easy to use,Positive,35539.24,Yes,2025-07-22
2057,External SSD,Storage,5,Great product with impressive features,Positive,3672.37,Yes,2025-03-23
2058,Camera,Camera,3,Performance is acceptable,Neutral,32444.54,No,2025-10-19
2059,Laptop,Computing,4,Fast performance and reliable,Positive,149646.36,Yes,2025-09-12
2060,Mouse,Accessories,5,Great product with impressive features,Positive,6846.9,Yes,2025-09-29
2061,Tablet,Computing,5,Amazing quality and works perfectly,Positive,81414.11,No,2025-09-01
2062,Webcam,Computer Accessories,5,Works perfectly and looks premium,Positive,15306.01,No,2025-12-26
2063,Monitor,Computing,5,Amazing quality and works perfectly,Positive,34192.17,No,2025-11-18
2064,USB Flash Drive,Storage,1,Performance is slow and unreliable,Negative,4685.19,Yes,2025-10-23
2065,Webcam,Computer Accessories,2,Very bad experience with this product,Negative,17680.97,Yes,2025-05-03
2066,Tablet,Computing,3,Performance is acceptable,Neutral,41351.65,No,2025-01-25
2067,External SSD,Storage,2,Product has several issues,Negative,23869.41,Yes,2025-01-01
2068,Bluetooth Speaker,Audio,2,Product has several issues,Negative,24734.02,Yes,2025-10-12
2069,Tablet,Computing,5,Fast performance and reliable,Positive,53961.8,No,2025-11-25
2070,Earbuds,Audio,4,Fast performance and reliable,Positive,3450.26,Yes,2025-08-26
2071,Power Bank,Power,4,Great product with impressive features,Positive,3205.21,Yes,2025-09-21
2072,Printer,Office Electronics,4,Excellent build quality and smooth performance,Positive,49496.51,Yes,2025-02-02
2073,Gaming Console,Gaming,2,Poor quality and disappointing performance,Negative,64376.45,Yes,2025-07-26
2074,Headphones,Audio,3,It is okay but could be improved,Neutral,23353.97,Yes,2025-08-10
2075,Earbuds,Audio,3,Performance is acceptable,Neutral,22842.15,Yes,2025-02-27
2076,Bluetooth Speaker,Audio,4,Fast performance and reliable,Positive,6720.68,No,2025-10-02
2077,Router,Networking,4,Really happy with the purchase,Positive,19399.68,No,2025-05-03
2078,Power Bank,Power,2,Not worth the price,Negative,4530.62,Yes,2025-03-13
2079,Smartphone,Mobile,4,"Amazing product, highly recommended",Positive,91404.0,No,2025-09-12
2080,Laptop,Computing,3,Decent quality but has some limitations,Neutral,77731.55,Yes,2025-06-08
2081,Laptop,Computing,2,Product has several issues,Negative,79411.04,Yes,2025-07-15
2082,Smart TV,Home Entertainment,3,Performance is acceptable,Neutral,81525.95,No,2025-07-18
2083,Power Bank,Power,4,Excellent product with great performance,Positive,3306.02,No,2025-08-16
2084,Mouse,Accessories,2,Battery life is very poor,Negative,906.28,Yes,2025-05-31
2085,External SSD,Storage,4,Very good product and worth the price,Positive,11358.51,Yes,2025-10-25
2086,Smartwatch,Wearable,4,Amazing quality and works perfectly,Positive,32897.96,Yes,2025-11-16
2087,Smartphone,Mobile,5,Amazing quality and works perfectly,Positive,109020.97,Yes,2025-06-26
2088,Earbuds,Audio,5,Really happy with the purchase,Positive,1520.8,Yes,2025-03-03
2089,Headphones,Audio,2,Not worth the price,Negative,990.54,Yes,2025-04-12
2090,External SSD,Storage,5,Excellent product with great performance,Positive,18994.78,No,2025-10-09
2091,USB Flash Drive,Storage,5,Great product with impressive features,Positive,3588.47,Yes,2025-04-04
2092,Camera,Camera,1,Very disappointed with the purchase,Negative,161853.67,Yes,2025-10-12
2093,Webcam,Computer Accessories,5,Excellent product with great performance,Positive,19487.82,Yes,2025-08-30
2094,Mouse,Accessories,3,Performance is acceptable,Neutral,2520.02,Yes,2025-06-13
2095,Headphones,Audio,2,Performance is slow and unreliable,Negative,14696.72,Yes,2025-02-16
2096,Bluetooth Speaker,Audio,1,Product has several issues,Negative,27544.34,Yes,2025-07-16
2097,Tablet,Computing,5,Really happy with the purchase,Positive,65574.75,Yes,2025-09-10
2098,Webcam,Computer Accessories,5,Good quality and easy to use,Positive,11965.32,Yes,2025-02-26
2099,Camera,Camera,5,Amazing quality and works perfectly,Positive,234889.37,Yes,2025-10-29
2100,External SSD,Storage,2,Very disappointed with the purchase,Negative,12150.38,Yes,2025-03-13
2101,Earbuds,Audio,1,Battery life is very poor,Negative,4350.81,No,2025-05-31
2102,Router,Networking,3,Average experience with this product,Neutral,3455.39,Yes,2025-07-14
2103,Bluetooth Speaker,Audio,2,Very bad experience with this product,Negative,24798.67,Yes,2025-09-27
2104,Keyboard,Accessories,3,Product is okay for the price,Neutral,12925.75,Yes,2025-03-24
2105,Gaming Console,Gaming,1,Very disappointed with the purchase,Negative,37863.31,Yes,2025-05-03
2106,Smart TV,Home Entertainment,5,Excellent product with great performance,Positive,99558.2,Yes,2025-10-22
2107,Charger,Power,3,Features are satisfactory,Neutral,3048.8,Yes,2025-05-01
2108,Router,Networking,5,Works perfectly and looks premium,Positive,3641.65,Yes,2025-08-13
2109,Charger,Power,2,Poor quality and disappointing performance,Negative,4289.41,Yes,2025-05-26
2110,Keyboard,Accessories,4,Fast performance and reliable,Positive,6573.73,Yes,2025-01-21
2111,Webcam,Computer Accessories,4,Very good product and worth the price,Positive,17406.0,No,2025-07-07
2112,Smart TV,Home Entertainment,2,Poor quality and disappointing performance,Negative,155614.18,Yes,2025-05-11
2113,Bluetooth Speaker,Audio,1,Very disappointed with the purchase,Negative,9412.66,Yes,2025-04-07
2114,Printer,Office Electronics,5,Good quality and easy to use,Positive,37245.84,Yes,2025-11-10
2115,Mouse,Accessories,4,Amazing quality and works perfectly,Positive,7484.84,Yes,2025-10-10
2116,Router,Networking,5,Fast performance and reliable,Positive,6914.0,Yes,2025-04-12
2117,Power Bank,Power,4,Excellent build quality and smooth performance,Positive,2626.9,Yes,2025-07-11
2118,External SSD,Storage,5,Excellent product with great performance,Positive,25232.55,Yes,2025-09-20
2119,Printer,Office Electronics,3,Good enough for basic use,Neutral,35506.99,Yes,2025-01-20
2120,Keyboard,Accessories,4,Excellent product with great performance,Positive,11223.81,Yes,2025-02-04
2121,Router,Networking,5,Fast performance and reliable,Positive,6948.05,No,2025-07-17
2122,Power Bank,Power,4,Very good product and worth the price,Positive,5999.8,Yes,2025-12-06
2123,External SSD,Storage,2,Poor quality and disappointing performance,Negative,22286.28,Yes,2025-12-05
2124,Smartwatch,Wearable,2,Poor quality and disappointing performance,Negative,17663.83,Yes,2025-06-14
2125,Router,Networking,5,Amazing quality and works perfectly,Positive,6138.74,Yes,2025-09-14
2126,Charger,Power,2,Very disappointed with the purchase,Negative,2327.56,No,2025-06-29
2127,Mouse,Accessories,3,Decent quality but has some limitations,Neutral,7469.19,Yes,2025-11-27
2128,Monitor,Computing,1,Battery life is very poor,Negative,20325.47,No,2025-07-27
2129,Router,Networking,4,Really happy with the purchase,Positive,17610.99,No,2025-11-22
2130,Bluetooth Speaker,Audio,4,Good quality and easy to use,Positive,8254.06,Yes,2025-05-13
2131,Smartphone,Mobile,4,Very good product and worth the price,Positive,102038.97,Yes,2025-12-06
2132,Webcam,Computer Accessories,2,Build quality is poor,Negative,3960.38,Yes,2025-09-22
2133,Keyboard,Accessories,2,Build quality is poor,Negative,11221.89,Yes,2025-10-08
2134,Smartwatch,Wearable,5,Works perfectly and looks premium,Positive,28727.65,Yes,2025-01-06
2135,Headphones,Audio,5,"Amazing product, highly recommended",Positive,20013.04,Yes,2025-10-22
2136,USB Flash Drive,Storage,4,Works perfectly and looks premium,Positive,4878.44,Yes,2025-03-01
2137,Bluetooth Speaker,Audio,5,"Amazing product, highly recommended",Positive,2334.69,Yes,2025-12-08
2138,Earbuds,Audio,1,Performance is slow and unreliable,Negative,4153.61,No,2025-03-10
2139,Mouse,Accessories,1,Product stopped working after a few days,Negative,1067.12,Yes,2025-10-29
2140,Smartphone,Mobile,2,Battery life is very poor,Negative,66199.34,Yes,2025-08-20
2141,Charger,Power,3,Product is okay for the price,Neutral,4073.19,Yes,2025-05-24
2142,Smartphone,Mobile,5,Fast performance and reliable,Positive,14140.38,Yes,2025-11-22
2143,USB Flash Drive,Storage,4,Good quality and easy to use,Positive,3963.21,No,2025-05-22
2144,Keyboard,Accessories,5,Amazing quality and works perfectly,Positive,6779.31,Yes,2025-01-24
2145,Headphones,Audio,3,Good enough for basic use,Neutral,28272.15,Yes,2025-01-28
2146,Mouse,Accessories,3,"Average product, works as expected",Neutral,4012.15,Yes,2025-11-08
2147,Smartwatch,Wearable,3,Product meets basic expectations,Neutral,49253.0,No,2025-05-21
2148,Bluetooth Speaker,Audio,5,Very good product and worth the price,Positive,17050.43,Yes,2025-10-27
2149,Tablet,Computing,5,Very good product and worth the price,Positive,99099.39,No,2025-01-08
2150,Gaming Console,Gaming,2,Not worth the price,Negative,59753.73,Yes,2025-01-28
2151,Smart TV,Home Entertainment,5,Works perfectly and looks premium,Positive,79072.12,No,2025-12-27
2152,Mouse,Accessories,2,Not worth the price,Negative,8093.06,Yes,2025-02-22
2153,Laptop,Computing,4,Excellent build quality and smooth performance,Positive,103044.02,No,2025-09-08
2154,Laptop,Computing,4,Really happy with the purchase,Positive,76321.2,Yes,2025-05-08
2155,USB Flash Drive,Storage,2,Battery life is very poor,Negative,2548.18,Yes,2025-07-02
2156,Bluetooth Speaker,Audio,2,Build quality is poor,Negative,26259.85,Yes,2025-02-11
2157,Earbuds,Audio,2,Poor quality and disappointing performance,Negative,18441.53,Yes,2025-04-08
2158,Tablet,Computing,5,Amazing quality and works perfectly,Positive,25639.19,Yes,2025-10-04
2159,Gaming Console,Gaming,3,Decent quality but has some limitations,Neutral,71122.88,Yes,2025-07-15
2160,Laptop,Computing,3,Performance is acceptable,Neutral,94712.79,No,2025-07-03
2161,Webcam,Computer Accessories,5,Works perfectly and looks premium,Positive,2574.5,Yes,2025-12-11
2162,Headphones,Audio,5,Great product with impressive features,Positive,4841.58,Yes,2025-05-30
2163,Laptop,Computing,3,Product is okay for the price,Neutral,39924.56,Yes,2025-10-21
2164,Router,Networking,4,Amazing quality and works perfectly,Positive,13855.17,Yes,2025-09-22
2165,Monitor,Computing,3,Decent quality but has some limitations,Neutral,25059.79,Yes,2025-06-18
2166,Gaming Console,Gaming,5,"Amazing product, highly recommended",Positive,30299.2,Yes,2025-04-17
2167,Smartphone,Mobile,4,Amazing quality and works perfectly,Positive,48955.0,Yes,2025-05-10
2168,Printer,Office Electronics,4,Works perfectly and looks premium,Positive,44013.48,No,2025-11-15
2169,Bluetooth Speaker,Audio,3,It is okay but could be improved,Neutral,19158.86,Yes,2025-04-22
2170,External SSD,Storage,1,Performance is slow and unreliable,Negative,16128.14,Yes,2025-08-27
2171,Webcam,Computer Accessories,5,Excellent product with great performance,Positive,14930.7,Yes,2025-02-15
2172,Power Bank,Power,3,Product is okay for the price,Neutral,1346.44,Yes,2025-05-07
2173,Bluetooth Speaker,Audio,4,Amazing quality and works perfectly,Positive,26576.93,No,2025-12-08
2174,Bluetooth Speaker,Audio,1,Poor quality and disappointing performance,Negative,5989.9,Yes,2025-07-17
2175,Gaming Console,Gaming,4,Very good product and worth the price,Positive,26175.99,No,2025-10-28
2176,Smartphone,Mobile,4,Excellent product with great performance,Positive,48584.37,Yes,2025-04-05
2177,Tablet,Computing,3,"Average product, works as expected",Neutral,15260.26,Yes,2025-10-05
2178,Camera,Camera,2,Product stopped working after a few days,Negative,62592.73,Yes,2025-12-26
2179,Smartphone,Mobile,5,Excellent build quality and smooth performance,Positive,90767.85,Yes,2025-12-04
2180,Earbuds,Audio,2,Product has several issues,Negative,10415.96,Yes,2025-06-08
2181,Camera,Camera,5,Excellent build quality and smooth performance,Positive,26552.24,Yes,2025-09-06
2182,Earbuds,Audio,4,Great product with impressive features,Positive,16272.05,Yes,2025-11-24
2183,Webcam,Computer Accessories,5,Great product with impressive features,Positive,14435.11,Yes,2025-10-24
2184,Smart TV,Home Entertainment,5,Fast performance and reliable,Positive,181863.24,Yes,2025-12-23
2185,Smartphone,Mobile,4,Really happy with the purchase,Positive,25315.49,Yes,2025-01-12
2186,Smartwatch,Wearable,3,Average experience with this product,Neutral,43072.54,Yes,2025-07-15
2187,Webcam,Computer Accessories,2,Not worth the price,Negative,14465.45,Yes,2025-10-16
2188,Smartphone,Mobile,1,Not worth the price,Negative,71125.75,Yes,2025-09-24
2189,Mouse,Accessories,3,Product is okay for the price,Neutral,2839.17,Yes,2025-02-26
2190,Webcam,Computer Accessories,2,Poor quality and disappointing performance,Negative,9699.01,Yes,2025-07-28
2191,Charger,Power,4,Excellent product with great performance,Positive,1231.87,No,2025-03-02
2192,Bluetooth Speaker,Audio,4,Good quality and easy to use,Positive,21756.68,No,2025-02-03
2193,Smartphone,Mobile,2,Battery life is very poor,Negative,86802.06,Yes,2025-02-10
2194,Monitor,Computing,3,Nothing special but it works fine,Neutral,20173.21,Yes,2025-12-14
2195,Power Bank,Power,5,Fast performance and reliable,Positive,2618.84,Yes,2025-04-10
2196,Laptop,Computing,4,Great product with impressive features,Positive,165166.77,Yes,2025-06-16
2197,Power Bank,Power,4,Excellent product with great performance,Positive,4196.13,Yes,2025-04-04
2198,Keyboard,Accessories,5,Works perfectly and looks premium,Positive,8491.2,No,2025-11-23
2199,Bluetooth Speaker,Audio,4,"Amazing product, highly recommended",Positive,28791.86,No,2025-11-21
2200,Smart TV,Home Entertainment,1,Performance is slow and unreliable,Negative,53299.41,No,2025-08-28
2201,Printer,Office Electronics,5,Really happy with the purchase,Positive,33220.86,Yes,2025-10-30
2202,Gaming Console,Gaming,3,Performance is acceptable,Neutral,67570.82,Yes,2025-02-08
2203,Charger,Power,5,Excellent product with great performance,Positive,1801.37,Yes,2025-12-31
2204,Mouse,Accessories,1,Frequent problems while using the product,Negative,3295.52,Yes,2025-06-02
2205,Laptop,Computing,1,Product stopped working after a few days,Negative,164522.9,Yes,2025-05-27
2206,Bluetooth Speaker,Audio,4,Excellent product with great performance,Positive,3702.65,Yes,2025-03-13
2207,Smartphone,Mobile,1,Battery life is very poor,Negative,25623.83,No,2025-11-17
2208,Monitor,Computing,5,Works perfectly and looks premium,Positive,36410.68,Yes,2025-03-03
2209,Mouse,Accessories,4,Fast performance and reliable,Positive,8044.39,Yes,2025-11-10
2210,Camera,Camera,3,Good enough for basic use,Neutral,127373.11,Yes,2025-09-19
2211,Monitor,Computing,1,Battery life is very poor,Negative,26021.88,No,2025-10-09
2212,Earbuds,Audio,2,Frequent problems while using the product,Negative,10797.23,No,2025-01-11
2213,Router,Networking,2,Frequent problems while using the product,Negative,9463.75,Yes,2025-09-27
2214,Smartwatch,Wearable,1,Very bad experience with this product,Negative,36760.72,Yes,2025-12-19
2215,Tablet,Computing,4,Fast performance and reliable,Positive,88187.51,Yes,2025-05-24
2216,Gaming Console,Gaming,5,Fast performance and reliable,Positive,42668.81,Yes,2025-06-14
2217,Charger,Power,4,Very good product and worth the price,Positive,3630.14,No,2025-02-10
2218,Printer,Office Electronics,4,"Amazing product, highly recommended",Positive,36562.48,No,2025-06-28
2219,Router,Networking,5,"Amazing product, highly recommended",Positive,15572.0,Yes,2025-09-03
2220,Webcam,Computer Accessories,3,Average experience with this product,Neutral,11929.95,Yes,2025-04-20
2221,Gaming Console,Gaming,5,Really happy with the purchase,Positive,25808.42,Yes,2025-09-28
2222,USB Flash Drive,Storage,1,Product stopped working after a few days,Negative,3382.58,Yes,2025-02-01
2223,Smartwatch,Wearable,3,Nothing special but it works fine,Neutral,31196.43,Yes,2025-09-04
2224,Power Bank,Power,3,Performance is acceptable,Neutral,5202.94,Yes,2025-08-03
2225,Webcam,Computer Accessories,4,Great product with impressive features,Positive,6344.67,No,2025-03-25
2226,External SSD,Storage,3,Product meets basic expectations,Neutral,5642.91,Yes,2025-05-06
2227,Keyboard,Accessories,4,Amazing quality and works perfectly,Positive,3245.61,Yes,2025-03-29
2228,Webcam,Computer Accessories,5,Excellent build quality and smooth performance,Positive,5107.9,Yes,2025-08-16
2229,Bluetooth Speaker,Audio,2,Battery life is very poor,Negative,5869.4,Yes,2025-08-21
2230,Smartphone,Mobile,4,Amazing quality and works perfectly,Positive,35388.13,No,2025-07-22
2231,External SSD,Storage,4,"Amazing product, highly recommended",Positive,4854.68,No,2025-03-12
2232,Keyboard,Accessories,4,Fast performance and reliable,Positive,4405.22,Yes,2025-03-21
2233,Smartphone,Mobile,5,Excellent build quality and smooth performance,Positive,119763.15,Yes,2025-10-23
2234,Headphones,Audio,1,Very bad experience with this product,Negative,15585.75,Yes,2025-06-18
2235,Laptop,Computing,2,Very disappointed with the purchase,Negative,81663.43,No,2025-06-08
2236,Smart TV,Home Entertainment,3,"Average product, works as expected",Neutral,148290.14,Yes,2025-04-23
2237,USB Flash Drive,Storage,4,Very good product and worth the price,Positive,2506.46,Yes,2025-12-06
2238,Webcam,Computer Accessories,4,Excellent build quality and smooth performance,Positive,1560.46,Yes,2025-03-29
2239,Smartwatch,Wearable,4,Great product with impressive features,Positive,28048.4,Yes,2025-10-08
2240,USB Flash Drive,Storage,4,Good quality and easy to use,Positive,1729.11,Yes,2025-10-08
2241,Charger,Power,3,Product is okay for the price,Neutral,2984.56,Yes,2025-03-30
2242,Earbuds,Audio,4,Excellent build quality and smooth performance,Positive,4743.84,Yes,2025-01-05
2243,Gaming Console,Gaming,4,Amazing quality and works perfectly,Positive,51540.24,Yes,2025-04-02
2244,Smart TV,Home Entertainment,3,Performance is acceptable,Neutral,50823.44,Yes,2025-04-09
2245,Mouse,Accessories,4,Excellent build quality and smooth performance,Positive,3198.51,Yes,2025-09-29
2246,Smartphone,Mobile,2,Not worth the price,Negative,84962.45,Yes,2025-07-13
2247,USB Flash Drive,Storage,4,Excellent product with great performance,Positive,1369.97,Yes,2025-06-07
2248,Smartwatch,Wearable,1,Very disappointed with the purchase,Negative,21731.16,Yes,2025-06-23
2249,Smartwatch,Wearable,5,Excellent product with great performance,Positive,5047.22,Yes,2025-12-14
2250,Camera,Camera,4,Amazing quality and works perfectly,Positive,179611.51,Yes,2025-12-10
2251,External SSD,Storage,4,Good quality and easy to use,Positive,17551.47,Yes,2025-01-10
2252,External SSD,Storage,5,Excellent product with great performance,Positive,24972.34,Yes,2025-11-04
2253,Printer,Office Electronics,4,Very good product and worth the price,Positive,29078.4,Yes,2025-05-12
2254,Printer,Office Electronics,3,It is okay but could be improved,Neutral,49739.62,Yes,2025-10-02
2255,Tablet,Computing,5,Really happy with the purchase,Positive,31701.87,Yes,2025-12-26
2256,Bluetooth Speaker,Audio,4,Works perfectly and looks premium,Positive,22469.51,Yes,2025-07-07
2257,Router,Networking,3,Average experience with this product,Neutral,9214.21,Yes,2025-08-16
2258,Monitor,Computing,4,Good quality and easy to use,Positive,33821.37,Yes,2025-06-06
2259,Router,Networking,5,Great product with impressive features,Positive,14899.06,No,2025-01-28
2260,Mouse,Accessories,3,Nothing special but it works fine,Neutral,9568.9,Yes,2025-01-14
2261,Mouse,Accessories,2,Very bad experience with this product,Negative,7629.1,Yes,2025-05-12
2262,Smartphone,Mobile,5,Good quality and easy to use,Positive,44973.75,Yes,2025-10-27
2263,Camera,Camera,1,Product stopped working after a few days,Negative,139725.62,Yes,2025-05-05
2264,Printer,Office Electronics,5,Fast performance and reliable,Positive,14771.3,Yes,2025-06-07
2265,USB Flash Drive,Storage,1,Frequent problems while using the product,Negative,3215.12,Yes,2025-07-13
2266,Bluetooth Speaker,Audio,4,Amazing quality and works perfectly,Positive,12555.54,Yes,2025-04-28
2267,Gaming Console,Gaming,4,"Amazing product, highly recommended",Positive,37547.32,Yes,2025-06-28
2268,Smartwatch,Wearable,5,Excellent product with great performance,Positive,2523.0,Yes,2025-08-10
2269,Camera,Camera,4,Really happy with the purchase,Positive,233197.97,No,2025-11-07
2270,Keyboard,Accessories,5,Works perfectly and looks premium,Positive,1642.9,Yes,2025-10-03
2271,Webcam,Computer Accessories,5,Really happy with the purchase,Positive,7256.88,Yes,2025-10-26
2272,Router,Networking,3,Average experience with this product,Neutral,4618.62,Yes,2025-07-10
2273,Laptop,Computing,4,Fast performance and reliable,Positive,104119.09,Yes,2025-09-13
2274,Printer,Office Electronics,4,Amazing quality and works perfectly,Positive,13772.52,Yes,2025-02-24
2275,Router,Networking,2,Build quality is poor,Negative,14988.01,Yes,2025-02-23
2276,Headphones,Audio,1,Build quality is poor,Negative,7132.17,Yes,2025-12-03
2277,Earbuds,Audio,3,Good enough for basic use,Neutral,5043.69,Yes,2025-08-09
2278,Smartwatch,Wearable,4,Very good product and worth the price,Positive,12018.93,No,2025-02-11
2279,Bluetooth Speaker,Audio,5,Fast performance and reliable,Positive,9488.85,Yes,2025-05-29
2280,Webcam,Computer Accessories,5,Excellent product with great performance,Positive,13194.8,Yes,2025-12-20
2281,Webcam,Computer Accessories,5,Really happy with the purchase,Positive,4982.94,Yes,2025-01-08
2282,Charger,Power,4,Excellent build quality and smooth performance,Positive,3575.2,No,2025-06-11
2283,Monitor,Computing,4,Excellent build quality and smooth performance,Positive,37832.65,Yes,2025-11-02
2284,Monitor,Computing,4,Amazing quality and works perfectly,Positive,20578.63,No,2025-12-12
2285,Smart TV,Home Entertainment,2,Very disappointed with the purchase,Negative,59408.24,Yes,2025-05-15
2286,Smartwatch,Wearable,5,"Amazing product, highly recommended",Positive,27075.69,No,2025-11-30
2287,External SSD,Storage,5,Fast performance and reliable,Positive,13222.98,Yes,2025-09-19
2288,Smart TV,Home Entertainment,4,Great product with impressive features,Positive,110038.82,No,2025-05-29
2289,Printer,Office Electronics,5,Really happy with the purchase,Positive,41566.08,No,2025-10-12
2290,Router,Networking,1,Product stopped working after a few days,Negative,1870.8,Yes,2025-10-20
2291,Printer,Office Electronics,4,Works perfectly and looks premium,Positive,22712.48,No,2025-04-11
2292,Headphones,Audio,3,Performance is acceptable,Neutral,12755.56,Yes,2025-02-02
2293,Smart TV,Home Entertainment,1,Build quality is poor,Negative,61419.67,Yes,2025-10-13
2294,Laptop,Computing,3,Average experience with this product,Neutral,96281.88,Yes,2025-01-31
2295,Smartphone,Mobile,2,Poor quality and disappointing performance,Negative,71462.91,No,2025-10-12
2296,Smartwatch,Wearable,3,"Average product, works as expected",Neutral,29870.47,Yes,2025-05-10
2297,Camera,Camera,5,Amazing quality and works perfectly,Positive,175712.5,Yes,2025-09-14
2298,Headphones,Audio,4,Excellent build quality and smooth performance,Positive,2764.68,Yes,2025-08-11
2299,Camera,Camera,5,Very good product and worth the price,Positive,128501.7,No,2025-01-15
2300,Tablet,Computing,5,Excellent build quality and smooth performance,Positive,78185.13,Yes,2025-01-04
2301,Gaming Console,Gaming,4,"Amazing product, highly recommended",Positive,50027.49,Yes,2025-08-18
2302,Headphones,Audio,1,Build quality is poor,Negative,19866.34,Yes,2025-07-08
2303,Power Bank,Power,1,Battery life is very poor,Negative,5051.23,No,2025-01-16
2304,Tablet,Computing,5,Works perfectly and looks premium,Positive,51824.7,Yes,2025-12-23
2305,Smart TV,Home Entertainment,5,Amazing quality and works perfectly,Positive,29601.78,Yes,2025-03-29
2306,Monitor,Computing,1,Product has several issues,Negative,52858.65,Yes,2025-11-10
2307,Camera,Camera,5,Very good product and worth the price,Positive,145265.43,Yes,2025-02-12
2308,Mouse,Accessories,5,Really happy with the purchase,Positive,355.14,Yes,2025-03-26
2309,Charger,Power,1,Very bad experience with this product,Negative,1272.23,Yes,2025-07-13
2310,Mouse,Accessories,5,Very good product and worth the price,Positive,895.58,Yes,2025-07-12
2311,Laptop,Computing,5,Excellent product with great performance,Positive,115535.14,Yes,2025-08-09
2312,USB Flash Drive,Storage,3,Good enough for basic use,Neutral,371.2,Yes,2025-03-04
2313,Camera,Camera,3,Features are satisfactory,Neutral,214544.71,No,2025-04-07
2314,Earbuds,Audio,4,Works perfectly and looks premium,Positive,23712.62,Yes,2025-04-07
2315,Laptop,Computing,4,Fast performance and reliable,Positive,176336.85,Yes,2025-06-10
2316,Printer,Office Electronics,4,Great product with impressive features,Positive,15196.3,Yes,2025-12-03
2317,Bluetooth Speaker,Audio,4,Good quality and easy to use,Positive,15258.11,Yes,2025-06-18
2318,Webcam,Computer Accessories,5,Really happy with the purchase,Positive,17932.21,Yes,2025-12-31
2319,External SSD,Storage,5,Amazing quality and works perfectly,Positive,21558.05,Yes,2025-04-02
2320,Smart TV,Home Entertainment,4,Works perfectly and looks premium,Positive,70268.02,No,2025-03-30
2321,Gaming Console,Gaming,4,Excellent build quality and smooth performance,Positive,70867.35,No,2025-02-06
2322,Smartwatch,Wearable,5,Fast performance and reliable,Positive,29335.91,Yes,2025-03-19
2323,Smartphone,Mobile,4,Great product with impressive features,Positive,89758.27,Yes,2025-04-24
2324,Headphones,Audio,5,Good quality and easy to use,Positive,29097.58,Yes,2025-05-21
2325,Keyboard,Accessories,4,Excellent build quality and smooth performance,Positive,14963.89,No,2025-09-18
2326,Camera,Camera,3,Features are satisfactory,Neutral,138584.9,Yes,2025-06-12
2327,Printer,Office Electronics,4,Very good product and worth the price,Positive,12047.56,Yes,2025-09-08
2328,Tablet,Computing,1,Build quality is poor,Negative,65760.33,Yes,2025-02-02
2329,Camera,Camera,5,Great product with impressive features,Positive,169867.04,Yes,2025-12-12
2330,Laptop,Computing,2,Not worth the price,Negative,115821.73,Yes,2025-02-23
2331,Mouse,Accessories,5,Very good product and worth the price,Positive,4393.87,No,2025-01-13
2332,Laptop,Computing,5,Fast performance and reliable,Positive,117234.04,Yes,2025-06-05
2333,Monitor,Computing,4,Really happy with the purchase,Positive,45518.98,Yes,2025-08-26
2334,Camera,Camera,4,"Amazing product, highly recommended",Positive,237555.84,Yes,2025-03-27
2335,Router,Networking,4,Excellent build quality and smooth performance,Positive,16914.41,Yes,2025-03-01
2336,USB Flash Drive,Storage,4,Excellent product with great performance,Positive,2150.34,Yes,2025-11-05
2337,Power Bank,Power,5,Excellent product with great performance,Positive,4910.24,Yes,2025-10-28
2338,Earbuds,Audio,4,Great product with impressive features,Positive,14368.3,Yes,2025-10-02
2339,Webcam,Computer Accessories,5,Good quality and easy to use,Positive,10703.65,Yes,2025-03-22
2340,Webcam,Computer Accessories,3,Good enough for basic use,Neutral,2103.25,Yes,2025-07-15
2341,Smart TV,Home Entertainment,5,Good quality and easy to use,Positive,146829.98,Yes,2025-09-09
2342,External SSD,Storage,5,Fast performance and reliable,Positive,22744.31,No,2025-06-07
2343,External SSD,Storage,5,Really happy with the purchase,Positive,16072.99,No,2025-03-07
2344,Laptop,Computing,5,Works perfectly and looks premium,Positive,165235.94,Yes,2025-10-31
2345,Charger,Power,4,"Amazing product, highly recommended",Positive,4924.43,Yes,2025-12-09
2346,Keyboard,Accessories,4,Amazing quality and works perfectly,Positive,12287.24,Yes,2025-03-02
2347,Earbuds,Audio,5,Great product with impressive features,Positive,23232.65,Yes,2025-09-14
2348,Laptop,Computing,5,Great product with impressive features,Positive,103125.4,Yes,2025-11-20
2349,Headphones,Audio,2,Build quality is poor,Negative,27470.12,Yes,2025-07-17
2350,Webcam,Computer Accessories,4,Excellent build quality and smooth performance,Positive,18765.51,Yes,2025-01-18
2351,Webcam,Computer Accessories,4,Good quality and easy to use,Positive,12847.77,Yes,2025-09-10
2352,Router,Networking,2,Battery life is very poor,Negative,3863.7,No,2025-12-04
2353,Tablet,Computing,5,Works perfectly and looks premium,Positive,23707.69,Yes,2025-04-06
2354,Gaming Console,Gaming,1,Performance is slow and unreliable,Negative,50976.82,Yes,2025-02-20
2355,Tablet,Computing,1,Poor quality and disappointing performance,Negative,76202.25,Yes,2025-04-03
2356,Gaming Console,Gaming,2,Performance is slow and unreliable,Negative,52576.68,Yes,2025-10-24
2357,Smartphone,Mobile,5,Very good product and worth the price,Positive,97583.18,Yes,2025-07-23
2358,Earbuds,Audio,3,Features are satisfactory,Neutral,19359.82,Yes,2025-01-07
2359,Tablet,Computing,4,"Amazing product, highly recommended",Positive,28324.73,Yes,2025-08-03
2360,Webcam,Computer Accessories,3,Product is okay for the price,Neutral,3522.52,Yes,2025-10-25
2361,Charger,Power,5,Fast performance and reliable,Positive,3617.42,Yes,2025-03-09
2362,Webcam,Computer Accessories,5,Great product with impressive features,Positive,7087.23,No,2025-08-02
2363,Smartphone,Mobile,3,Product is okay for the price,Neutral,112316.45,Yes,2025-03-25
2364,Router,Networking,4,Excellent build quality and smooth performance,Positive,17501.65,Yes,2025-01-07
2365,Mouse,Accessories,4,Works perfectly and looks premium,Positive,4677.01,Yes,2025-05-27
2366,Mouse,Accessories,2,Product has several issues,Negative,5930.91,Yes,2025-10-10
2367,Printer,Office Electronics,5,Really happy with the purchase,Positive,43119.68,Yes,2025-09-02
2368,Smartphone,Mobile,4,"Amazing product, highly recommended",Positive,105593.35,Yes,2025-02-07
2369,Webcam,Computer Accessories,3,Product is okay for the price,Neutral,11582.51,Yes,2025-03-09
2370,Smartphone,Mobile,3,Average experience with this product,Neutral,116854.27,Yes,2025-07-17
2371,Monitor,Computing,5,Works perfectly and looks premium,Positive,44551.68,Yes,2025-04-28
2372,Tablet,Computing,5,Really happy with the purchase,Positive,13699.69,Yes,2025-05-02
2373,Power Bank,Power,4,Really happy with the purchase,Positive,4851.41,Yes,2025-06-09
2374,Charger,Power,5,Great product with impressive features,Positive,3951.93,No,2025-10-05
2375,Camera,Camera,4,Excellent product with great performance,Positive,246610.41,No,2025-07-30
2376,External SSD,Storage,2,Product has several issues,Negative,5844.95,Yes,2025-11-08
2377,External SSD,Storage,5,Excellent build quality and smooth performance,Positive,14894.5,Yes,2025-02-07
2378,Webcam,Computer Accessories,5,"Amazing product, highly recommended",Positive,12146.35,Yes,2025-06-19
2379,Keyboard,Accessories,4,Great product with impressive features,Positive,13281.22,No,2025-07-20
2380,Smartwatch,Wearable,3,Product meets basic expectations,Neutral,36220.66,Yes,2025-10-04
2381,Smartwatch,Wearable,5,Works perfectly and looks premium,Positive,12715.44,Yes,2025-07-08
2382,Earbuds,Audio,3,Product is okay for the price,Neutral,21555.04,No,2025-12-01
2383,Camera,Camera,4,Very good product and worth the price,Positive,174454.74,Yes,2025-11-02
2384,Laptop,Computing,4,Excellent build quality and smooth performance,Positive,164273.54,Yes,2025-09-09
2385,Smart TV,Home Entertainment,5,Really happy with the purchase,Positive,169359.17,Yes,2025-05-26
2386,Smart TV,Home Entertainment,5,Very good product and worth the price,Positive,38913.56,Yes,2025-04-28
2387,Smartwatch,Wearable,1,Poor quality and disappointing performance,Negative,48082.83,No,2025-07-14
2388,External SSD,Storage,5,Fast performance and reliable,Positive,15266.0,Yes,2025-06-19
2389,Charger,Power,4,Great product with impressive features,Positive,4918.0,Yes,2025-01-11
2390,Mouse,Accessories,5,Fast performance and reliable,Positive,2113.97,Yes,2025-03-25
2391,Router,Networking,5,Works perfectly and looks premium,Positive,16073.04,Yes,2025-11-01
2392,Charger,Power,4,Excellent build quality and smooth performance,Positive,1732.99,Yes,2025-06-17
2393,Bluetooth Speaker,Audio,5,Excellent build quality and smooth performance,Positive,2108.31,Yes,2025-12-13
2394,Charger,Power,5,Very good product and worth the price,Positive,4971.99,Yes,2025-03-31
2395,Tablet,Computing,3,Decent quality but has some limitations,Neutral,37318.18,Yes,2025-12-20
2396,Earbuds,Audio,2,Very disappointed with the purchase,Negative,2472.72,Yes,2025-10-22
2397,Smart TV,Home Entertainment,1,Performance is slow and unreliable,Negative,174191.98,Yes,2025-05-11
2398,Smartwatch,Wearable,5,Works perfectly and looks premium,Positive,22452.98,Yes,2025-08-11
2399,Charger,Power,5,Excellent build quality and smooth performance,Positive,3009.33,Yes,2025-12-27
2400,Earbuds,Audio,4,Works perfectly and looks premium,Positive,24628.67,Yes,2025-08-20
2401,Mouse,Accessories,3,Decent quality but has some limitations,Neutral,4962.88,Yes,2025-12-07
2402,Headphones,Audio,4,Amazing quality and works perfectly,Positive,2479.41,Yes,2025-02-10
2403,Charger,Power,3,Nothing special but it works fine,Neutral,3548.57,Yes,2025-03-01
2404,Charger,Power,1,Product has several issues,Negative,3639.82,Yes,2025-01-01
2405,Camera,Camera,2,Product stopped working after a few days,Negative,68696.85,Yes,2025-04-29
2406,Bluetooth Speaker,Audio,2,Product stopped working after a few days,Negative,16726.03,Yes,2025-10-16
2407,Charger,Power,3,Performance is acceptable,Neutral,2035.34,Yes,2025-12-18
2408,Router,Networking,3,Good enough for basic use,Neutral,1948.51,Yes,2025-07-17
2409,Router,Networking,4,Excellent product with great performance,Positive,6920.45,Yes,2025-06-04
2410,Charger,Power,4,"Amazing product, highly recommended",Positive,4574.8,No,2025-12-07
2411,Earbuds,Audio,4,Really happy with the purchase,Positive,7856.06,Yes,2025-08-03
2412,Power Bank,Power,2,Very bad experience with this product,Negative,2406.05,Yes,2025-07-16
2413,Power Bank,Power,3,Decent quality but has some limitations,Neutral,7574.57,Yes,2025-01-31
2414,Smart TV,Home Entertainment,4,Works perfectly and looks premium,Positive,85730.46,Yes,2025-03-20
2415,Monitor,Computing,3,Features are satisfactory,Neutral,75601.37,No,2025-09-12
2416,Bluetooth Speaker,Audio,5,Really happy with the purchase,Positive,26502.84,Yes,2025-09-12
2417,Router,Networking,4,Excellent build quality and smooth performance,Positive,9938.83,Yes,2025-07-01
2418,Camera,Camera,5,Great product with impressive features,Positive,111616.37,Yes,2025-09-13
2419,Keyboard,Accessories,4,Works perfectly and looks premium,Positive,2496.91,Yes,2025-09-10
2420,Smartphone,Mobile,2,Not worth the price,Negative,29349.04,Yes,2025-01-24
2421,Router,Networking,2,Frequent problems while using the product,Negative,5416.42,Yes,2025-11-01
2422,Router,Networking,4,Works perfectly and looks premium,Positive,9936.72,No,2025-09-11
2423,Webcam,Computer Accessories,4,Really happy with the purchase,Positive,8070.16,Yes,2025-03-22
2424,Power Bank,Power,1,Build quality is poor,Negative,6562.77,No,2025-03-19
2425,Power Bank,Power,5,Excellent product with great performance,Positive,2936.07,Yes,2025-12-16
2426,Headphones,Audio,5,Very good product and worth the price,Positive,13023.33,Yes,2025-04-03
2427,Mouse,Accessories,4,Good quality and easy to use,Positive,1490.26,Yes,2025-01-12
2428,Smartphone,Mobile,1,Product stopped working after a few days,Negative,38376.64,No,2025-01-12
2429,Power Bank,Power,5,Good quality and easy to use,Positive,6437.74,Yes,2025-03-25
2430,Router,Networking,1,Battery life is very poor,Negative,14434.91,Yes,2025-08-17
2431,External SSD,Storage,5,Very good product and worth the price,Positive,13859.95,No,2025-06-16
2432,Gaming Console,Gaming,4,Excellent build quality and smooth performance,Positive,56761.03,Yes,2025-09-25
2433,USB Flash Drive,Storage,3,Nothing special but it works fine,Neutral,2454.17,Yes,2025-03-26
2434,Gaming Console,Gaming,3,Product meets basic expectations,Neutral,74237.13,Yes,2025-03-26
2435,External SSD,Storage,3,It is okay but could be improved,Neutral,13656.65,Yes,2025-05-28
2436,Keyboard,Accessories,3,Performance is acceptable,Neutral,10970.66,Yes,2025-10-17
2437,Camera,Camera,3,Product meets basic expectations,Neutral,74169.06,Yes,2025-07-03
2438,Camera,Camera,2,Poor quality and disappointing performance,Negative,122671.85,Yes,2025-10-06
2439,Charger,Power,4,Good quality and easy to use,Positive,2787.86,Yes,2025-02-04
2440,Charger,Power,1,Very disappointed with the purchase,Negative,791.84,Yes,2025-05-30
2441,External SSD,Storage,3,It is okay but could be improved,Neutral,18860.3,Yes,2025-06-09
2442,Headphones,Audio,5,Works perfectly and looks premium,Positive,17452.62,Yes,2025-01-25
2443,Bluetooth Speaker,Audio,4,Excellent build quality and smooth performance,Positive,5435.58,Yes,2025-04-25
2444,Power Bank,Power,4,Very good product and worth the price,Positive,7990.28,Yes,2025-04-13
2445,Camera,Camera,3,Performance is acceptable,Neutral,45810.99,Yes,2025-06-16
2446,Power Bank,Power,3,Product is okay for the price,Neutral,7246.19,Yes,2025-03-02
2447,Smartwatch,Wearable,4,"Amazing product, highly recommended",Positive,25338.51,Yes,2025-04-09
2448,USB Flash Drive,Storage,4,Excellent build quality and smooth performance,Positive,1346.71,Yes,2025-12-16
2449,Power Bank,Power,3,"Average product, works as expected",Neutral,1612.15,No,2025-02-22
2450,Keyboard,Accessories,5,Excellent build quality and smooth performance,Positive,10641.59,Yes,2025-10-26
2451,Printer,Office Electronics,5,Excellent build quality and smooth performance,Positive,38950.27,Yes,2025-07-18
2452,Keyboard,Accessories,4,Excellent build quality and smooth performance,Positive,10264.89,No,2025-01-29
2453,Smartwatch,Wearable,3,Product meets basic expectations,Neutral,21863.74,Yes,2025-05-27
2454,Smart TV,Home Entertainment,5,Excellent product with great performance,Positive,46926.13,Yes,2025-07-07
2455,Monitor,Computing,2,Product has several issues,Negative,64425.8,Yes,2025-04-12
2456,Printer,Office Electronics,4,Really happy with the purchase,Positive,44205.37,Yes,2025-04-08
2457,Power Bank,Power,2,Frequent problems while using the product,Negative,3621.47,No,2025-09-17
2458,Headphones,Audio,3,"Average product, works as expected",Neutral,25315.92,Yes,2025-01-12
2459,Monitor,Computing,5,Good quality and easy to use,Positive,53034.42,Yes,2025-12-05
2460,Webcam,Computer Accessories,4,Good quality and easy to use,Positive,11012.59,Yes,2025-04-28
2461,Webcam,Computer Accessories,1,Product stopped working after a few days,Negative,12601.5,Yes,2025-05-20
2462,Tablet,Computing,2,Not worth the price,Negative,19697.58,Yes,2025-02-16
2463,Smart TV,Home Entertainment,4,Very good product and worth the price,Positive,38198.82,Yes,2025-11-18
2464,Printer,Office Electronics,4,Fast performance and reliable,Positive,37701.67,No,2025-03-23
2465,Camera,Camera,3,Average experience with this product,Neutral,243238.1,Yes,2025-10-21
2466,Smartwatch,Wearable,1,Poor quality and disappointing performance,Negative,26128.5,Yes,2025-04-30
2467,Charger,Power,4,Fast performance and reliable,Positive,553.8,Yes,2025-01-12
2468,Keyboard,Accessories,3,Product meets basic expectations,Neutral,1487.06,Yes,2025-05-30
2469,Tablet,Computing,4,Works perfectly and looks premium,Positive,52062.82,Yes,2025-07-10
2470,Smart TV,Home Entertainment,1,Not worth the price,Negative,136667.94,Yes,2025-06-20
2471,Camera,Camera,2,Not worth the price,Negative,59847.25,Yes,2025-12-27
2472,Laptop,Computing,4,Excellent build quality and smooth performance,Positive,34955.23,Yes,2025-07-09
2473,Bluetooth Speaker,Audio,4,"Amazing product, highly recommended",Positive,22100.5,Yes,2025-10-12
2474,USB Flash Drive,Storage,5,Fast performance and reliable,Positive,986.82,Yes,2025-05-16
2475,Keyboard,Accessories,5,Works perfectly and looks premium,Positive,6853.61,Yes,2025-02-22
2476,Mouse,Accessories,5,Works perfectly and looks premium,Positive,7421.12,Yes,2025-07-01
2477,Tablet,Computing,5,"Amazing product, highly recommended",Positive,21276.55,No,2025-07-24
2478,Tablet,Computing,5,"Amazing product, highly recommended",Positive,49847.78,Yes,2025-06-02
2479,Smart TV,Home Entertainment,5,"Amazing product, highly recommended",Positive,35619.2,Yes,2025-10-07
2480,Smart TV,Home Entertainment,4,Works perfectly and looks premium,Positive,79289.0,Yes,2025-12-19
2481,Laptop,Computing,4,Great product with impressive features,Positive,166864.99,Yes,2025-01-30
2482,Power Bank,Power,5,Great product with impressive features,Positive,5740.16,Yes,2025-01-25
2483,Gaming Console,Gaming,4,Fast performance and reliable,Positive,26270.12,Yes,2025-04-10
2484,Printer,Office Electronics,5,"Amazing product, highly recommended",Positive,11051.46,Yes,2025-08-02
2485,Charger,Power,5,Good quality and easy to use,Positive,1680.96,Yes,2025-01-16
2486,Printer,Office Electronics,5,Very good product and worth the price,Positive,45299.71,Yes,2025-03-12
2487,Tablet,Computing,5,Great product with impressive features,Positive,77237.77,Yes,2025-05-30
2488,Smartphone,Mobile,5,Works perfectly and looks premium,Positive,77159.21,No,2025-05-18
2489,Mouse,Accessories,4,Good quality and easy to use,Positive,1780.17,No,2025-11-05
2490,Earbuds,Audio,2,Build quality is poor,Negative,23257.43,Yes,2025-07-19
2491,External SSD,Storage,5,Very good product and worth the price,Positive,24819.49,Yes,2025-11-15
2492,Bluetooth Speaker,Audio,5,Very good product and worth the price,Positive,7791.23,Yes,2025-10-05
2493,Keyboard,Accessories,5,Fast performance and reliable,Positive,6362.73,Yes,2025-06-01
2494,Power Bank,Power,3,Nothing special but it works fine,Neutral,3884.36,Yes,2025-12-23
2495,Smart TV,Home Entertainment,2,Poor quality and disappointing performance,Negative,123688.68,Yes,2025-11-04
2496,Laptop,Computing,4,"Amazing product, highly recommended",Positive,86221.56,No,2025-06-30
2497,Charger,Power,2,Battery life is very poor,Negative,1287.12,Yes,2025-11-07
2498,Monitor,Computing,3,Features are satisfactory,Neutral,55357.22,Yes,2025-04-04
2499,Smartphone,Mobile,5,Fast performance and reliable,Positive,83886.16,Yes,2025-03-17
2500,USB Flash Drive,Storage,3,Performance is acceptable,Neutral,2379.21,Yes,2025-10-16
2501,Webcam,Computer Accessories,2,Frequent problems while using the product,Negative,10246.4,Yes,2025-10-16
2502,Smartwatch,Wearable,4,Great product with impressive features,Positive,3957.5,Yes,2025-03-22
2503,External SSD,Storage,5,Good quality and easy to use,Positive,15314.67,Yes,2025-10-03
2504,Router,Networking,3,Nothing special but it works fine,Neutral,16207.57,Yes,2025-07-05
2505,Router,Networking,3,Decent quality but has some limitations,Neutral,12238.17,Yes,2025-07-23
2506,Mouse,Accessories,5,Very good product and worth the price,Positive,9230.78,No,2025-11-06
2507,Bluetooth Speaker,Audio,2,Battery life is very poor,Negative,21722.19,Yes,2025-02-28
2508,Laptop,Computing,3,It is okay but could be improved,Neutral,146645.56,Yes,2025-05-28
2509,Smartphone,Mobile,2,Very bad experience with this product,Negative,59342.56,Yes,2025-04-16
2510,Smartwatch,Wearable,1,Product stopped working after a few days,Negative,9912.3,Yes,2025-07-23
2511,Power Bank,Power,5,"Amazing product, highly recommended",Positive,7367.73,No,2025-02-27
2512,Tablet,Computing,3,Average experience with this product,Neutral,69327.68,Yes,2025-02-13
2513,Gaming Console,Gaming,4,Very good product and worth the price,Positive,75021.1,No,2025-09-12
2514,Camera,Camera,5,Good quality and easy to use,Positive,163942.55,Yes,2025-01-21
2515,Bluetooth Speaker,Audio,5,Really happy with the purchase,Positive,14070.84,Yes,2025-06-02
2516,Laptop,Computing,5,Good quality and easy to use,Positive,50210.87,Yes,2025-12-26
2517,Power Bank,Power,5,Excellent build quality and smooth performance,Positive,3663.47,No,2025-12-31
2518,USB Flash Drive,Storage,5,Really happy with the purchase,Positive,3108.5,Yes,2025-03-07
2519,Monitor,Computing,1,Very disappointed with the purchase,Negative,74876.56,Yes,2025-12-05
2520,USB Flash Drive,Storage,5,Fast performance and reliable,Positive,4197.75,Yes,2025-05-03
2521,Earbuds,Audio,2,Performance is slow and unreliable,Negative,13071.97,Yes,2025-03-14
2522,Laptop,Computing,5,"Amazing product, highly recommended",Positive,97198.64,Yes,2025-07-04
2523,Camera,Camera,3,Performance is acceptable,Neutral,32486.51,Yes,2025-06-28
2524,Printer,Office Electronics,5,Great product with impressive features,Positive,20803.48,Yes,2025-05-17
2525,Printer,Office Electronics,5,Great product with impressive features,Positive,49159.3,Yes,2025-06-05
2526,Smart TV,Home Entertainment,3,Product is okay for the price,Neutral,152089.69,Yes,2025-02-05
2527,Tablet,Computing,4,Excellent product with great performance,Positive,57227.41,Yes,2025-04-07
2528,Smartphone,Mobile,3,Decent quality but has some limitations,Neutral,104577.55,Yes,2025-03-13
2529,Charger,Power,1,Very disappointed with the purchase,Negative,408.36,Yes,2025-12-07
2530,Smart TV,Home Entertainment,4,Amazing quality and works perfectly,Positive,192160.48,No,2025-06-30
2531,Smart TV,Home Entertainment,4,Great product with impressive features,Positive,144438.72,Yes,2025-07-19
2532,Earbuds,Audio,5,Good quality and easy to use,Positive,826.2,Yes,2025-06-10
2533,Monitor,Computing,4,Excellent product with great performance,Positive,58209.35,Yes,2025-11-19
2534,Gaming Console,Gaming,1,Product stopped working after a few days,Negative,29572.03,Yes,2025-10-19
2535,Webcam,Computer Accessories,3,"Average product, works as expected",Neutral,13152.35,Yes,2025-09-09
2536,Smartwatch,Wearable,2,Very bad experience with this product,Negative,16092.95,No,2025-04-24
2537,Smart TV,Home Entertainment,1,Poor quality and disappointing performance,Negative,54237.06,Yes,2025-04-23
2538,USB Flash Drive,Storage,4,Amazing quality and works perfectly,Positive,3251.98,Yes,2025-12-10
2539,Laptop,Computing,4,Good quality and easy to use,Positive,95106.12,Yes,2025-12-06
2540,USB Flash Drive,Storage,5,Works perfectly and looks premium,Positive,603.26,Yes,2025-04-14
2541,Camera,Camera,4,"Amazing product, highly recommended",Positive,210027.15,Yes,2025-05-03
2542,Smart TV,Home Entertainment,4,Amazing quality and works perfectly,Positive,64232.71,No,2025-05-01
2543,Headphones,Audio,1,Frequent problems while using the product,Negative,18737.2,Yes,2025-10-14
2544,Smart TV,Home Entertainment,4,Really happy with the purchase,Positive,127731.72,Yes,2025-12-13
2545,Smartphone,Mobile,4,Excellent product with great performance,Positive,14290.05,Yes,2025-11-20
2546,Laptop,Computing,4,Very good product and worth the price,Positive,179597.48,No,2025-11-03
2547,Keyboard,Accessories,5,Good quality and easy to use,Positive,6991.08,No,2025-05-08
2548,Gaming Console,Gaming,4,Fast performance and reliable,Positive,36294.62,No,2025-04-26
2549,Smartwatch,Wearable,4,Great product with impressive features,Positive,22682.26,Yes,2025-11-21
2550,Earbuds,Audio,5,Excellent product with great performance,Positive,15275.02,Yes,2025-05-25
2551,Monitor,Computing,4,Very good product and worth the price,Positive,6224.94,Yes,2025-03-20
2552,Tablet,Computing,3,Decent quality but has some limitations,Neutral,37012.02,Yes,2025-11-04
2553,Smartwatch,Wearable,5,Good quality and easy to use,Positive,27512.02,Yes,2025-06-25
2554,Tablet,Computing,4,Good quality and easy to use,Positive,72502.93,No,2025-02-01
2555,Smart TV,Home Entertainment,4,Fast performance and reliable,Positive,72961.6,Yes,2025-11-24
2556,Webcam,Computer Accessories,4,Really happy with the purchase,Positive,8674.28,Yes,2025-04-18
2557,Camera,Camera,3,"Average product, works as expected",Neutral,74776.4,Yes,2025-04-23
2558,Gaming Console,Gaming,4,Really happy with the purchase,Positive,41117.22,Yes,2025-07-14
2559,Tablet,Computing,1,Frequent problems while using the product,Negative,71862.17,Yes,2025-04-09
2560,Laptop,Computing,3,Features are satisfactory,Neutral,80589.28,Yes,2025-10-30
2561,Monitor,Computing,4,"Amazing product, highly recommended",Positive,26691.85,Yes,2025-09-10
2562,Smart TV,Home Entertainment,4,Good quality and easy to use,Positive,70233.59,No,2025-07-26
2563,Mouse,Accessories,4,Excellent product with great performance,Positive,6242.64,Yes,2025-03-15
2564,USB Flash Drive,Storage,4,Works perfectly and looks premium,Positive,2935.84,No,2025-06-28
2565,Monitor,Computing,5,Good quality and easy to use,Positive,36110.7,Yes,2025-04-10
2566,Bluetooth Speaker,Audio,3,Features are satisfactory,Neutral,19263.64,Yes,2025-12-18
2567,USB Flash Drive,Storage,3,Average experience with this product,Neutral,3321.13,No,2025-10-17
2568,Mouse,Accessories,3,Nothing special but it works fine,Neutral,427.16,No,2025-02-12
2569,Router,Networking,3,Product meets basic expectations,Neutral,7442.13,Yes,2025-07-12
2570,Router,Networking,4,Excellent build quality and smooth performance,Positive,5641.49,Yes,2025-10-12
2571,Router,Networking,3,Performance is acceptable,Neutral,16753.31,Yes,2025-07-11
2572,Gaming Console,Gaming,4,"Amazing product, highly recommended",Positive,40148.99,Yes,2025-02-16
2573,USB Flash Drive,Storage,5,Really happy with the purchase,Positive,1791.29,Yes,2025-02-21
2574,Mouse,Accessories,4,Excellent product with great performance,Positive,5516.54,Yes,2025-09-25
2575,Bluetooth Speaker,Audio,1,Very disappointed with the purchase,Negative,16784.06,Yes,2025-07-11
2576,Power Bank,Power,3,Good enough for basic use,Neutral,6639.01,No,2025-07-18
2577,Bluetooth Speaker,Audio,5,Great product with impressive features,Positive,12127.51,Yes,2025-04-09
2578,Smartphone,Mobile,4,Excellent build quality and smooth performance,Positive,39490.4,Yes,2025-04-07
2579,Monitor,Computing,3,Product is okay for the price,Neutral,51010.01,Yes,2025-05-29
2580,Power Bank,Power,4,Good quality and easy to use,Positive,6043.62,Yes,2025-07-18
2581,Power Bank,Power,3,Product meets basic expectations,Neutral,7946.7,Yes,2025-06-21
2582,Bluetooth Speaker,Audio,2,Product stopped working after a few days,Negative,18854.33,Yes,2025-11-17
2583,Router,Networking,2,Build quality is poor,Negative,10323.94,No,2025-03-10
2584,Earbuds,Audio,4,Works perfectly and looks premium,Positive,3760.17,Yes,2025-06-22
2585,Camera,Camera,1,Battery life is very poor,Negative,247057.69,Yes,2025-03-27
2586,Earbuds,Audio,1,Product has several issues,Negative,17282.3,Yes,2025-01-03
2587,Smart TV,Home Entertainment,4,Excellent build quality and smooth performance,Positive,45528.23,Yes,2025-06-01
2588,Camera,Camera,5,Fast performance and reliable,Positive,128427.39,No,2025-01-21
2589,Charger,Power,5,"Amazing product, highly recommended",Positive,2933.42,No,2025-05-16
2590,Keyboard,Accessories,5,Really happy with the purchase,Positive,3644.72,Yes,2025-08-19
2591,External SSD,Storage,1,Build quality is poor,Negative,22777.0,Yes,2025-05-18
2592,Keyboard,Accessories,5,Works perfectly and looks premium,Positive,9929.89,Yes,2025-09-05
2593,USB Flash Drive,Storage,5,Really happy with the purchase,Positive,1398.61,Yes,2025-04-18
2594,Smartwatch,Wearable,2,Product stopped working after a few days,Negative,49503.18,No,2025-05-27
2595,USB Flash Drive,Storage,4,Really happy with the purchase,Positive,4758.74,Yes,2025-11-16
2596,Smart TV,Home Entertainment,4,Great product with impressive features,Positive,64121.41,No,2025-03-30
2597,Headphones,Audio,5,Works perfectly and looks premium,Positive,13533.46,No,2025-07-02
2598,Headphones,Audio,3,Good enough for basic use,Neutral,26896.24,Yes,2025-09-19
2599,Smart TV,Home Entertainment,4,"Amazing product, highly recommended",Positive,90164.73,Yes,2025-05-13
2600,Keyboard,Accessories,2,Battery life is very poor,Negative,14344.9,Yes,2025-04-22
2601,Gaming Console,Gaming,2,Frequent problems while using the product,Negative,36022.41,Yes,2025-09-12
2602,Smartwatch,Wearable,5,"Amazing product, highly recommended",Positive,36615.08,Yes,2025-01-28
2603,Keyboard,Accessories,4,Amazing quality and works perfectly,Positive,9192.84,Yes,2025-04-07
2604,Router,Networking,4,Excellent build quality and smooth performance,Positive,7577.51,Yes,2025-05-30
2605,Printer,Office Electronics,5,Really happy with the purchase,Positive,37300.66,Yes,2025-03-21
2606,Keyboard,Accessories,4,"Amazing product, highly recommended",Positive,851.05,Yes,2025-07-16
2607,Laptop,Computing,5,Amazing quality and works perfectly,Positive,64630.48,Yes,2025-08-15
2608,Keyboard,Accessories,4,Great product with impressive features,Positive,4288.79,Yes,2025-12-19
2609,Camera,Camera,5,Very good product and worth the price,Positive,51430.84,Yes,2025-08-08
2610,Printer,Office Electronics,4,Excellent build quality and smooth performance,Positive,6528.25,Yes,2025-08-05
2611,USB Flash Drive,Storage,3,Nothing special but it works fine,Neutral,1958.85,Yes,2025-09-22
2612,External SSD,Storage,4,Great product with impressive features,Positive,8893.42,Yes,2025-03-18
2613,Smartwatch,Wearable,4,Fast performance and reliable,Positive,7944.05,Yes,2025-06-21
2614,Power Bank,Power,3,Nothing special but it works fine,Neutral,1932.64,Yes,2025-10-31
2615,Charger,Power,5,Amazing quality and works perfectly,Positive,4183.45,Yes,2025-03-06
2616,Mouse,Accessories,5,Excellent build quality and smooth performance,Positive,1220.56,Yes,2025-04-17
2617,Webcam,Computer Accessories,3,Performance is acceptable,Neutral,14772.25,Yes,2025-03-22
2618,Smart TV,Home Entertainment,4,Great product with impressive features,Positive,24981.57,Yes,2025-12-17
2619,Headphones,Audio,5,Excellent product with great performance,Positive,1698.64,Yes,2025-05-10
2620,Smart TV,Home Entertainment,5,Amazing quality and works perfectly,Positive,96814.96,Yes,2025-04-29
2621,USB Flash Drive,Storage,4,Fast performance and reliable,Positive,2094.71,No,2025-10-25
2622,Router,Networking,4,Great product with impressive features,Positive,11369.22,Yes,2025-11-28
2623,Monitor,Computing,1,Not worth the price,Negative,57995.59,Yes,2025-01-02
2624,External SSD,Storage,3,Nothing special but it works fine,Neutral,11364.89,Yes,2025-11-17
2625,Charger,Power,3,Decent quality but has some limitations,Neutral,1213.71,Yes,2025-09-16
2626,Printer,Office Electronics,4,Good quality and easy to use,Positive,41995.26,Yes,2025-11-12
2627,Router,Networking,2,Very bad experience with this product,Negative,4140.83,Yes,2025-02-01
2628,Smart TV,Home Entertainment,2,Poor quality and disappointing performance,Negative,162713.76,No,2025-01-15
2629,Keyboard,Accessories,2,Very bad experience with this product,Negative,9013.63,No,2025-05-03
2630,Laptop,Computing,2,Not worth the price,Negative,73405.5,Yes,2025-11-07
2631,Mouse,Accessories,5,Excellent build quality and smooth performance,Positive,3348.31,No,2025-07-01
2632,Smart TV,Home Entertainment,2,Product stopped working after a few days,Negative,83566.45,Yes,2025-09-21
2633,Gaming Console,Gaming,5,"Amazing product, highly recommended",Positive,57509.39,Yes,2025-03-31
2634,Router,Networking,4,Very good product and worth the price,Positive,19612.91,No,2025-05-03
2635,Camera,Camera,5,Good quality and easy to use,Positive,96611.43,Yes,2025-11-17
2636,Charger,Power,5,Works perfectly and looks premium,Positive,4726.78,Yes,2025-06-28
2637,Laptop,Computing,1,Poor quality and disappointing performance,Negative,60772.03,No,2025-10-12
2638,Keyboard,Accessories,5,Great product with impressive features,Positive,2137.89,Yes,2025-08-22
2639,Laptop,Computing,5,Good quality and easy to use,Positive,109817.07,Yes,2025-03-06
2640,Bluetooth Speaker,Audio,4,Amazing quality and works perfectly,Positive,29313.24,Yes,2025-12-11
2641,Router,Networking,3,Average experience with this product,Neutral,10212.41,No,2025-12-12
2642,USB Flash Drive,Storage,4,Amazing quality and works perfectly,Positive,4059.6,Yes,2025-10-12
2643,Headphones,Audio,3,It is okay but could be improved,Neutral,14440.12,Yes,2025-06-21
2644,Gaming Console,Gaming,2,Very bad experience with this product,Negative,71750.1,Yes,2025-06-06
2645,Headphones,Audio,4,Good quality and easy to use,Positive,24475.85,No,2025-04-19
2646,Headphones,Audio,4,Amazing quality and works perfectly,Positive,20742.68,Yes,2025-08-24
2647,Smart TV,Home Entertainment,2,Not worth the price,Negative,128850.96,Yes,2025-04-24
2648,Camera,Camera,2,Product has several issues,Negative,141582.14,No,2025-03-09
2649,Smartwatch,Wearable,4,Fast performance and reliable,Positive,47902.81,Yes,2025-01-23
2650,Tablet,Computing,1,Battery life is very poor,Negative,60164.19,Yes,2025-06-04
2651,Smartphone,Mobile,3,It is okay but could be improved,Neutral,45759.46,Yes,2025-10-25
2652,Mouse,Accessories,2,Poor quality and disappointing performance,Negative,8857.51,Yes,2025-10-16
2653,Tablet,Computing,4,Works perfectly and looks premium,Positive,69403.14,Yes,2025-11-07
2654,Charger,Power,2,Not worth the price,Negative,2923.41,Yes,2025-08-10
2655,Keyboard,Accessories,4,Excellent product with great performance,Positive,10391.47,Yes,2025-11-13
2656,Camera,Camera,3,Average experience with this product,Neutral,103496.23,Yes,2025-10-13
2657,Headphones,Audio,3,Decent quality but has some limitations,Neutral,12915.16,Yes,2025-10-22
2658,Tablet,Computing,3,"Average product, works as expected",Neutral,27603.53,Yes,2025-07-06
2659,Tablet,Computing,4,Excellent product with great performance,Positive,86951.87,Yes,2025-02-01
2660,Laptop,Computing,5,Works perfectly and looks premium,Positive,129838.81,Yes,2025-05-19
2661,Laptop,Computing,5,Great product with impressive features,Positive,153639.26,Yes,2025-11-06
2662,Earbuds,Audio,2,Performance is slow and unreliable,Negative,8276.07,Yes,2025-09-29
2663,USB Flash Drive,Storage,3,"Average product, works as expected",Neutral,4978.56,Yes,2025-01-05
2664,Camera,Camera,1,Product stopped working after a few days,Negative,105372.29,Yes,2025-02-04
2665,Earbuds,Audio,2,Very disappointed with the purchase,Negative,9165.97,Yes,2025-08-29
2666,Webcam,Computer Accessories,3,Nothing special but it works fine,Neutral,19252.07,Yes,2025-12-24
2667,External SSD,Storage,2,Not worth the price,Negative,20686.75,Yes,2025-09-24
2668,External SSD,Storage,3,Features are satisfactory,Neutral,28202.94,Yes,2025-12-13
2669,Printer,Office Electronics,5,Really happy with the purchase,Positive,33041.38,Yes,2025-01-25
2670,Router,Networking,4,Very good product and worth the price,Positive,5683.02,Yes,2025-11-18
2671,Smart TV,Home Entertainment,2,Poor quality and disappointing performance,Negative,87286.25,Yes,2025-02-16
2672,Bluetooth Speaker,Audio,2,Performance is slow and unreliable,Negative,25880.24,Yes,2025-11-19
2673,Printer,Office Electronics,2,Product stopped working after a few days,Negative,27025.79,Yes,2025-12-22
2674,Tablet,Computing,3,Good enough for basic use,Neutral,73808.17,Yes,2025-07-06
2675,Bluetooth Speaker,Audio,2,Battery life is very poor,Negative,5662.64,Yes,2025-07-14
2676,Printer,Office Electronics,1,Product has several issues,Negative,22989.59,Yes,2025-07-01
2677,Tablet,Computing,4,Very good product and worth the price,Positive,85551.15,Yes,2025-07-21
2678,Power Bank,Power,3,Average experience with this product,Neutral,7575.27,Yes,2025-10-27
2679,Bluetooth Speaker,Audio,4,Works perfectly and looks premium,Positive,10269.58,Yes,2025-04-13
2680,Tablet,Computing,5,Excellent product with great performance,Positive,25531.55,Yes,2025-04-14
2681,Headphones,Audio,3,It is okay but could be improved,Neutral,1190.91,Yes,2025-12-20
2682,Power Bank,Power,3,Product is okay for the price,Neutral,1717.17,No,2025-11-07
2683,Camera,Camera,5,Fast performance and reliable,Positive,213025.28,Yes,2025-07-17
2684,Gaming Console,Gaming,5,Fast performance and reliable,Positive,50062.62,Yes,2025-03-15
2685,Tablet,Computing,4,Good quality and easy to use,Positive,36245.93,Yes,2025-12-15
2686,Bluetooth Speaker,Audio,4,Good quality and easy to use,Positive,23449.27,Yes,2025-11-17
2687,Tablet,Computing,5,Excellent build quality and smooth performance,Positive,81410.13,Yes,2025-04-30
2688,Smartphone,Mobile,3,Average experience with this product,Neutral,48561.97,Yes,2025-07-17
2689,Monitor,Computing,4,Very good product and worth the price,Positive,72701.21,Yes,2025-06-03
2690,Camera,Camera,2,Build quality is poor,Negative,129200.27,No,2025-11-04
2691,Monitor,Computing,4,Good quality and easy to use,Positive,25331.11,Yes,2025-09-08
2692,Smartphone,Mobile,5,Excellent build quality and smooth performance,Positive,108772.66,Yes,2025-06-29
2693,Headphones,Audio,3,"Average product, works as expected",Neutral,5012.07,Yes,2025-12-20
2694,Keyboard,Accessories,4,"Amazing product, highly recommended",Positive,14941.18,No,2025-08-11
2695,Monitor,Computing,5,Good quality and easy to use,Positive,51380.66,No,2025-06-26
2696,USB Flash Drive,Storage,5,Amazing quality and works perfectly,Positive,4602.13,Yes,2025-12-05
2697,Charger,Power,4,Great product with impressive features,Positive,1140.53,Yes,2025-06-14
2698,Smart TV,Home Entertainment,3,Decent quality but has some limitations,Neutral,86985.58,No,2025-06-02
2699,Smartwatch,Wearable,3,Performance is acceptable,Neutral,43852.67,Yes,2025-05-22
2700,Monitor,Computing,5,Excellent build quality and smooth performance,Positive,67945.47,Yes,2025-03-22
2701,Laptop,Computing,5,Amazing quality and works perfectly,Positive,160777.67,Yes,2025-04-12
2702,Smartphone,Mobile,4,Good quality and easy to use,Positive,39411.42,Yes,2025-02-03
2703,Webcam,Computer Accessories,4,Good quality and easy to use,Positive,12734.74,Yes,2025-09-23
2704,Mouse,Accessories,5,"Amazing product, highly recommended",Positive,4079.11,No,2025-08-04
2705,Gaming Console,Gaming,3,Performance is acceptable,Neutral,42642.59,No,2025-12-07
2706,Earbuds,Audio,4,Works perfectly and looks premium,Positive,13243.13,Yes,2025-08-12
2707,Laptop,Computing,5,Really happy with the purchase,Positive,137257.94,Yes,2025-01-30
2708,Printer,Office Electronics,5,Works perfectly and looks premium,Positive,28333.3,Yes,2025-08-15
2709,Gaming Console,Gaming,2,Performance is slow and unreliable,Negative,37677.38,No,2025-03-05
2710,Router,Networking,2,Build quality is poor,Negative,16342.36,No,2025-01-14
2711,Power Bank,Power,5,Good quality and easy to use,Positive,7840.08,No,2025-08-30
2712,Keyboard,Accessories,4,Very good product and worth the price,Positive,5761.74,Yes,2025-01-11
2713,Keyboard,Accessories,5,"Amazing product, highly recommended",Positive,12814.17,Yes,2025-05-30
2714,External SSD,Storage,4,Amazing quality and works perfectly,Positive,26324.29,Yes,2025-11-23
2715,Headphones,Audio,4,Good quality and easy to use,Positive,8185.38,Yes,2025-04-04
2716,Bluetooth Speaker,Audio,2,Performance is slow and unreliable,Negative,21394.97,Yes,2025-09-11
2717,Bluetooth Speaker,Audio,1,Very disappointed with the purchase,Negative,28201.78,Yes,2025-05-18
2718,Power Bank,Power,4,Really happy with the purchase,Positive,6126.96,Yes,2025-02-11
2719,Smart TV,Home Entertainment,4,Excellent product with great performance,Positive,20554.03,Yes,2025-03-13
2720,Webcam,Computer Accessories,4,Amazing quality and works perfectly,Positive,12485.87,Yes,2025-01-28
2721,Power Bank,Power,3,Performance is acceptable,Neutral,6404.85,Yes,2025-02-25
2722,Headphones,Audio,5,Very good product and worth the price,Positive,18735.03,Yes,2025-03-01
2723,Webcam,Computer Accessories,3,Nothing special but it works fine,Neutral,1546.06,Yes,2025-11-19
2724,Bluetooth Speaker,Audio,5,Great product with impressive features,Positive,4308.94,Yes,2025-10-22
2725,Monitor,Computing,4,Excellent product with great performance,Positive,65320.05,Yes,2025-05-09
2726,Printer,Office Electronics,1,Not worth the price,Negative,26962.4,Yes,2025-09-21
2727,Earbuds,Audio,2,Performance is slow and unreliable,Negative,23970.43,Yes,2025-03-16
2728,Mouse,Accessories,5,Amazing quality and works perfectly,Positive,4325.32,Yes,2025-08-22
2729,Webcam,Computer Accessories,5,Really happy with the purchase,Positive,16612.46,Yes,2025-03-15
2730,Bluetooth Speaker,Audio,3,Product is okay for the price,Neutral,1836.38,Yes,2025-08-22
2731,Camera,Camera,3,Decent quality but has some limitations,Neutral,214228.31,No,2025-05-11
2732,Smartphone,Mobile,4,Great product with impressive features,Positive,104214.46,Yes,2025-11-10
2733,Smart TV,Home Entertainment,4,Great product with impressive features,Positive,81984.03,Yes,2025-11-01
2734,Keyboard,Accessories,3,It is okay but could be improved,Neutral,4987.05,Yes,2025-05-02
2735,Gaming Console,Gaming,4,Really happy with the purchase,Positive,75044.98,Yes,2025-01-16
2736,Power Bank,Power,3,Average experience with this product,Neutral,6399.47,No,2025-04-28
2737,Keyboard,Accessories,5,Good quality and easy to use,Positive,9170.26,No,2025-04-13
2738,Keyboard,Accessories,5,Excellent product with great performance,Positive,6827.0,Yes,2025-06-05
2739,Smartphone,Mobile,5,Great product with impressive features,Positive,110153.7,Yes,2025-07-29
2740,Earbuds,Audio,4,Works perfectly and looks premium,Positive,18806.94,Yes,2025-12-28
2741,Monitor,Computing,3,Good enough for basic use,Neutral,36845.86,Yes,2025-01-23
2742,Monitor,Computing,5,"Amazing product, highly recommended",Positive,42757.29,Yes,2025-07-22
2743,Earbuds,Audio,4,Excellent build quality and smooth performance,Positive,2911.58,Yes,2025-03-04
2744,Camera,Camera,3,Features are satisfactory,Neutral,207417.62,Yes,2025-07-19
2745,USB Flash Drive,Storage,4,Excellent build quality and smooth performance,Positive,4256.0,Yes,2025-08-21
2746,Printer,Office Electronics,3,Product meets basic expectations,Neutral,21003.9,Yes,2025-10-23
2747,Smart TV,Home Entertainment,4,Fast performance and reliable,Positive,72285.94,No,2025-07-24
2748,Camera,Camera,5,Works perfectly and looks premium,Positive,81752.68,No,2025-03-06
2749,Keyboard,Accessories,5,Really happy with the purchase,Positive,3015.15,No,2025-11-30
2750,Camera,Camera,5,Excellent build quality and smooth performance,Positive,238251.65,No,2025-05-28
2751,Tablet,Computing,2,Poor quality and disappointing performance,Negative,78313.01,Yes,2025-06-25
2752,USB Flash Drive,Storage,4,Great product with impressive features,Positive,2337.01,Yes,2025-08-23
2753,Power Bank,Power,5,Great product with impressive features,Positive,1593.23,Yes,2025-04-07
2754,Smartwatch,Wearable,5,Works perfectly and looks premium,Positive,8262.7,No,2025-12-27
2755,Keyboard,Accessories,4,Excellent product with great performance,Positive,10791.93,Yes,2025-01-17
2756,Bluetooth Speaker,Audio,4,Really happy with the purchase,Positive,6729.97,Yes,2025-02-26
2757,Bluetooth Speaker,Audio,4,Excellent build quality and smooth performance,Positive,10957.92,Yes,2025-12-28
2758,Laptop,Computing,4,Excellent product with great performance,Positive,173551.37,Yes,2025-06-14
2759,Smartphone,Mobile,5,Fast performance and reliable,Positive,73094.17,Yes,2025-11-23
2760,Bluetooth Speaker,Audio,5,Fast performance and reliable,Positive,24403.74,Yes,2025-11-27
2761,Bluetooth Speaker,Audio,4,Excellent product with great performance,Positive,3833.34,No,2025-12-28
2762,Smart TV,Home Entertainment,1,Build quality is poor,Negative,76121.45,Yes,2025-09-22
2763,Earbuds,Audio,4,Great product with impressive features,Positive,22442.37,Yes,2025-09-07
2764,Bluetooth Speaker,Audio,3,Nothing special but it works fine,Neutral,24465.52,No,2025-08-13
2765,Webcam,Computer Accessories,1,Poor quality and disappointing performance,Negative,14745.55,Yes,2025-09-07
2766,Printer,Office Electronics,4,Good quality and easy to use,Positive,31433.22,Yes,2025-04-04
2767,Laptop,Computing,4,Works perfectly and looks premium,Positive,70341.01,Yes,2025-10-25
2768,Laptop,Computing,4,Very good product and worth the price,Positive,117822.08,Yes,2025-03-10
2769,Laptop,Computing,4,Really happy with the purchase,Positive,37613.99,Yes,2025-06-25
2770,Mouse,Accessories,4,Really happy with the purchase,Positive,2262.25,Yes,2025-05-17
2771,Charger,Power,1,Performance is slow and unreliable,Negative,2735.85,No,2025-10-05
2772,Monitor,Computing,1,Product has several issues,Negative,6146.32,Yes,2025-04-04
2773,Smartphone,Mobile,4,Very good product and worth the price,Positive,34009.41,Yes,2025-03-17
2774,Headphones,Audio,4,Very good product and worth the price,Positive,4991.32,Yes,2025-10-23
2775,Camera,Camera,3,Average experience with this product,Neutral,102740.38,No,2025-06-27
2776,Monitor,Computing,4,"Amazing product, highly recommended",Positive,69518.14,Yes,2025-09-21
2777,Tablet,Computing,4,Excellent product with great performance,Positive,95267.72,Yes,2025-11-17
2778,Gaming Console,Gaming,1,Product stopped working after a few days,Negative,34078.21,Yes,2025-11-01
2779,Camera,Camera,4,Excellent build quality and smooth performance,Positive,76991.79,No,2025-05-26
2780,Mouse,Accessories,4,Great product with impressive features,Positive,8514.71,Yes,2025-03-04
2781,Webcam,Computer Accessories,5,Very good product and worth the price,Positive,4280.85,Yes,2025-12-17
2782,USB Flash Drive,Storage,5,Fast performance and reliable,Positive,3784.19,Yes,2025-04-24
2783,Smartphone,Mobile,3,Features are satisfactory,Neutral,17573.59,No,2025-10-08
2784,Webcam,Computer Accessories,4,Fast performance and reliable,Positive,13317.8,Yes,2025-10-08
2785,Smartphone,Mobile,4,Great product with impressive features,Positive,37758.41,Yes,2025-06-11
2786,Mouse,Accessories,4,Works perfectly and looks premium,Positive,7570.74,Yes,2025-03-01
2787,Webcam,Computer Accessories,5,Amazing quality and works perfectly,Positive,10868.09,Yes,2025-06-22
2788,Smart TV,Home Entertainment,2,Frequent problems while using the product,Negative,48095.58,Yes,2025-02-23
2789,Smartphone,Mobile,4,Excellent build quality and smooth performance,Positive,53049.65,No,2025-05-09
2790,Laptop,Computing,5,Really happy with the purchase,Positive,107152.93,Yes,2025-05-20
2791,Headphones,Audio,5,Good quality and easy to use,Positive,29881.31,Yes,2025-07-09
2792,Earbuds,Audio,2,Battery life is very poor,Negative,12268.88,Yes,2025-03-10
2793,Earbuds,Audio,1,Product has several issues,Negative,4205.37,Yes,2025-11-05
2794,Keyboard,Accessories,2,Performance is slow and unreliable,Negative,8550.8,Yes,2025-01-29
2795,Bluetooth Speaker,Audio,5,Works perfectly and looks premium,Positive,7230.21,Yes,2025-12-26
2796,Charger,Power,5,Great product with impressive features,Positive,4433.96,No,2025-04-25
2797,Printer,Office Electronics,3,It is okay but could be improved,Neutral,42533.07,No,2025-06-28
2798,Power Bank,Power,2,Build quality is poor,Negative,1726.26,Yes,2025-11-16
2799,Bluetooth Speaker,Audio,5,Good quality and easy to use,Positive,17980.56,Yes,2025-08-27
2800,Charger,Power,2,Battery life is very poor,Negative,3573.58,Yes,2025-01-21
2801,Camera,Camera,3,"Average product, works as expected",Neutral,81624.51,No,2025-08-09
2802,Printer,Office Electronics,2,Very disappointed with the purchase,Negative,33186.88,Yes,2025-07-26
2803,Webcam,Computer Accessories,4,Excellent product with great performance,Positive,9791.08,Yes,2025-12-07
2804,Earbuds,Audio,5,Fast performance and reliable,Positive,12310.93,Yes,2025-07-25
2805,Webcam,Computer Accessories,2,Not worth the price,Negative,11474.52,Yes,2025-12-29
2806,USB Flash Drive,Storage,4,Excellent product with great performance,Positive,2979.65,Yes,2025-07-13
2807,Tablet,Computing,3,Features are satisfactory,Neutral,73881.83,Yes,2025-03-12
2808,Charger,Power,3,Good enough for basic use,Neutral,2426.41,Yes,2025-07-04
2809,Smartwatch,Wearable,4,Very good product and worth the price,Positive,36547.83,Yes,2025-12-01
2810,Mouse,Accessories,4,Amazing quality and works perfectly,Positive,5013.58,Yes,2025-01-07
2811,Smartphone,Mobile,2,Poor quality and disappointing performance,Negative,82235.44,Yes,2025-05-26
2812,Earbuds,Audio,1,Not worth the price,Negative,6946.19,Yes,2025-01-18
2813,Charger,Power,5,Very good product and worth the price,Positive,2846.0,Yes,2025-11-04
2814,Bluetooth Speaker,Audio,2,Not worth the price,Negative,14465.48,Yes,2025-07-06
2815,Smartphone,Mobile,1,Frequent problems while using the product,Negative,41845.98,No,2025-09-19
2816,Monitor,Computing,2,Very bad experience with this product,Negative,10611.09,Yes,2025-12-20
2817,Power Bank,Power,3,Average experience with this product,Neutral,4473.38,Yes,2025-10-31
2818,External SSD,Storage,4,"Amazing product, highly recommended",Positive,3263.39,Yes,2025-05-29
2819,Tablet,Computing,2,Product has several issues,Negative,45084.72,Yes,2025-12-08
2820,Mouse,Accessories,3,Average experience with this product,Neutral,3895.35,Yes,2025-06-22
2821,Smartwatch,Wearable,5,Good quality and easy to use,Positive,32237.03,No,2025-12-24
2822,Smartwatch,Wearable,5,Excellent product with great performance,Positive,49390.3,Yes,2025-12-25
2823,Tablet,Computing,5,Fast performance and reliable,Positive,87220.11,Yes,2025-03-22
2824,External SSD,Storage,2,Poor quality and disappointing performance,Negative,29327.26,No,2025-10-12
2825,Webcam,Computer Accessories,4,"Amazing product, highly recommended",Positive,19067.8,Yes,2025-09-12
2826,Gaming Console,Gaming,4,"Amazing product, highly recommended",Positive,29076.2,Yes,2025-10-09
2827,Monitor,Computing,4,Good quality and easy to use,Positive,26864.11,Yes,2025-03-03
2828,Webcam,Computer Accessories,5,Fast performance and reliable,Positive,6642.76,Yes,2025-07-04
2829,Mouse,Accessories,4,Really happy with the purchase,Positive,988.9,Yes,2025-02-25
2830,Power Bank,Power,5,Great product with impressive features,Positive,6895.88,Yes,2025-11-24
2831,Camera,Camera,3,Nothing special but it works fine,Neutral,226449.1,Yes,2025-11-15
2832,Gaming Console,Gaming,1,Very disappointed with the purchase,Negative,58273.57,No,2025-08-01
2833,Mouse,Accessories,2,Not worth the price,Negative,8942.61,Yes,2025-02-17
2834,Mouse,Accessories,3,Product meets basic expectations,Neutral,7229.38,Yes,2025-08-28
2835,Bluetooth Speaker,Audio,2,Battery life is very poor,Negative,13664.18,Yes,2025-06-10
2836,Gaming Console,Gaming,4,Amazing quality and works perfectly,Positive,33242.54,No,2025-10-15
2837,Gaming Console,Gaming,5,Good quality and easy to use,Positive,77717.32,Yes,2025-02-06
2838,Keyboard,Accessories,1,Poor quality and disappointing performance,Negative,10538.04,Yes,2025-05-29
2839,Router,Networking,4,Great product with impressive features,Positive,7729.49,Yes,2025-05-12
2840,Tablet,Computing,3,It is okay but could be improved,Neutral,21574.02,Yes,2025-12-14
2841,Keyboard,Accessories,5,Fast performance and reliable,Positive,12085.06,Yes,2025-04-19
2842,Smart TV,Home Entertainment,3,Product meets basic expectations,Neutral,163372.77,Yes,2025-12-27
2843,Router,Networking,5,Works perfectly and looks premium,Positive,11317.17,Yes,2025-12-03
2844,Router,Networking,4,Good quality and easy to use,Positive,19999.18,Yes,2025-08-03
2845,Printer,Office Electronics,4,Really happy with the purchase,Positive,22388.91,Yes,2025-03-05
2846,Camera,Camera,5,"Amazing product, highly recommended",Positive,236964.61,Yes,2025-03-23
2847,Gaming Console,Gaming,5,Great product with impressive features,Positive,59664.41,No,2025-01-07
2848,Mouse,Accessories,4,Works perfectly and looks premium,Positive,7443.3,Yes,2025-10-10
2849,USB Flash Drive,Storage,5,Fast performance and reliable,Positive,4610.26,No,2025-09-22
2850,Router,Networking,3,Product meets basic expectations,Neutral,16791.88,Yes,2025-04-28
2851,Power Bank,Power,1,Build quality is poor,Negative,2878.41,Yes,2025-09-24
2852,Tablet,Computing,5,Really happy with the purchase,Positive,88051.13,Yes,2025-07-30
2853,USB Flash Drive,Storage,3,Average experience with this product,Neutral,2836.63,Yes,2025-10-26
2854,Bluetooth Speaker,Audio,1,Frequent problems while using the product,Negative,2109.0,Yes,2025-02-01
2855,Monitor,Computing,3,Product is okay for the price,Neutral,55862.53,Yes,2025-03-14
2856,Tablet,Computing,2,Not worth the price,Negative,54972.79,No,2025-10-22
2857,Headphones,Audio,5,Works perfectly and looks premium,Positive,16330.4,No,2025-05-15
2858,Tablet,Computing,5,Amazing quality and works perfectly,Positive,47037.28,Yes,2025-12-17
2859,Laptop,Computing,3,Average experience with this product,Neutral,39612.78,No,2025-11-18
2860,Smartphone,Mobile,4,Works perfectly and looks premium,Positive,28183.9,Yes,2025-02-04
2861,Earbuds,Audio,2,Product stopped working after a few days,Negative,19033.14,Yes,2025-05-28
2862,External SSD,Storage,1,Poor quality and disappointing performance,Negative,9324.18,No,2025-09-25
2863,Printer,Office Electronics,4,Great product with impressive features,Positive,33247.7,Yes,2025-02-19
2864,Headphones,Audio,4,"Amazing product, highly recommended",Positive,16484.88,Yes,2025-11-11
2865,Keyboard,Accessories,4,Amazing quality and works perfectly,Positive,3710.28,Yes,2025-02-05
2866,USB Flash Drive,Storage,4,Great product with impressive features,Positive,1618.69,Yes,2025-02-09
2867,Router,Networking,4,"Amazing product, highly recommended",Positive,8287.78,Yes,2025-07-18
2868,Webcam,Computer Accessories,5,Really happy with the purchase,Positive,17723.54,Yes,2025-04-01
2869,Keyboard,Accessories,5,Excellent build quality and smooth performance,Positive,14148.94,Yes,2025-08-22
2870,Smartwatch,Wearable,1,Very bad experience with this product,Negative,20257.64,Yes,2025-05-24
2871,Tablet,Computing,2,Very bad experience with this product,Negative,14153.59,No,2025-04-09
2872,Router,Networking,3,Average experience with this product,Neutral,12417.07,Yes,2025-11-02
2873,Smartphone,Mobile,5,Excellent product with great performance,Positive,54768.49,Yes,2025-02-28
2874,Mouse,Accessories,4,Good quality and easy to use,Positive,5075.46,Yes,2025-06-30
2875,Monitor,Computing,5,Very good product and worth the price,Positive,38704.33,No,2025-03-03
2876,Webcam,Computer Accessories,5,Very good product and worth the price,Positive,13436.9,Yes,2025-02-19
2877,Smart TV,Home Entertainment,1,Performance is slow and unreliable,Negative,71321.42,Yes,2025-03-16
2878,Mouse,Accessories,5,Good quality and easy to use,Positive,8958.52,Yes,2025-04-04
2879,Charger,Power,5,Excellent product with great performance,Positive,2279.87,Yes,2025-05-31
2880,Monitor,Computing,4,"Amazing product, highly recommended",Positive,31282.95,Yes,2025-06-20
2881,External SSD,Storage,5,Works perfectly and looks premium,Positive,27919.51,Yes,2025-02-20
2882,Earbuds,Audio,4,Great product with impressive features,Positive,9274.5,Yes,2025-01-15
2883,Router,Networking,1,Very disappointed with the purchase,Negative,2578.39,Yes,2025-02-04
2884,Webcam,Computer Accessories,4,Very good product and worth the price,Positive,3951.39,Yes,2025-08-19
2885,Smartwatch,Wearable,1,Poor quality and disappointing performance,Negative,36143.31,Yes,2025-12-22
2886,Headphones,Audio,5,Fast performance and reliable,Positive,17088.6,Yes,2025-01-10
2887,Monitor,Computing,5,Works perfectly and looks premium,Positive,45561.67,Yes,2025-01-13
2888,USB Flash Drive,Storage,5,Amazing quality and works perfectly,Positive,685.36,Yes,2025-10-13
2889,Camera,Camera,1,Very disappointed with the purchase,Negative,61917.15,No,2025-09-22
2890,Smartwatch,Wearable,5,Really happy with the purchase,Positive,20716.4,Yes,2025-09-25
2891,Monitor,Computing,1,Product stopped working after a few days,Negative,39152.42,Yes,2025-03-05
2892,Camera,Camera,1,Poor quality and disappointing performance,Negative,109730.99,Yes,2025-11-12
2893,Smart TV,Home Entertainment,4,Great product with impressive features,Positive,108007.69,Yes,2025-08-16
2894,Mouse,Accessories,2,Very disappointed with the purchase,Negative,7415.42,Yes,2025-02-27
2895,Laptop,Computing,2,Not worth the price,Negative,125355.65,Yes,2025-02-12
2896,Tablet,Computing,3,Average experience with this product,Neutral,65015.69,Yes,2025-08-08
2897,Smartphone,Mobile,5,Excellent build quality and smooth performance,Positive,70471.23,No,2025-10-12
2898,Tablet,Computing,5,Works perfectly and looks premium,Positive,28083.54,Yes,2025-10-13
2899,Keyboard,Accessories,5,Fast performance and reliable,Positive,9267.23,Yes,2025-08-03
2900,Earbuds,Audio,5,Great product with impressive features,Positive,4382.17,Yes,2025-07-08
2901,Bluetooth Speaker,Audio,2,Product has several issues,Negative,21617.11,Yes,2025-09-11
2902,External SSD,Storage,4,Excellent product with great performance,Positive,15211.76,No,2025-02-17
2903,Mouse,Accessories,1,Performance is slow and unreliable,Negative,5940.17,Yes,2025-05-14
2904,Router,Networking,4,"Amazing product, highly recommended",Positive,17393.1,Yes,2025-02-06
2905,Power Bank,Power,5,Great product with impressive features,Positive,3486.3,Yes,2025-11-03
2906,Headphones,Audio,4,Excellent build quality and smooth performance,Positive,3442.99,Yes,2025-08-10
2907,Webcam,Computer Accessories,5,Fast performance and reliable,Positive,17936.54,Yes,2025-10-11
2908,Mouse,Accessories,4,Very good product and worth the price,Positive,3840.34,Yes,2025-07-01
2909,USB Flash Drive,Storage,4,"Amazing product, highly recommended",Positive,2210.66,Yes,2025-12-06
2910,Laptop,Computing,5,Works perfectly and looks premium,Positive,74403.52,Yes,2025-12-06
2911,USB Flash Drive,Storage,2,Very bad experience with this product,Negative,2274.8,No,2025-08-13
2912,Router,Networking,4,Really happy with the purchase,Positive,10898.44,Yes,2025-11-01
2913,Headphones,Audio,2,Frequent problems while using the product,Negative,25377.68,Yes,2025-08-29
2914,External SSD,Storage,3,Nothing special but it works fine,Neutral,22444.33,Yes,2025-09-22
2915,Router,Networking,2,Performance is slow and unreliable,Negative,10752.34,Yes,2025-04-01
2916,Printer,Office Electronics,2,Build quality is poor,Negative,39373.11,Yes,2025-12-25
2917,Headphones,Audio,4,Very good product and worth the price,Positive,25509.85,No,2025-03-09
2918,Printer,Office Electronics,5,Amazing quality and works perfectly,Positive,7616.69,Yes,2025-09-11
2919,External SSD,Storage,2,Frequent problems while using the product,Negative,18990.18,No,2025-08-10
2920,Bluetooth Speaker,Audio,1,Very disappointed with the purchase,Negative,2063.43,Yes,2025-02-03
2921,Monitor,Computing,4,Fast performance and reliable,Positive,28800.55,Yes,2025-10-10
2922,Earbuds,Audio,3,Performance is acceptable,Neutral,19179.2,Yes,2025-01-29
2923,Mouse,Accessories,4,Amazing quality and works perfectly,Positive,7975.47,Yes,2025-07-05
2924,Printer,Office Electronics,5,"Amazing product, highly recommended",Positive,44772.22,Yes,2025-10-25
2925,USB Flash Drive,Storage,3,Average experience with this product,Neutral,2641.72,Yes,2025-02-15
2926,Tablet,Computing,5,Amazing quality and works perfectly,Positive,17572.38,Yes,2025-05-12
2927,Tablet,Computing,4,Great product with impressive features,Positive,21410.67,Yes,2025-07-05
2928,Laptop,Computing,5,Very good product and worth the price,Positive,66646.42,Yes,2025-12-04
2929,Camera,Camera,4,Very good product and worth the price,Positive,108741.11,Yes,2025-05-20
2930,Bluetooth Speaker,Audio,3,Good enough for basic use,Neutral,16175.58,No,2025-02-13
2931,External SSD,Storage,4,Good quality and easy to use,Positive,20440.31,Yes,2025-02-17
2932,External SSD,Storage,5,Amazing quality and works perfectly,Positive,7387.59,No,2025-03-14
2933,Smartwatch,Wearable,2,Very disappointed with the purchase,Negative,10664.97,Yes,2025-11-13
2934,Gaming Console,Gaming,5,Fast performance and reliable,Positive,34514.44,Yes,2025-10-10
2935,External SSD,Storage,5,Great product with impressive features,Positive,23383.3,Yes,2025-06-02
2936,Smart TV,Home Entertainment,3,"Average product, works as expected",Neutral,70886.25,Yes,2025-11-06
2937,Router,Networking,4,Works perfectly and looks premium,Positive,4167.52,Yes,2025-12-02
2938,Monitor,Computing,5,Great product with impressive features,Positive,37921.8,Yes,2025-11-13
2939,Smart TV,Home Entertainment,3,Performance is acceptable,Neutral,60790.53,No,2025-01-02
2940,Earbuds,Audio,2,Very disappointed with the purchase,Negative,9547.83,Yes,2025-02-06
2941,USB Flash Drive,Storage,3,Good enough for basic use,Neutral,4172.87,Yes,2025-09-22
2942,Monitor,Computing,5,Excellent product with great performance,Positive,30708.35,Yes,2025-05-20
2943,Webcam,Computer Accessories,2,Not worth the price,Negative,4322.33,Yes,2025-02-27
2944,External SSD,Storage,5,Very good product and worth the price,Positive,9276.22,Yes,2025-08-24
2945,Charger,Power,4,Works perfectly and looks premium,Positive,461.48,No,2025-05-10
2946,Headphones,Audio,1,Poor quality and disappointing performance,Negative,27083.32,Yes,2025-12-02
2947,Smartwatch,Wearable,4,Very good product and worth the price,Positive,35302.93,Yes,2025-07-30
2948,Webcam,Computer Accessories,2,Very bad experience with this product,Negative,9803.86,Yes,2025-03-29
2949,USB Flash Drive,Storage,4,Very good product and worth the price,Positive,2936.06,Yes,2025-12-08
2950,Power Bank,Power,4,Very good product and worth the price,Positive,2629.46,No,2025-08-08
2951,Printer,Office Electronics,3,Average experience with this product,Neutral,23165.96,Yes,2025-04-19
2952,External SSD,Storage,2,Battery life is very poor,Negative,11635.56,Yes,2025-02-22
2953,Monitor,Computing,3,Decent quality but has some limitations,Neutral,67016.21,No,2025-07-22
2954,USB Flash Drive,Storage,3,"Average product, works as expected",Neutral,3794.1,Yes,2025-09-30
2955,External SSD,Storage,5,"Amazing product, highly recommended",Positive,10664.77,No,2025-11-02
2956,Mouse,Accessories,3,Product meets basic expectations,Neutral,7693.8,Yes,2025-02-16
2957,Smartphone,Mobile,4,Excellent product with great performance,Positive,18520.56,No,2025-06-07
2958,Router,Networking,5,Great product with impressive features,Positive,4848.82,No,2025-12-31
2959,Bluetooth Speaker,Audio,3,Performance is acceptable,Neutral,3906.28,Yes,2025-08-30
2960,Monitor,Computing,3,Decent quality but has some limitations,Neutral,23630.23,Yes,2025-02-03
2961,Router,Networking,1,Product stopped working after a few days,Negative,5297.68,Yes,2025-12-01
2962,USB Flash Drive,Storage,5,Excellent build quality and smooth performance,Positive,4532.61,Yes,2025-09-08
2963,Laptop,Computing,5,Great product with impressive features,Positive,79108.43,Yes,2025-06-17
2964,USB Flash Drive,Storage,4,Amazing quality and works perfectly,Positive,1969.52,Yes,2025-10-11
2965,Earbuds,Audio,4,Really happy with the purchase,Positive,2943.89,Yes,2025-08-25
2966,Charger,Power,4,Really happy with the purchase,Positive,610.12,Yes,2025-04-05
2967,Printer,Office Electronics,1,Battery life is very poor,Negative,14872.44,No,2025-10-18
2968,Headphones,Audio,5,"Amazing product, highly recommended",Positive,4469.11,Yes,2025-04-04
2969,Headphones,Audio,4,"Amazing product, highly recommended",Positive,10665.99,Yes,2025-03-25
2970,Smart TV,Home Entertainment,4,Good quality and easy to use,Positive,49418.21,Yes,2025-08-06
2971,Monitor,Computing,3,Good enough for basic use,Neutral,19184.68,No,2025-01-07
2972,Webcam,Computer Accessories,4,Amazing quality and works perfectly,Positive,13303.2,Yes,2025-08-19
2973,Monitor,Computing,1,Frequent problems while using the product,Negative,75715.84,Yes,2025-07-20
2974,Camera,Camera,4,"Amazing product, highly recommended",Positive,27808.38,Yes,2025-09-20
2975,Power Bank,Power,4,Excellent build quality and smooth performance,Positive,5880.0,Yes,2025-02-28
2976,Smart TV,Home Entertainment,5,Excellent build quality and smooth performance,Positive,136951.57,No,2025-07-31
2977,Charger,Power,2,Very disappointed with the purchase,Negative,3049.76,Yes,2025-06-11
2978,Power Bank,Power,2,Battery life is very poor,Negative,5784.55,Yes,2025-03-05
2979,Mouse,Accessories,4,Works perfectly and looks premium,Positive,5234.39,Yes,2025-06-14
2980,Monitor,Computing,3,It is okay but could be improved,Neutral,74591.91,Yes,2025-12-04
2981,Keyboard,Accessories,5,Works perfectly and looks premium,Positive,2794.26,Yes,2025-10-28
2982,Mouse,Accessories,4,Very good product and worth the price,Positive,4893.45,Yes,2025-03-02
2983,External SSD,Storage,1,Product has several issues,Negative,20632.04,Yes,2025-11-06
2984,Smartphone,Mobile,4,Really happy with the purchase,Positive,109774.26,Yes,2025-07-26
2985,Power Bank,Power,4,"Amazing product, highly recommended",Positive,4309.54,Yes,2025-01-18
2986,Power Bank,Power,5,Very good product and worth the price,Positive,7834.37,Yes,2025-12-02
2987,External SSD,Storage,5,Really happy with the purchase,Positive,20725.04,Yes,2025-07-11
2988,Gaming Console,Gaming,4,Really happy with the purchase,Positive,63456.69,Yes,2025-11-30
2989,Keyboard,Accessories,5,Fast performance and reliable,Positive,12364.0,Yes,2025-02-05
2990,Tablet,Computing,5,Very good product and worth the price,Positive,76052.65,No,2025-03-03
2991,Monitor,Computing,3,Performance is acceptable,Neutral,44674.39,No,2025-11-26
2992,Earbuds,Audio,2,Frequent problems while using the product,Negative,19429.12,Yes,2025-03-29
2993,Headphones,Audio,3,Features are satisfactory,Neutral,1554.12,No,2025-07-20
2994,Router,Networking,4,Great product with impressive features,Positive,18722.58,Yes,2025-08-08
2995,Mouse,Accessories,5,Very good product and worth the price,Positive,8284.55,Yes,2025-12-13
2996,External SSD,Storage,2,Product has several issues,Negative,20216.85,Yes,2025-05-04
2997,Tablet,Computing,3,"Average product, works as expected",Neutral,16187.9,Yes,2025-10-03
2998,Smart TV,Home Entertainment,4,Excellent build quality and smooth performance,Positive,69560.91,Yes,2025-09-24
2999,Mouse,Accessories,4,Very good product and worth the price,Positive,2760.19,Yes,2025-09-13
3000,Earbuds,Audio,5,"Amazing product, highly recommended",Positive,6797.11,No,2025-07-10
3001,Monitor,Computing,1,Not worth the price,Negative,55735.57,Yes,2025-01-26
3002,USB Flash Drive,Storage,4,Really happy with the purchase,Positive,4417.85,No,2025-04-08
3003,Router,Networking,4,Excellent product with great performance,Positive,13950.97,Yes,2025-07-24
3004,Smartwatch,Wearable,4,Amazing quality and works perfectly,Positive,20354.85,No,2025-05-31
3005,Smart TV,Home Entertainment,4,"Amazing product, highly recommended",Positive,194308.74,Yes,2025-03-09
3006,Tablet,Computing,5,Amazing quality and works perfectly,Positive,87632.41,Yes,2025-09-10
3007,Earbuds,Audio,3,Features are satisfactory,Neutral,17292.75,Yes,2025-06-18
3008,Router,Networking,4,Great product with impressive features,Positive,8551.85,No,2025-10-14
3009,Power Bank,Power,5,Works perfectly and looks premium,Positive,5723.56,Yes,2025-07-20
3010,Keyboard,Accessories,2,Battery life is very poor,Negative,6415.93,Yes,2025-05-15
3011,Webcam,Computer Accessories,3,Good enough for basic use,Neutral,3948.55,No,2025-02-09
3012,External SSD,Storage,3,Nothing special but it works fine,Neutral,19708.54,Yes,2025-02-08
3013,Smart TV,Home Entertainment,5,Works perfectly and looks premium,Positive,144148.92,Yes,2025-07-05
3014,Earbuds,Audio,2,Product stopped working after a few days,Negative,9057.94,Yes,2025-05-09
3015,Printer,Office Electronics,4,Works perfectly and looks premium,Positive,46818.85,Yes,2025-09-20
3016,Headphones,Audio,5,Fast performance and reliable,Positive,25700.66,No,2025-08-19
3017,USB Flash Drive,Storage,5,Excellent product with great performance,Positive,3039.41,Yes,2025-04-14
3018,Power Bank,Power,5,Great product with impressive features,Positive,1233.7,Yes,2025-10-05
3019,Charger,Power,4,"Amazing product, highly recommended",Positive,380.91,Yes,2025-07-26
3020,Tablet,Computing,4,Very good product and worth the price,Positive,67589.77,Yes,2025-11-18
3021,Printer,Office Electronics,5,Good quality and easy to use,Positive,41621.26,Yes,2025-12-14
3022,Earbuds,Audio,4,Excellent build quality and smooth performance,Positive,12758.64,Yes,2025-12-18
3023,Charger,Power,4,Great product with impressive features,Positive,410.39,Yes,2025-02-16
3024,Smartwatch,Wearable,2,Build quality is poor,Negative,8524.2,Yes,2025-07-13
3025,Webcam,Computer Accessories,4,Really happy with the purchase,Positive,5013.65,Yes,2025-01-11
3026,Bluetooth Speaker,Audio,2,Very disappointed with the purchase,Negative,19130.47,Yes,2025-11-18
3027,External SSD,Storage,3,It is okay but could be improved,Neutral,16123.61,No,2025-09-14
3028,External SSD,Storage,1,Poor quality and disappointing performance,Negative,5759.58,No,2025-04-06
3029,Charger,Power,5,Good quality and easy to use,Positive,2657.87,Yes,2025-08-10
3030,Tablet,Computing,3,Nothing special but it works fine,Neutral,88254.35,No,2025-07-24
3031,Earbuds,Audio,3,Features are satisfactory,Neutral,11258.32,No,2025-07-18
3032,Camera,Camera,3,It is okay but could be improved,Neutral,58696.54,Yes,2025-07-16
3033,Power Bank,Power,5,Really happy with the purchase,Positive,4961.66,Yes,2025-12-26
3034,Charger,Power,1,Product stopped working after a few days,Negative,4668.11,Yes,2025-10-08
3035,Headphones,Audio,4,Very good product and worth the price,Positive,3919.36,Yes,2025-05-27
3036,Power Bank,Power,4,Excellent product with great performance,Positive,1926.14,Yes,2025-10-10
3037,Laptop,Computing,3,Product is okay for the price,Neutral,115026.41,Yes,2025-02-21
3038,Mouse,Accessories,5,Fast performance and reliable,Positive,3597.97,Yes,2025-04-15
3039,Laptop,Computing,5,Excellent build quality and smooth performance,Positive,164334.09,Yes,2025-02-12
3040,Gaming Console,Gaming,5,Excellent product with great performance,Positive,64202.01,Yes,2025-11-20
3041,Charger,Power,5,Works perfectly and looks premium,Positive,991.31,No,2025-01-09
3042,Printer,Office Electronics,3,Decent quality but has some limitations,Neutral,44182.33,Yes,2025-11-22
3043,Mouse,Accessories,5,Excellent product with great performance,Positive,6530.23,Yes,2025-10-31
3044,Smartwatch,Wearable,4,Amazing quality and works perfectly,Positive,25441.27,No,2025-12-13
3045,Headphones,Audio,5,Very good product and worth the price,Positive,8068.12,Yes,2025-10-07
3046,USB Flash Drive,Storage,4,Excellent product with great performance,Positive,3353.64,Yes,2025-06-17
3047,Smart TV,Home Entertainment,4,Great product with impressive features,Positive,181219.88,Yes,2025-10-24
3048,Laptop,Computing,5,Excellent build quality and smooth performance,Positive,35771.44,Yes,2025-12-27
3049,Gaming Console,Gaming,2,Frequent problems while using the product,Negative,45633.25,Yes,2025-11-22
3050,Mouse,Accessories,5,Excellent build quality and smooth performance,Positive,9375.9,Yes,2025-10-14
3051,Earbuds,Audio,2,Very bad experience with this product,Negative,9881.28,Yes,2025-10-07
3052,Power Bank,Power,1,Very disappointed with the purchase,Negative,1058.27,Yes,2025-08-27
3053,Webcam,Computer Accessories,4,Great product with impressive features,Positive,2927.44,Yes,2025-11-22
3054,Smartwatch,Wearable,4,Excellent product with great performance,Positive,35001.86,No,2025-06-07
3055,USB Flash Drive,Storage,5,Works perfectly and looks premium,Positive,3590.57,Yes,2025-07-02
3056,Laptop,Computing,5,"Amazing product, highly recommended",Positive,47256.76,Yes,2025-11-04
3057,Router,Networking,4,Great product with impressive features,Positive,5165.1,Yes,2025-04-06
3058,Laptop,Computing,4,Fast performance and reliable,Positive,114580.94,Yes,2025-10-06
3059,Laptop,Computing,5,Excellent product with great performance,Positive,132979.95,Yes,2025-02-10
3060,Smartphone,Mobile,5,Good quality and easy to use,Positive,25560.51,Yes,2025-08-02
3061,USB Flash Drive,Storage,3,Product meets basic expectations,Neutral,2445.0,No,2025-01-13
3062,Charger,Power,5,Really happy with the purchase,Positive,2941.57,Yes,2025-12-30
3063,Gaming Console,Gaming,3,Nothing special but it works fine,Neutral,27733.69,Yes,2025-11-04
3064,Smartwatch,Wearable,5,Very good product and worth the price,Positive,12352.19,Yes,2025-04-02
3065,Webcam,Computer Accessories,4,Very good product and worth the price,Positive,18459.02,Yes,2025-02-24
3066,USB Flash Drive,Storage,3,Product is okay for the price,Neutral,4435.91,No,2025-08-23
3067,Mouse,Accessories,4,Really happy with the purchase,Positive,3428.09,Yes,2025-11-26
3068,Printer,Office Electronics,5,Good quality and easy to use,Positive,44058.97,Yes,2025-04-28
3069,Tablet,Computing,5,Excellent build quality and smooth performance,Positive,66929.68,Yes,2025-12-17
3070,Earbuds,Audio,4,Good quality and easy to use,Positive,24549.74,No,2025-06-17
3071,Smartphone,Mobile,3,It is okay but could be improved,Neutral,116216.52,Yes,2025-06-11
3072,Smartwatch,Wearable,3,Product meets basic expectations,Neutral,31421.48,Yes,2025-05-04
3073,USB Flash Drive,Storage,2,Battery life is very poor,Negative,2498.85,Yes,2025-04-09
3074,Keyboard,Accessories,5,Works perfectly and looks premium,Positive,2563.07,No,2025-05-03
3075,Camera,Camera,3,"Average product, works as expected",Neutral,144328.91,Yes,2025-03-05
3076,Printer,Office Electronics,4,Good quality and easy to use,Positive,22923.44,Yes,2025-05-18
3077,External SSD,Storage,3,Average experience with this product,Neutral,20431.39,Yes,2025-04-16
3078,Monitor,Computing,2,Product stopped working after a few days,Negative,12622.32,Yes,2025-01-21
3079,Bluetooth Speaker,Audio,4,Great product with impressive features,Positive,25179.6,No,2025-05-13
3080,Tablet,Computing,4,Really happy with the purchase,Positive,97040.3,Yes,2025-01-15
3081,USB Flash Drive,Storage,3,Good enough for basic use,Neutral,1284.0,Yes,2025-03-08
3082,Smart TV,Home Entertainment,4,Works perfectly and looks premium,Positive,132064.97,Yes,2025-09-22
3083,Power Bank,Power,5,Great product with impressive features,Positive,6573.96,No,2025-01-10
3084,Mouse,Accessories,4,Amazing quality and works perfectly,Positive,5677.77,No,2025-04-24
3085,USB Flash Drive,Storage,5,"Amazing product, highly recommended",Positive,4696.55,Yes,2025-09-07
3086,Bluetooth Speaker,Audio,2,Very bad experience with this product,Negative,15746.5,Yes,2025-01-08
3087,Keyboard,Accessories,3,Performance is acceptable,Neutral,4422.94,Yes,2025-09-27
3088,Printer,Office Electronics,4,Very good product and worth the price,Positive,26222.01,Yes,2025-01-30
3089,Monitor,Computing,3,Average experience with this product,Neutral,42102.1,No,2025-01-21
3090,Webcam,Computer Accessories,4,Very good product and worth the price,Positive,5820.52,Yes,2025-03-13
3091,Smartwatch,Wearable,1,Very disappointed with the purchase,Negative,39667.21,Yes,2025-11-11
3092,Mouse,Accessories,4,Excellent build quality and smooth performance,Positive,6292.14,Yes,2025-01-18
3093,Mouse,Accessories,2,Product has several issues,Negative,3892.57,Yes,2025-02-06
3094,Bluetooth Speaker,Audio,3,Decent quality but has some limitations,Neutral,13112.36,Yes,2025-12-12
3095,Smart TV,Home Entertainment,1,Poor quality and disappointing performance,Negative,83764.71,No,2025-08-11
3096,Mouse,Accessories,1,Performance is slow and unreliable,Negative,4644.62,Yes,2025-07-27
3097,Printer,Office Electronics,3,Average experience with this product,Neutral,28764.26,Yes,2025-01-15
3098,Headphones,Audio,5,Works perfectly and looks premium,Positive,10262.35,No,2025-05-24
3099,Bluetooth Speaker,Audio,3,Features are satisfactory,Neutral,24690.18,Yes,2025-07-30
3100,Mouse,Accessories,4,Excellent build quality and smooth performance,Positive,9305.16,Yes,2025-07-14
3101,Charger,Power,5,Great product with impressive features,Positive,2757.16,Yes,2025-07-10
3102,Headphones,Audio,2,Very disappointed with the purchase,Negative,21485.2,Yes,2025-02-11
3103,Bluetooth Speaker,Audio,2,Not worth the price,Negative,27971.74,Yes,2025-12-27
3104,Camera,Camera,5,Really happy with the purchase,Positive,68186.39,Yes,2025-09-14
3105,Earbuds,Audio,5,Amazing quality and works perfectly,Positive,5148.2,No,2025-03-30
3106,External SSD,Storage,4,Amazing quality and works perfectly,Positive,4960.5,No,2025-12-20
3107,Mouse,Accessories,2,Product stopped working after a few days,Negative,4588.4,Yes,2025-04-21
3108,Smart TV,Home Entertainment,5,Good quality and easy to use,Positive,76262.28,Yes,2025-02-17
3109,Headphones,Audio,4,Amazing quality and works perfectly,Positive,17035.75,Yes,2025-11-22
3110,USB Flash Drive,Storage,4,Excellent product with great performance,Positive,2420.02,Yes,2025-02-25
3111,Mouse,Accessories,4,Good quality and easy to use,Positive,2144.88,Yes,2025-01-23
3112,Laptop,Computing,3,Product meets basic expectations,Neutral,88677.05,Yes,2025-08-18
3113,Router,Networking,5,Good quality and easy to use,Positive,1549.04,Yes,2025-04-07
3114,Headphones,Audio,2,Product stopped working after a few days,Negative,16352.85,No,2025-02-25
3115,Tablet,Computing,3,It is okay but could be improved,Neutral,34395.41,Yes,2025-02-07
3116,Power Bank,Power,3,"Average product, works as expected",Neutral,1608.98,Yes,2025-02-16
3117,External SSD,Storage,4,Good quality and easy to use,Positive,4778.14,No,2025-12-17
3118,Earbuds,Audio,2,Battery life is very poor,Negative,18004.0,No,2025-09-02
3119,Camera,Camera,2,Frequent problems while using the product,Negative,80651.62,Yes,2025-11-04
3120,Smartphone,Mobile,5,Excellent product with great performance,Positive,81785.26,Yes,2025-08-14
3121,Smartwatch,Wearable,5,Works perfectly and looks premium,Positive,41052.16,No,2025-07-18
3122,External SSD,Storage,5,Excellent product with great performance,Positive,16499.62,Yes,2025-03-21
3123,Smartphone,Mobile,5,Fast performance and reliable,Positive,22901.9,Yes,2025-12-20
3124,Monitor,Computing,3,It is okay but could be improved,Neutral,51476.54,Yes,2025-10-28
3125,Power Bank,Power,3,Decent quality but has some limitations,Neutral,1315.57,Yes,2025-07-12
3126,Laptop,Computing,5,Really happy with the purchase,Positive,152571.53,No,2025-02-08
3127,Smart TV,Home Entertainment,5,Excellent product with great performance,Positive,155884.94,No,2025-10-05
3128,Power Bank,Power,3,Nothing special but it works fine,Neutral,3695.0,Yes,2025-05-02
3129,Bluetooth Speaker,Audio,5,Fast performance and reliable,Positive,8657.58,Yes,2025-03-18
3130,Smart TV,Home Entertainment,4,"Amazing product, highly recommended",Positive,146267.57,No,2025-09-27
3131,Charger,Power,4,Really happy with the purchase,Positive,2965.89,Yes,2025-11-02
3132,Gaming Console,Gaming,4,Really happy with the purchase,Positive,32980.07,Yes,2025-08-13
3133,Laptop,Computing,4,"Amazing product, highly recommended",Positive,143878.06,Yes,2025-01-27
3134,Smartwatch,Wearable,5,Fast performance and reliable,Positive,17697.8,Yes,2025-08-08
3135,Smartphone,Mobile,4,Fast performance and reliable,Positive,108110.92,Yes,2025-12-02
3136,Power Bank,Power,3,Performance is acceptable,Neutral,6772.17,Yes,2025-09-08
3137,USB Flash Drive,Storage,2,Very disappointed with the purchase,Negative,1596.32,No,2025-04-07
3138,Webcam,Computer Accessories,2,Product stopped working after a few days,Negative,5849.82,No,2025-08-24
3139,Charger,Power,4,Really happy with the purchase,Positive,2170.08,Yes,2025-04-01
3140,Laptop,Computing,3,Product is okay for the price,Neutral,150672.48,Yes,2025-11-16
3141,Camera,Camera,5,Really happy with the purchase,Positive,54397.16,Yes,2025-11-05
3142,Camera,Camera,4,Very good product and worth the price,Positive,96111.48,Yes,2025-07-27
3143,Charger,Power,5,Really happy with the purchase,Positive,3397.81,Yes,2025-02-19
3144,Router,Networking,2,Build quality is poor,Negative,1636.32,Yes,2025-05-27
3145,Charger,Power,3,Nothing special but it works fine,Neutral,562.73,Yes,2025-02-14
3146,Router,Networking,4,Great product with impressive features,Positive,15481.25,Yes,2025-10-07
3147,Mouse,Accessories,2,Performance is slow and unreliable,Negative,5366.73,No,2025-09-06
3148,Smartwatch,Wearable,4,Really happy with the purchase,Positive,28543.71,Yes,2025-04-05
3149,Laptop,Computing,3,It is okay but could be improved,Neutral,67329.6,Yes,2025-11-09
3150,Webcam,Computer Accessories,1,Not worth the price,Negative,11103.89,Yes,2025-10-05
3151,Keyboard,Accessories,3,Features are satisfactory,Neutral,8402.58,Yes,2025-12-08
3152,Bluetooth Speaker,Audio,3,Product meets basic expectations,Neutral,12882.12,Yes,2025-04-13
3153,Earbuds,Audio,4,Fast performance and reliable,Positive,24128.37,Yes,2025-03-05
3154,Laptop,Computing,3,Nothing special but it works fine,Neutral,37389.6,No,2025-06-25
3155,Webcam,Computer Accessories,5,Amazing quality and works perfectly,Positive,8883.63,No,2025-04-07
3156,Laptop,Computing,3,Performance is acceptable,Neutral,158623.0,Yes,2025-09-27
3157,Headphones,Audio,5,Excellent build quality and smooth performance,Positive,6584.96,Yes,2025-06-05
3158,Mouse,Accessories,4,Fast performance and reliable,Positive,9369.48,Yes,2025-08-18
3159,Monitor,Computing,1,Very bad experience with this product,Negative,37486.32,Yes,2025-03-04
3160,Smartphone,Mobile,4,Amazing quality and works perfectly,Positive,25539.09,Yes,2025-02-01
3161,Bluetooth Speaker,Audio,3,"Average product, works as expected",Neutral,3518.51,Yes,2025-12-09
3162,External SSD,Storage,5,Very good product and worth the price,Positive,11830.88,No,2025-06-12
3163,Earbuds,Audio,3,Average experience with this product,Neutral,23033.24,Yes,2025-02-20
3164,Printer,Office Electronics,1,Poor quality and disappointing performance,Negative,47259.3,No,2025-10-24
3165,Monitor,Computing,4,Great product with impressive features,Positive,47681.57,Yes,2025-02-18
3166,Smartphone,Mobile,5,Good quality and easy to use,Positive,21237.32,Yes,2025-12-30
3167,Tablet,Computing,2,Product has several issues,Negative,51093.32,Yes,2025-05-21
3168,USB Flash Drive,Storage,4,Amazing quality and works perfectly,Positive,2263.47,Yes,2025-06-20
3169,Keyboard,Accessories,3,Product is okay for the price,Neutral,3850.49,Yes,2025-04-05
3170,Smart TV,Home Entertainment,5,Really happy with the purchase,Positive,29065.98,Yes,2025-02-01
3171,External SSD,Storage,4,Really happy with the purchase,Positive,13302.49,Yes,2025-05-30
3172,Smartphone,Mobile,5,Really happy with the purchase,Positive,49647.77,Yes,2025-05-14
3173,Bluetooth Speaker,Audio,1,Product has several issues,Negative,21356.21,Yes,2025-06-13
3174,Router,Networking,4,Works perfectly and looks premium,Positive,8490.3,No,2025-06-28
3175,Laptop,Computing,4,Really happy with the purchase,Positive,31970.06,Yes,2025-08-19
3176,Smart TV,Home Entertainment,4,Works perfectly and looks premium,Positive,18703.46,Yes,2025-01-27
3177,Smartwatch,Wearable,4,Good quality and easy to use,Positive,34844.5,Yes,2025-05-13
3178,External SSD,Storage,4,Very good product and worth the price,Positive,20841.22,Yes,2025-11-12
3179,USB Flash Drive,Storage,4,Fast performance and reliable,Positive,1053.66,Yes,2025-12-14
3180,Power Bank,Power,5,Very good product and worth the price,Positive,7036.82,Yes,2025-07-16
3181,USB Flash Drive,Storage,4,Very good product and worth the price,Positive,3414.33,Yes,2025-05-14
3182,Printer,Office Electronics,1,Very bad experience with this product,Negative,11932.48,No,2025-06-01
3183,Router,Networking,4,Works perfectly and looks premium,Positive,6464.65,Yes,2025-10-13
3184,Router,Networking,1,Poor quality and disappointing performance,Negative,19499.59,Yes,2025-05-25
3185,Monitor,Computing,4,Really happy with the purchase,Positive,36173.24,Yes,2025-12-11
3186,Earbuds,Audio,3,"Average product, works as expected",Neutral,6300.92,Yes,2025-01-11
3187,Printer,Office Electronics,4,Great product with impressive features,Positive,28585.87,No,2025-08-10
3188,Headphones,Audio,5,Excellent build quality and smooth performance,Positive,6563.78,Yes,2025-07-09
3189,Keyboard,Accessories,5,Very good product and worth the price,Positive,11979.9,Yes,2025-06-14
3190,Power Bank,Power,5,Great product with impressive features,Positive,6518.98,No,2025-06-23
3191,Monitor,Computing,5,Amazing quality and works perfectly,Positive,65262.4,Yes,2025-02-27
3192,Monitor,Computing,5,Excellent build quality and smooth performance,Positive,51677.93,Yes,2025-05-07
3193,Charger,Power,2,Battery life is very poor,Negative,3562.01,Yes,2025-05-09
3194,Bluetooth Speaker,Audio,4,Good quality and easy to use,Positive,10184.98,No,2025-08-29
3195,Smart TV,Home Entertainment,1,Frequent problems while using the product,Negative,177594.27,Yes,2025-08-07
3196,Smartwatch,Wearable,5,Very good product and worth the price,Positive,8491.84,Yes,2025-05-31
3197,Monitor,Computing,3,Decent quality but has some limitations,Neutral,24832.05,Yes,2025-07-08
3198,USB Flash Drive,Storage,2,Battery life is very poor,Negative,4965.63,Yes,2025-07-28
3199,Mouse,Accessories,4,Good quality and easy to use,Positive,9615.85,Yes,2025-01-18
3200,Router,Networking,5,"Amazing product, highly recommended",Positive,10644.79,No,2025-11-20
3201,Camera,Camera,4,Amazing quality and works perfectly,Positive,137299.24,Yes,2025-11-22
3202,Bluetooth Speaker,Audio,1,Product stopped working after a few days,Negative,4211.16,No,2025-05-13
3203,Router,Networking,4,Really happy with the purchase,Positive,13533.35,Yes,2025-10-05
3204,Headphones,Audio,5,"Amazing product, highly recommended",Positive,1415.46,Yes,2025-05-26
3205,Router,Networking,4,Fast performance and reliable,Positive,6972.58,Yes,2025-01-25
3206,Tablet,Computing,4,Great product with impressive features,Positive,47655.15,Yes,2025-11-13
3207,Gaming Console,Gaming,4,Amazing quality and works perfectly,Positive,74169.19,Yes,2025-04-08
3208,Tablet,Computing,4,Great product with impressive features,Positive,97160.74,Yes,2025-05-11
3209,Printer,Office Electronics,4,Excellent build quality and smooth performance,Positive,48829.91,Yes,2025-07-30
3210,Camera,Camera,4,Works perfectly and looks premium,Positive,204738.33,No,2025-06-10
3211,Smartphone,Mobile,1,Product stopped working after a few days,Negative,40479.68,Yes,2025-04-08
3212,Tablet,Computing,4,Very good product and worth the price,Positive,14081.57,Yes,2025-10-20
3213,Smartwatch,Wearable,4,Works perfectly and looks premium,Positive,22142.46,Yes,2025-05-10
3214,Smart TV,Home Entertainment,5,Great product with impressive features,Positive,70018.31,Yes,2025-08-05
3215,Charger,Power,3,Nothing special but it works fine,Neutral,3379.39,Yes,2025-08-31
3216,Earbuds,Audio,5,Good quality and easy to use,Positive,9590.93,Yes,2025-12-07
3217,Earbuds,Audio,4,Very good product and worth the price,Positive,22323.52,Yes,2025-06-24
3218,Smartphone,Mobile,2,Performance is slow and unreliable,Negative,49891.7,Yes,2025-06-21
3219,Headphones,Audio,4,"Amazing product, highly recommended",Positive,11650.89,Yes,2025-11-30
3220,Printer,Office Electronics,5,Fast performance and reliable,Positive,39160.34,Yes,2025-06-24
3221,Charger,Power,4,Excellent product with great performance,Positive,3073.13,No,2025-04-19
3222,Monitor,Computing,4,Very good product and worth the price,Positive,24891.34,Yes,2025-01-16
3223,Smartphone,Mobile,5,Amazing quality and works perfectly,Positive,83789.23,Yes,2025-04-29
3224,Bluetooth Speaker,Audio,5,Excellent build quality and smooth performance,Positive,17239.42,Yes,2025-03-14
3225,Monitor,Computing,1,Performance is slow and unreliable,Negative,13700.4,Yes,2025-04-22
3226,Tablet,Computing,2,Poor quality and disappointing performance,Negative,52053.75,Yes,2025-07-17
3227,Camera,Camera,2,Poor quality and disappointing performance,Negative,231708.42,Yes,2025-07-11
3228,Gaming Console,Gaming,4,"Amazing product, highly recommended",Positive,36648.64,Yes,2025-03-10
3229,Smart TV,Home Entertainment,3,Good enough for basic use,Neutral,91704.19,Yes,2025-06-19
3230,Monitor,Computing,4,Really happy with the purchase,Positive,26420.28,Yes,2025-06-15
3231,Earbuds,Audio,3,Average experience with this product,Neutral,13654.55,Yes,2025-01-16
3232,USB Flash Drive,Storage,4,Amazing quality and works perfectly,Positive,4883.03,Yes,2025-04-14
3233,Monitor,Computing,2,Frequent problems while using the product,Negative,28929.21,Yes,2025-09-21
3234,Camera,Camera,3,Features are satisfactory,Neutral,212387.92,Yes,2025-01-08
3235,Router,Networking,5,Excellent product with great performance,Positive,16927.62,Yes,2025-04-20
3236,Printer,Office Electronics,2,Very disappointed with the purchase,Negative,16673.7,Yes,2025-06-23
3237,Bluetooth Speaker,Audio,2,Battery life is very poor,Negative,23360.11,No,2025-03-02
3238,Camera,Camera,4,Works perfectly and looks premium,Positive,247327.44,Yes,2025-08-24
3239,Tablet,Computing,4,Good quality and easy to use,Positive,95861.9,Yes,2025-09-19
3240,External SSD,Storage,3,"Average product, works as expected",Neutral,19354.99,Yes,2025-05-04
3241,Smartphone,Mobile,4,Amazing quality and works perfectly,Positive,24994.79,Yes,2025-03-26
3242,Gaming Console,Gaming,3,Product meets basic expectations,Neutral,31563.8,Yes,2025-10-11
3243,Headphones,Audio,5,"Amazing product, highly recommended",Positive,8371.22,Yes,2025-03-20
3244,Mouse,Accessories,2,Not worth the price,Negative,6132.74,Yes,2025-02-23
3245,Laptop,Computing,3,Performance is acceptable,Neutral,87933.84,Yes,2025-01-13
3246,Gaming Console,Gaming,4,Very good product and worth the price,Positive,63446.15,Yes,2025-02-03
3247,Mouse,Accessories,4,Excellent build quality and smooth performance,Positive,7941.45,Yes,2025-11-15
3248,Gaming Console,Gaming,3,Nothing special but it works fine,Neutral,34923.19,No,2025-12-08
3249,Bluetooth Speaker,Audio,4,Very good product and worth the price,Positive,27234.59,Yes,2025-07-19
3250,Smartphone,Mobile,4,Great product with impressive features,Positive,14784.18,Yes,2025-12-03
3251,Charger,Power,4,Fast performance and reliable,Positive,1545.16,No,2025-09-16
3252,Gaming Console,Gaming,4,Very good product and worth the price,Positive,69814.0,Yes,2025-05-29
3253,Gaming Console,Gaming,4,"Amazing product, highly recommended",Positive,35105.27,Yes,2025-09-18
3254,Earbuds,Audio,2,Very bad experience with this product,Negative,5893.37,Yes,2025-06-03
3255,Router,Networking,4,Fast performance and reliable,Positive,19537.47,No,2025-12-18
3256,Power Bank,Power,3,Good enough for basic use,Neutral,7369.02,Yes,2025-11-07
3257,Headphones,Audio,5,Amazing quality and works perfectly,Positive,24476.4,Yes,2025-11-05
3258,Tablet,Computing,2,Very disappointed with the purchase,Negative,25642.1,Yes,2025-07-13
3259,Bluetooth Speaker,Audio,4,"Amazing product, highly recommended",Positive,8250.04,Yes,2025-07-09
3260,Smartphone,Mobile,5,Excellent build quality and smooth performance,Positive,34338.78,Yes,2025-02-12
3261,Router,Networking,3,It is okay but could be improved,Neutral,4593.36,Yes,2025-08-27
3262,Smartphone,Mobile,4,Very good product and worth the price,Positive,116690.01,Yes,2025-02-11
3263,Smartphone,Mobile,3,Good enough for basic use,Neutral,26595.16,Yes,2025-07-17
3264,Smartwatch,Wearable,4,Good quality and easy to use,Positive,37715.59,Yes,2025-02-17
3265,Bluetooth Speaker,Audio,3,It is okay but could be improved,Neutral,2289.63,Yes,2025-06-23
3266,Smartphone,Mobile,5,Great product with impressive features,Positive,68906.32,Yes,2025-10-12
3267,Camera,Camera,5,Fast performance and reliable,Positive,40941.23,Yes,2025-04-23
3268,Tablet,Computing,3,Nothing special but it works fine,Neutral,15557.82,Yes,2025-08-08
3269,USB Flash Drive,Storage,2,Very disappointed with the purchase,Negative,1382.09,Yes,2025-04-05
3270,Charger,Power,5,"Amazing product, highly recommended",Positive,4650.34,Yes,2025-04-20
3271,Laptop,Computing,4,Excellent build quality and smooth performance,Positive,125824.53,Yes,2025-03-08
3272,Keyboard,Accessories,2,Very disappointed with the purchase,Negative,9945.32,Yes,2025-03-01
3273,Tablet,Computing,4,Really happy with the purchase,Positive,36789.01,Yes,2025-05-16
3274,Smart TV,Home Entertainment,2,Product stopped working after a few days,Negative,148869.05,No,2025-02-15
3275,Charger,Power,4,Excellent product with great performance,Positive,3503.3,No,2025-11-22
3276,USB Flash Drive,Storage,5,Excellent build quality and smooth performance,Positive,2469.92,No,2025-09-28
3277,Monitor,Computing,3,"Average product, works as expected",Neutral,56512.8,Yes,2025-03-22
3278,Tablet,Computing,5,"Amazing product, highly recommended",Positive,88042.19,Yes,2025-11-20
3279,Headphones,Audio,4,Great product with impressive features,Positive,28831.23,Yes,2025-05-14
3280,Keyboard,Accessories,4,Works perfectly and looks premium,Positive,14950.61,Yes,2025-07-13
3281,External SSD,Storage,4,Good quality and easy to use,Positive,16184.43,Yes,2025-09-13
3282,Keyboard,Accessories,3,Product is okay for the price,Neutral,974.92,Yes,2025-10-10
3283,Webcam,Computer Accessories,5,Good quality and easy to use,Positive,5354.38,Yes,2025-01-03
3284,Monitor,Computing,3,Nothing special but it works fine,Neutral,20566.82,Yes,2025-04-14
3285,Headphones,Audio,3,Good enough for basic use,Neutral,9365.89,No,2025-05-03
3286,Mouse,Accessories,5,Really happy with the purchase,Positive,3796.87,Yes,2025-08-02
3287,Tablet,Computing,3,Average experience with this product,Neutral,70180.95,Yes,2025-11-15
3288,Gaming Console,Gaming,4,Fast performance and reliable,Positive,53912.89,Yes,2025-06-09
3289,Tablet,Computing,5,Very good product and worth the price,Positive,68477.01,Yes,2025-06-19
3290,Camera,Camera,4,Very good product and worth the price,Positive,243663.9,No,2025-02-02
3291,Monitor,Computing,2,Frequent problems while using the product,Negative,9631.32,Yes,2025-07-12
3292,Monitor,Computing,5,Excellent build quality and smooth performance,Positive,7065.5,Yes,2025-06-27
3293,Camera,Camera,4,Great product with impressive features,Positive,174738.72,Yes,2025-08-21
3294,Router,Networking,5,Amazing quality and works perfectly,Positive,11378.82,Yes,2025-11-06
3295,Webcam,Computer Accessories,1,Product stopped working after a few days,Negative,10172.23,Yes,2025-07-27
3296,Earbuds,Audio,5,Great product with impressive features,Positive,21406.52,No,2025-01-19
3297,USB Flash Drive,Storage,4,Great product with impressive features,Positive,1046.72,Yes,2025-10-26
3298,USB Flash Drive,Storage,4,"Amazing product, highly recommended",Positive,2996.01,No,2025-06-24
3299,Smart TV,Home Entertainment,5,"Amazing product, highly recommended",Positive,187406.52,Yes,2025-06-27
3300,Smart TV,Home Entertainment,4,Good quality and easy to use,Positive,97482.9,Yes,2025-11-15
3301,External SSD,Storage,3,Decent quality but has some limitations,Neutral,18657.72,Yes,2025-08-04
3302,Earbuds,Audio,3,Features are satisfactory,Neutral,2214.98,Yes,2025-10-16
3303,Gaming Console,Gaming,5,Good quality and easy to use,Positive,44205.07,Yes,2025-11-18
3304,External SSD,Storage,3,Decent quality but has some limitations,Neutral,4117.75,Yes,2025-06-30
3305,Earbuds,Audio,5,Great product with impressive features,Positive,14523.22,No,2025-12-25
3306,USB Flash Drive,Storage,3,Decent quality but has some limitations,Neutral,3075.23,Yes,2025-03-04
3307,Router,Networking,5,Very good product and worth the price,Positive,19065.97,Yes,2025-11-15
3308,Mouse,Accessories,2,Battery life is very poor,Negative,6492.54,Yes,2025-11-06
3309,Printer,Office Electronics,4,Great product with impressive features,Positive,5134.23,Yes,2025-02-06
3310,Laptop,Computing,3,Decent quality but has some limitations,Neutral,154985.16,Yes,2025-02-25
3311,Gaming Console,Gaming,1,Poor quality and disappointing performance,Negative,43131.1,Yes,2025-01-14
3312,External SSD,Storage,3,Performance is acceptable,Neutral,22285.34,No,2025-04-12
3313,Smartphone,Mobile,1,Not worth the price,Negative,37571.19,Yes,2025-12-28
3314,Keyboard,Accessories,4,Good quality and easy to use,Positive,11523.26,Yes,2025-02-15
3315,Power Bank,Power,1,Battery life is very poor,Negative,7477.93,Yes,2025-01-13
3316,Headphones,Audio,5,Excellent build quality and smooth performance,Positive,2839.91,Yes,2025-06-17
3317,Printer,Office Electronics,4,Really happy with the purchase,Positive,29496.29,Yes,2025-05-10
3318,Camera,Camera,4,Really happy with the purchase,Positive,146590.45,Yes,2025-08-18
3319,Earbuds,Audio,3,Features are satisfactory,Neutral,7517.72,Yes,2025-08-10
3320,Keyboard,Accessories,5,"Amazing product, highly recommended",Positive,5454.28,Yes,2025-10-29
3321,Tablet,Computing,5,Fast performance and reliable,Positive,70854.47,No,2025-06-01
3322,Laptop,Computing,3,Decent quality but has some limitations,Neutral,73891.66,Yes,2025-06-18
3323,Router,Networking,2,Product stopped working after a few days,Negative,1581.92,Yes,2025-01-09
3324,Smart TV,Home Entertainment,3,Performance is acceptable,Neutral,157299.45,Yes,2025-12-21
3325,Earbuds,Audio,4,Great product with impressive features,Positive,15817.23,Yes,2025-03-19
3326,Headphones,Audio,5,Amazing quality and works perfectly,Positive,7888.42,Yes,2025-08-06
3327,Gaming Console,Gaming,2,Performance is slow and unreliable,Negative,77884.75,Yes,2025-11-18
3328,Power Bank,Power,5,Excellent product with great performance,Positive,7268.68,Yes,2025-08-09
3329,Tablet,Computing,5,Really happy with the purchase,Positive,96793.83,Yes,2025-08-17
3330,Gaming Console,Gaming,4,Excellent build quality and smooth performance,Positive,53173.0,Yes,2025-03-05
3331,Headphones,Audio,3,It is okay but could be improved,Neutral,7437.41,Yes,2025-09-16
3332,Tablet,Computing,4,Amazing quality and works perfectly,Positive,25644.63,Yes,2025-03-11
3333,Mouse,Accessories,3,Average experience with this product,Neutral,9500.68,Yes,2025-09-10
3334,Router,Networking,3,Good enough for basic use,Neutral,17925.74,Yes,2025-07-30
3335,Power Bank,Power,4,Very good product and worth the price,Positive,6134.75,No,2025-06-28
3336,Camera,Camera,2,Frequent problems while using the product,Negative,139865.84,Yes,2025-09-21
3337,Headphones,Audio,1,Not worth the price,Negative,11840.02,Yes,2025-09-20
3338,Mouse,Accessories,5,Really happy with the purchase,Positive,7123.42,Yes,2025-03-16
3339,Router,Networking,4,"Amazing product, highly recommended",Positive,1181.05,Yes,2025-05-18
3340,Power Bank,Power,4,Fast performance and reliable,Positive,4574.8,Yes,2025-06-26
3341,Headphones,Audio,3,Good enough for basic use,Neutral,20520.46,Yes,2025-02-25
3342,Smart TV,Home Entertainment,3,Average experience with this product,Neutral,154445.6,Yes,2025-05-11
3343,Laptop,Computing,5,Fast performance and reliable,Positive,97662.17,Yes,2025-01-16
3344,Webcam,Computer Accessories,3,Product is okay for the price,Neutral,15157.64,Yes,2025-06-10
3345,Router,Networking,4,Fast performance and reliable,Positive,2820.99,No,2025-03-17
3346,Tablet,Computing,4,Really happy with the purchase,Positive,30994.72,Yes,2025-03-23
3347,Earbuds,Audio,4,Great product with impressive features,Positive,4043.01,Yes,2025-10-26
3348,Monitor,Computing,5,Works perfectly and looks premium,Positive,31148.01,Yes,2025-02-21
3349,Smart TV,Home Entertainment,5,Really happy with the purchase,Positive,78675.71,Yes,2025-02-14
3350,Power Bank,Power,4,Good quality and easy to use,Positive,3492.37,Yes,2025-04-27
3351,Earbuds,Audio,4,Fast performance and reliable,Positive,11912.71,Yes,2025-01-09
3352,Webcam,Computer Accessories,3,Nothing special but it works fine,Neutral,9290.34,Yes,2025-11-14
3353,Tablet,Computing,4,Great product with impressive features,Positive,54142.47,No,2025-12-27
3354,USB Flash Drive,Storage,1,Poor quality and disappointing performance,Negative,3837.2,No,2025-10-21
3355,USB Flash Drive,Storage,5,Excellent product with great performance,Positive,967.48,No,2025-10-19
3356,Monitor,Computing,4,Excellent product with great performance,Positive,31952.29,Yes,2025-02-07
3357,Smartphone,Mobile,4,Very good product and worth the price,Positive,8015.12,Yes,2025-07-22
3358,Printer,Office Electronics,5,Amazing quality and works perfectly,Positive,6270.31,No,2025-02-02
3359,Smart TV,Home Entertainment,2,Build quality is poor,Negative,127187.88,Yes,2025-04-20
3360,Monitor,Computing,5,"Amazing product, highly recommended",Positive,70824.11,Yes,2025-06-29
3361,Smartwatch,Wearable,3,Decent quality but has some limitations,Neutral,16336.62,Yes,2025-09-06
3362,Earbuds,Audio,3,Product is okay for the price,Neutral,10346.44,Yes,2025-04-12
3363,Tablet,Computing,4,Really happy with the purchase,Positive,28888.88,Yes,2025-04-04
3364,Camera,Camera,5,Very good product and worth the price,Positive,57129.93,Yes,2025-10-28
3365,Power Bank,Power,3,Product meets basic expectations,Neutral,7165.51,Yes,2025-03-23
3366,Monitor,Computing,2,Very disappointed with the purchase,Negative,48336.88,Yes,2025-06-27
3367,Gaming Console,Gaming,5,"Amazing product, highly recommended",Positive,63768.11,No,2025-04-15
3368,Camera,Camera,4,Very good product and worth the price,Positive,223425.58,No,2025-11-08
3369,Smartphone,Mobile,4,Fast performance and reliable,Positive,73900.05,Yes,2025-07-15
3370,Keyboard,Accessories,5,Amazing quality and works perfectly,Positive,3114.12,Yes,2025-02-09
3371,Printer,Office Electronics,3,"Average product, works as expected",Neutral,37099.26,Yes,2025-02-24
3372,External SSD,Storage,4,Great product with impressive features,Positive,23190.76,Yes,2025-12-21
3373,Printer,Office Electronics,4,Great product with impressive features,Positive,23627.69,Yes,2025-12-10
3374,Smart TV,Home Entertainment,2,Poor quality and disappointing performance,Negative,129110.59,Yes,2025-10-07
3375,Laptop,Computing,2,Product has several issues,Negative,102682.48,Yes,2025-01-29
3376,Earbuds,Audio,2,Very bad experience with this product,Negative,8658.49,Yes,2025-09-25
3377,Mouse,Accessories,5,Very good product and worth the price,Positive,6822.44,Yes,2025-08-30
3378,Power Bank,Power,4,Great product with impressive features,Positive,2581.66,Yes,2025-12-10
3379,External SSD,Storage,3,Performance is acceptable,Neutral,11841.71,Yes,2025-06-27
3380,Router,Networking,4,Very good product and worth the price,Positive,8708.09,Yes,2025-06-21
3381,Router,Networking,3,Nothing special but it works fine,Neutral,12677.78,No,2025-08-19
3382,Smartwatch,Wearable,4,Excellent build quality and smooth performance,Positive,42831.9,Yes,2025-02-24
3383,Gaming Console,Gaming,4,Great product with impressive features,Positive,58820.41,Yes,2025-09-30
3384,External SSD,Storage,3,It is okay but could be improved,Neutral,22604.2,Yes,2025-07-01
3385,External SSD,Storage,4,Really happy with the purchase,Positive,10901.75,Yes,2025-03-10
3386,Charger,Power,3,Product is okay for the price,Neutral,3060.85,Yes,2025-10-25
3387,Laptop,Computing,5,"Amazing product, highly recommended",Positive,45577.77,Yes,2025-04-07
3388,Tablet,Computing,4,Amazing quality and works perfectly,Positive,51694.48,Yes,2025-11-10
3389,Router,Networking,4,Excellent build quality and smooth performance,Positive,14107.7,Yes,2025-04-10
3390,Printer,Office Electronics,5,Excellent product with great performance,Positive,13087.51,Yes,2025-06-28
3391,USB Flash Drive,Storage,4,Great product with impressive features,Positive,4539.86,No,2025-06-09
3392,Keyboard,Accessories,4,Fast performance and reliable,Positive,6549.29,Yes,2025-09-25
3393,Charger,Power,5,"Amazing product, highly recommended",Positive,3454.37,Yes,2025-03-09
3394,Smartwatch,Wearable,4,Very good product and worth the price,Positive,24289.88,Yes,2025-04-01
3395,Charger,Power,5,"Amazing product, highly recommended",Positive,3741.61,Yes,2025-03-12
3396,Smartwatch,Wearable,3,Performance is acceptable,Neutral,29838.71,Yes,2025-03-26
3397,External SSD,Storage,5,Excellent product with great performance,Positive,6309.46,Yes,2025-06-15
3398,External SSD,Storage,4,Great product with impressive features,Positive,27967.29,Yes,2025-08-02
3399,Laptop,Computing,4,Good quality and easy to use,Positive,129009.1,No,2025-11-12
3400,Webcam,Computer Accessories,5,"Amazing product, highly recommended",Positive,9969.37,Yes,2025-06-03
3401,External SSD,Storage,4,"Amazing product, highly recommended",Positive,21268.33,Yes,2025-05-30
3402,Monitor,Computing,1,Product stopped working after a few days,Negative,25306.3,Yes,2025-02-28
3403,Mouse,Accessories,4,Fast performance and reliable,Positive,7758.92,Yes,2025-02-06
3404,Laptop,Computing,4,"Amazing product, highly recommended",Positive,91683.81,Yes,2025-10-05
3405,Webcam,Computer Accessories,2,Very disappointed with the purchase,Negative,16295.65,Yes,2025-08-19
3406,Tablet,Computing,4,Very good product and worth the price,Positive,34664.79,No,2025-07-14
3407,Webcam,Computer Accessories,5,Excellent build quality and smooth performance,Positive,16015.32,Yes,2025-06-12
3408,Gaming Console,Gaming,4,Amazing quality and works perfectly,Positive,74868.05,Yes,2025-07-09
3409,Webcam,Computer Accessories,5,Excellent build quality and smooth performance,Positive,19635.59,No,2025-11-05
3410,Monitor,Computing,2,Product has several issues,Negative,63476.54,Yes,2025-03-11
3411,Printer,Office Electronics,5,Amazing quality and works perfectly,Positive,36680.59,Yes,2025-07-02
3412,Keyboard,Accessories,5,Good quality and easy to use,Positive,8039.16,Yes,2025-03-30
3413,Monitor,Computing,1,Performance is slow and unreliable,Negative,13824.34,Yes,2025-02-08
3414,Bluetooth Speaker,Audio,4,Great product with impressive features,Positive,17147.73,Yes,2025-09-10
3415,Smart TV,Home Entertainment,3,Product is okay for the price,Neutral,119201.81,Yes,2025-09-15
3416,Mouse,Accessories,4,Really happy with the purchase,Positive,927.92,Yes,2025-11-07
3417,Mouse,Accessories,4,Great product with impressive features,Positive,6999.07,Yes,2025-01-08
3418,Camera,Camera,4,Excellent product with great performance,Positive,58512.05,Yes,2025-03-06
3419,Charger,Power,3,Features are satisfactory,Neutral,3104.08,Yes,2025-07-29
3420,Power Bank,Power,5,Works perfectly and looks premium,Positive,4202.96,Yes,2025-10-24
3421,Monitor,Computing,3,It is okay but could be improved,Neutral,70754.02,Yes,2025-12-10
3422,Smartwatch,Wearable,3,Product is okay for the price,Neutral,12763.86,Yes,2025-10-15
3423,Smart TV,Home Entertainment,4,Excellent build quality and smooth performance,Positive,46673.3,Yes,2025-11-27
3424,Mouse,Accessories,4,"Amazing product, highly recommended",Positive,5646.36,No,2025-10-25
3425,Smart TV,Home Entertainment,1,Product stopped working after a few days,Negative,100144.94,Yes,2025-04-26
3426,Mouse,Accessories,3,"Average product, works as expected",Neutral,1864.59,Yes,2025-08-01
3427,Charger,Power,5,Fast performance and reliable,Positive,3184.45,No,2025-08-20
3428,Power Bank,Power,4,Good quality and easy to use,Positive,7321.88,No,2025-05-09
3429,Smart TV,Home Entertainment,3,Features are satisfactory,Neutral,151946.96,Yes,2025-11-20
3430,Tablet,Computing,3,It is okay but could be improved,Neutral,28860.13,Yes,2025-10-09
3431,Power Bank,Power,5,Excellent product with great performance,Positive,2516.52,Yes,2025-07-08
3432,Smartwatch,Wearable,4,"Amazing product, highly recommended",Positive,28541.72,No,2025-06-25
3433,Printer,Office Electronics,5,Fast performance and reliable,Positive,35488.27,Yes,2025-10-17
3434,Power Bank,Power,4,Very good product and worth the price,Positive,7848.77,Yes,2025-03-22
3435,Webcam,Computer Accessories,2,Product has several issues,Negative,2991.58,Yes,2025-03-21
3436,Earbuds,Audio,3,Nothing special but it works fine,Neutral,13885.45,Yes,2025-05-27
3437,Smartwatch,Wearable,1,Very bad experience with this product,Negative,49387.66,Yes,2025-02-16
3438,Camera,Camera,3,"Average product, works as expected",Neutral,49951.78,No,2025-06-17
3439,Tablet,Computing,4,Excellent build quality and smooth performance,Positive,97531.18,Yes,2025-06-07
3440,Monitor,Computing,3,Nothing special but it works fine,Neutral,40201.17,Yes,2025-07-04
3441,Bluetooth Speaker,Audio,5,Really happy with the purchase,Positive,21747.78,Yes,2025-06-18
3442,Headphones,Audio,2,Product has several issues,Negative,13045.51,Yes,2025-11-24
3443,Tablet,Computing,4,Good quality and easy to use,Positive,85693.97,Yes,2025-04-11
3444,Gaming Console,Gaming,5,Good quality and easy to use,Positive,74968.48,Yes,2025-05-31
3445,External SSD,Storage,3,Decent quality but has some limitations,Neutral,7499.96,Yes,2025-09-27
3446,Monitor,Computing,2,Frequent problems while using the product,Negative,61295.93,Yes,2025-04-14
3447,Earbuds,Audio,3,Good enough for basic use,Neutral,1008.12,Yes,2025-08-28
3448,Smartwatch,Wearable,4,Fast performance and reliable,Positive,14927.72,No,2025-12-18
3449,Gaming Console,Gaming,5,Works perfectly and looks premium,Positive,55378.84,Yes,2025-05-18
3450,USB Flash Drive,Storage,2,Poor quality and disappointing performance,Negative,3135.06,No,2025-03-30
3451,Power Bank,Power,1,Product stopped working after a few days,Negative,3429.92,Yes,2025-03-11
3452,Keyboard,Accessories,1,Battery life is very poor,Negative,4421.35,Yes,2025-01-05
3453,Camera,Camera,4,Works perfectly and looks premium,Positive,63621.29,Yes,2025-04-14
3454,Webcam,Computer Accessories,4,Great product with impressive features,Positive,5554.54,No,2025-11-07
3455,Smart TV,Home Entertainment,4,Great product with impressive features,Positive,39092.01,Yes,2025-04-03
3456,Smartwatch,Wearable,4,Excellent product with great performance,Positive,14166.55,Yes,2025-12-15
3457,Mouse,Accessories,1,Battery life is very poor,Negative,8266.41,Yes,2025-12-14
3458,Printer,Office Electronics,1,Very disappointed with the purchase,Negative,17938.5,Yes,2025-09-06
3459,Camera,Camera,4,Really happy with the purchase,Positive,229230.01,Yes,2025-12-25
3460,USB Flash Drive,Storage,4,"Amazing product, highly recommended",Positive,1452.58,Yes,2025-05-29
3461,Smart TV,Home Entertainment,4,Very good product and worth the price,Positive,106013.32,Yes,2025-12-16
3462,Tablet,Computing,2,Not worth the price,Negative,25081.29,No,2025-07-18
3463,Camera,Camera,4,Amazing quality and works perfectly,Positive,28846.3,No,2025-01-30
3464,Power Bank,Power,5,"Amazing product, highly recommended",Positive,5303.89,No,2025-10-31
3465,Earbuds,Audio,4,Very good product and worth the price,Positive,8775.26,Yes,2025-12-13
3466,Gaming Console,Gaming,5,Excellent build quality and smooth performance,Positive,43979.13,Yes,2025-11-20
3467,Tablet,Computing,4,Works perfectly and looks premium,Positive,46697.69,Yes,2025-06-02
3468,Mouse,Accessories,2,Product stopped working after a few days,Negative,7844.27,No,2025-02-07
3469,Keyboard,Accessories,2,Product stopped working after a few days,Negative,6296.25,Yes,2025-08-02
3470,Monitor,Computing,2,Performance is slow and unreliable,Negative,12394.1,Yes,2025-11-13
3471,Camera,Camera,1,Product has several issues,Negative,87719.56,Yes,2025-11-03
3472,Webcam,Computer Accessories,5,Excellent product with great performance,Positive,11946.46,Yes,2025-08-14
3473,Webcam,Computer Accessories,1,Frequent problems while using the product,Negative,19876.25,Yes,2025-10-15
3474,Router,Networking,4,Excellent product with great performance,Positive,3719.79,Yes,2025-01-12
3475,Bluetooth Speaker,Audio,3,Product is okay for the price,Neutral,10244.79,Yes,2025-08-16
3476,Smart TV,Home Entertainment,5,Works perfectly and looks premium,Positive,104834.76,Yes,2025-02-09
3477,Smart TV,Home Entertainment,4,Great product with impressive features,Positive,189759.07,Yes,2025-10-01
3478,USB Flash Drive,Storage,3,Nothing special but it works fine,Neutral,809.58,Yes,2025-01-17
3479,Printer,Office Electronics,1,Very bad experience with this product,Negative,40721.99,No,2025-08-06
3480,USB Flash Drive,Storage,2,Product stopped working after a few days,Negative,3697.89,No,2025-12-13
3481,External SSD,Storage,2,Very bad experience with this product,Negative,11273.82,Yes,2025-02-10
3482,Router,Networking,2,Build quality is poor,Negative,15701.32,No,2025-06-05
3483,Camera,Camera,2,Performance is slow and unreliable,Negative,154346.62,Yes,2025-01-15
3484,Camera,Camera,4,Really happy with the purchase,Positive,63556.05,Yes,2025-09-19
3485,Monitor,Computing,2,Poor quality and disappointing performance,Negative,27144.74,Yes,2025-12-04
3486,Printer,Office Electronics,2,Poor quality and disappointing performance,Negative,19775.31,Yes,2025-01-01
3487,Camera,Camera,3,It is okay but could be improved,Neutral,97681.62,Yes,2025-07-19
3488,Camera,Camera,5,"Amazing product, highly recommended",Positive,192932.21,Yes,2025-10-17
3489,Router,Networking,4,Excellent build quality and smooth performance,Positive,13545.6,No,2025-01-10
3490,Laptop,Computing,5,Really happy with the purchase,Positive,152978.27,Yes,2025-06-25
3491,Webcam,Computer Accessories,4,Fast performance and reliable,Positive,10705.12,Yes,2025-02-17
3492,Charger,Power,2,Battery life is very poor,Negative,1947.5,Yes,2025-12-04
3493,Webcam,Computer Accessories,4,Good quality and easy to use,Positive,2287.27,No,2025-07-05
3494,Tablet,Computing,2,Build quality is poor,Negative,81495.32,Yes,2025-07-10
3495,Headphones,Audio,3,Product is okay for the price,Neutral,2705.69,Yes,2025-12-30
3496,Webcam,Computer Accessories,3,Performance is acceptable,Neutral,6727.83,Yes,2025-10-15
3497,Gaming Console,Gaming,4,"Amazing product, highly recommended",Positive,61788.6,Yes,2025-04-25
3498,Camera,Camera,4,Good quality and easy to use,Positive,196938.32,Yes,2025-08-18
3499,Keyboard,Accessories,3,Average experience with this product,Neutral,1493.44,Yes,2025-04-19
3500,Charger,Power,5,Amazing quality and works perfectly,Positive,3155.8,No,2025-07-09
3501,Power Bank,Power,4,Good quality and easy to use,Positive,1787.4,Yes,2025-10-24
3502,Smartwatch,Wearable,3,"Average product, works as expected",Neutral,38226.14,No,2025-12-13
3503,Charger,Power,5,Really happy with the purchase,Positive,3730.31,Yes,2025-12-14
3504,Power Bank,Power,5,Fast performance and reliable,Positive,6186.01,No,2025-06-30
3505,Bluetooth Speaker,Audio,4,Excellent build quality and smooth performance,Positive,2661.72,Yes,2025-11-23
3506,Bluetooth Speaker,Audio,4,Really happy with the purchase,Positive,17135.22,Yes,2025-11-22
3507,External SSD,Storage,2,Product has several issues,Negative,9502.94,No,2025-07-19
3508,Gaming Console,Gaming,4,Good quality and easy to use,Positive,52269.44,Yes,2025-01-14
3509,Mouse,Accessories,2,Very disappointed with the purchase,Negative,9897.29,Yes,2025-02-13
3510,Camera,Camera,3,Product meets basic expectations,Neutral,45356.41,No,2025-08-28
3511,Headphones,Audio,1,Frequent problems while using the product,Negative,18024.53,No,2025-10-31
3512,Mouse,Accessories,5,Excellent build quality and smooth performance,Positive,1900.5,Yes,2025-11-29
3513,Charger,Power,5,Amazing quality and works perfectly,Positive,2697.24,Yes,2025-03-30
3514,Earbuds,Audio,5,Really happy with the purchase,Positive,13262.05,Yes,2025-11-25
3515,Smartwatch,Wearable,5,Great product with impressive features,Positive,23626.95,Yes,2025-10-29
3516,Power Bank,Power,5,"Amazing product, highly recommended",Positive,5405.23,Yes,2025-06-27
3517,Webcam,Computer Accessories,4,Works perfectly and looks premium,Positive,19509.67,Yes,2025-05-17
3518,Mouse,Accessories,4,Fast performance and reliable,Positive,8110.62,Yes,2025-06-22
3519,Webcam,Computer Accessories,5,Fast performance and reliable,Positive,19211.95,No,2025-09-04
3520,Printer,Office Electronics,5,Amazing quality and works perfectly,Positive,13525.38,Yes,2025-10-23
3521,Router,Networking,5,Excellent build quality and smooth performance,Positive,19871.36,Yes,2025-03-04
3522,Printer,Office Electronics,5,Excellent build quality and smooth performance,Positive,18732.37,No,2025-05-03
3523,Keyboard,Accessories,3,It is okay but could be improved,Neutral,995.4,Yes,2025-02-13
3524,External SSD,Storage,2,Battery life is very poor,Negative,14778.37,Yes,2025-12-09
3525,Tablet,Computing,5,Good quality and easy to use,Positive,32157.73,No,2025-05-29
3526,Bluetooth Speaker,Audio,3,Average experience with this product,Neutral,23053.92,No,2025-04-02
3527,Charger,Power,4,Fast performance and reliable,Positive,708.62,Yes,2025-03-16
3528,Smartphone,Mobile,4,Excellent build quality and smooth performance,Positive,69376.36,Yes,2025-01-28
3529,External SSD,Storage,5,Excellent build quality and smooth performance,Positive,10813.71,Yes,2025-06-22
3530,Webcam,Computer Accessories,5,Good quality and easy to use,Positive,4927.93,Yes,2025-10-09
3531,Tablet,Computing,4,Very good product and worth the price,Positive,88807.48,Yes,2025-04-28
3532,Smart TV,Home Entertainment,3,It is okay but could be improved,Neutral,110368.47,Yes,2025-05-28
3533,Laptop,Computing,3,Product meets basic expectations,Neutral,78816.69,Yes,2025-08-21
3534,Tablet,Computing,4,Excellent product with great performance,Positive,77150.61,Yes,2025-05-10
3535,External SSD,Storage,4,Fast performance and reliable,Positive,26036.14,No,2025-09-27
3536,Gaming Console,Gaming,3,Features are satisfactory,Neutral,49314.83,Yes,2025-04-28
3537,Webcam,Computer Accessories,1,Very bad experience with this product,Negative,4460.36,Yes,2025-06-12
3538,Keyboard,Accessories,5,Good quality and easy to use,Positive,14917.9,Yes,2025-12-24
3539,Charger,Power,3,It is okay but could be improved,Neutral,1987.19,Yes,2025-11-02
3540,Tablet,Computing,3,Product is okay for the price,Neutral,28495.39,Yes,2025-07-28
3541,Gaming Console,Gaming,4,Works perfectly and looks premium,Positive,30682.0,No,2025-05-24
3542,Smart TV,Home Entertainment,3,Decent quality but has some limitations,Neutral,37912.98,Yes,2025-12-29
3543,Charger,Power,4,Good quality and easy to use,Positive,4732.3,Yes,2025-06-18
3544,Webcam,Computer Accessories,4,Excellent build quality and smooth performance,Positive,18986.55,Yes,2025-05-06
3545,Monitor,Computing,1,Poor quality and disappointing performance,Negative,43587.04,Yes,2025-08-06
3546,Smart TV,Home Entertainment,4,Works perfectly and looks premium,Positive,143045.03,Yes,2025-06-01
3547,Power Bank,Power,3,Nothing special but it works fine,Neutral,6795.02,Yes,2025-11-21
3548,Tablet,Computing,4,Excellent product with great performance,Positive,60170.91,No,2025-03-19
3549,Monitor,Computing,5,Excellent build quality and smooth performance,Positive,55356.61,Yes,2025-01-19
3550,Mouse,Accessories,2,Poor quality and disappointing performance,Negative,9679.65,Yes,2025-06-07
3551,Laptop,Computing,2,Product has several issues,Negative,55880.44,Yes,2025-12-13
3552,Printer,Office Electronics,5,Good quality and easy to use,Positive,11245.26,Yes,2025-01-23
3553,Headphones,Audio,4,Amazing quality and works perfectly,Positive,22714.44,Yes,2025-10-22
3554,Gaming Console,Gaming,5,Excellent build quality and smooth performance,Positive,63683.06,Yes,2025-01-01
3555,Webcam,Computer Accessories,5,Very good product and worth the price,Positive,4533.09,No,2025-07-23
3556,Keyboard,Accessories,2,Product stopped working after a few days,Negative,4885.01,Yes,2025-06-15
3557,Camera,Camera,3,Decent quality but has some limitations,Neutral,179182.39,No,2025-02-28
3558,Power Bank,Power,4,Fast performance and reliable,Positive,4359.43,Yes,2025-09-30
3559,External SSD,Storage,4,Very good product and worth the price,Positive,27123.83,Yes,2025-03-05
3560,Smartphone,Mobile,3,Product meets basic expectations,Neutral,101761.33,Yes,2025-06-09
3561,Monitor,Computing,3,Good enough for basic use,Neutral,42046.86,No,2025-07-23
3562,Camera,Camera,5,Excellent product with great performance,Positive,175044.5,Yes,2025-07-09
3563,Laptop,Computing,4,"Amazing product, highly recommended",Positive,126519.16,Yes,2025-01-12
3564,Printer,Office Electronics,1,Product stopped working after a few days,Negative,9143.54,Yes,2025-06-12
3565,Camera,Camera,5,Fast performance and reliable,Positive,120758.17,Yes,2025-08-27
3566,Smartphone,Mobile,4,Fast performance and reliable,Positive,57266.7,Yes,2025-07-12
3567,Smartphone,Mobile,3,Nothing special but it works fine,Neutral,108505.13,Yes,2025-09-24
3568,Smartwatch,Wearable,5,Works perfectly and looks premium,Positive,44436.12,Yes,2025-10-11
3569,Gaming Console,Gaming,4,Good quality and easy to use,Positive,28169.95,Yes,2025-03-07
3570,Power Bank,Power,5,Good quality and easy to use,Positive,6885.22,Yes,2025-10-21
3571,Mouse,Accessories,5,Good quality and easy to use,Positive,6233.32,Yes,2025-11-23
3572,Charger,Power,4,Great product with impressive features,Positive,376.26,Yes,2025-11-02
3573,Mouse,Accessories,3,Decent quality but has some limitations,Neutral,4002.03,Yes,2025-11-07
3574,Bluetooth Speaker,Audio,4,"Amazing product, highly recommended",Positive,26732.24,Yes,2025-03-19
3575,Smartphone,Mobile,1,Very disappointed with the purchase,Negative,48122.16,No,2025-08-26
3576,Smartphone,Mobile,5,Amazing quality and works perfectly,Positive,83762.01,Yes,2025-06-17
3577,Gaming Console,Gaming,5,Really happy with the purchase,Positive,56111.49,Yes,2025-12-26
3578,Router,Networking,4,Works perfectly and looks premium,Positive,12207.34,Yes,2025-10-31
3579,Headphones,Audio,5,Excellent product with great performance,Positive,14683.61,Yes,2025-02-28
3580,Headphones,Audio,3,Product meets basic expectations,Neutral,14729.09,Yes,2025-12-10
3581,Keyboard,Accessories,2,Performance is slow and unreliable,Negative,13588.36,No,2025-09-12
3582,Camera,Camera,1,Product has several issues,Negative,118108.64,Yes,2025-07-18
3583,Charger,Power,4,Excellent product with great performance,Positive,1199.64,Yes,2025-06-12
3584,Charger,Power,4,Good quality and easy to use,Positive,2272.73,No,2025-06-29
3585,Smartphone,Mobile,3,Features are satisfactory,Neutral,90086.22,No,2025-10-09
3586,Keyboard,Accessories,3,Features are satisfactory,Neutral,7391.01,Yes,2025-10-07
3587,External SSD,Storage,5,Very good product and worth the price,Positive,22766.61,Yes,2025-07-21
3588,Charger,Power,4,Very good product and worth the price,Positive,1426.98,No,2025-12-28
3589,USB Flash Drive,Storage,5,Works perfectly and looks premium,Positive,3038.98,Yes,2025-03-26
3590,Gaming Console,Gaming,3,Product is okay for the price,Neutral,72537.91,Yes,2025-06-05
3591,Printer,Office Electronics,5,Good quality and easy to use,Positive,28818.48,No,2025-08-07
3592,Charger,Power,2,Poor quality and disappointing performance,Negative,3293.05,Yes,2025-03-02
3593,Charger,Power,4,Very good product and worth the price,Positive,3490.39,Yes,2025-07-02
3594,Charger,Power,4,Works perfectly and looks premium,Positive,3776.49,No,2025-11-01
3595,Earbuds,Audio,4,"Amazing product, highly recommended",Positive,9082.1,Yes,2025-09-04
3596,Keyboard,Accessories,4,Works perfectly and looks premium,Positive,9589.28,Yes,2025-09-17
3597,Smartwatch,Wearable,4,Good quality and easy to use,Positive,21684.17,Yes,2025-03-01
3598,Keyboard,Accessories,3,Nothing special but it works fine,Neutral,6168.9,Yes,2025-02-22
3599,Tablet,Computing,3,Performance is acceptable,Neutral,52768.14,Yes,2025-06-11
3600,Mouse,Accessories,1,Not worth the price,Negative,4255.8,Yes,2025-04-29
3601,Smart TV,Home Entertainment,4,Very good product and worth the price,Positive,19785.69,Yes,2025-01-04
3602,Mouse,Accessories,4,Very good product and worth the price,Positive,7497.35,Yes,2025-07-21
3603,Router,Networking,2,Battery life is very poor,Negative,12102.43,Yes,2025-10-03
3604,Keyboard,Accessories,5,Great product with impressive features,Positive,2494.91,Yes,2025-09-24
3605,Webcam,Computer Accessories,3,Product is okay for the price,Neutral,5964.85,No,2025-02-07
3606,Headphones,Audio,3,Product is okay for the price,Neutral,18525.52,Yes,2025-10-12
3607,USB Flash Drive,Storage,5,"Amazing product, highly recommended",Positive,2734.68,No,2025-05-19
3608,Router,Networking,5,Very good product and worth the price,Positive,14745.01,Yes,2025-02-26
3609,Printer,Office Electronics,3,Average experience with this product,Neutral,27015.44,Yes,2025-06-22
3610,Tablet,Computing,5,Amazing quality and works perfectly,Positive,86017.24,Yes,2025-03-21
3611,Printer,Office Electronics,4,Excellent build quality and smooth performance,Positive,8485.48,Yes,2025-09-03
3612,Webcam,Computer Accessories,5,Excellent product with great performance,Positive,12650.58,Yes,2025-09-29
3613,Earbuds,Audio,2,Poor quality and disappointing performance,Negative,9602.99,Yes,2025-09-22
3614,Camera,Camera,4,Excellent build quality and smooth performance,Positive,94039.63,Yes,2025-02-12
3615,Charger,Power,4,Fast performance and reliable,Positive,4735.12,No,2025-05-08
3616,Smartphone,Mobile,1,Frequent problems while using the product,Negative,104746.44,Yes,2025-07-01
3617,Power Bank,Power,5,Amazing quality and works perfectly,Positive,2122.76,No,2025-12-26
3618,Gaming Console,Gaming,5,Good quality and easy to use,Positive,28159.04,Yes,2025-07-19
3619,Headphones,Audio,5,Good quality and easy to use,Positive,26084.02,Yes,2025-08-27
3620,Monitor,Computing,4,Works perfectly and looks premium,Positive,18527.98,Yes,2025-05-04
3621,Charger,Power,3,"Average product, works as expected",Neutral,4662.78,Yes,2025-04-18
3622,Webcam,Computer Accessories,4,Really happy with the purchase,Positive,6269.08,Yes,2025-10-18
3623,Laptop,Computing,4,Excellent build quality and smooth performance,Positive,91748.08,Yes,2025-11-01
3624,Webcam,Computer Accessories,2,Frequent problems while using the product,Negative,1854.69,Yes,2025-01-21
3625,USB Flash Drive,Storage,5,Really happy with the purchase,Positive,2826.4,Yes,2025-07-16
3626,USB Flash Drive,Storage,5,Very good product and worth the price,Positive,1187.06,Yes,2025-10-11
3627,Smartphone,Mobile,2,Poor quality and disappointing performance,Negative,56280.51,Yes,2025-02-27
3628,Charger,Power,5,Amazing quality and works perfectly,Positive,4621.21,No,2025-08-24
3629,Monitor,Computing,5,Excellent product with great performance,Positive,24690.38,Yes,2025-06-22
3630,Webcam,Computer Accessories,5,Fast performance and reliable,Positive,13063.46,Yes,2025-07-05
3631,Router,Networking,3,Decent quality but has some limitations,Neutral,4837.8,Yes,2025-08-05
3632,Camera,Camera,3,Product meets basic expectations,Neutral,162215.52,Yes,2025-11-15
3633,Smartphone,Mobile,4,Good quality and easy to use,Positive,40385.27,Yes,2025-02-01
3634,Printer,Office Electronics,1,Performance is slow and unreliable,Negative,35670.36,Yes,2025-03-15
3635,Mouse,Accessories,4,Great product with impressive features,Positive,7775.04,Yes,2025-05-06
3636,Smartwatch,Wearable,2,Frequent problems while using the product,Negative,44212.79,Yes,2025-10-20
3637,Printer,Office Electronics,5,Good quality and easy to use,Positive,46336.78,Yes,2025-08-05
3638,Webcam,Computer Accessories,2,Build quality is poor,Negative,5584.74,No,2025-03-10
3639,Mouse,Accessories,4,Really happy with the purchase,Positive,1551.24,Yes,2025-01-09
3640,Gaming Console,Gaming,1,Battery life is very poor,Negative,27668.45,Yes,2025-12-28
3641,Camera,Camera,4,Good quality and easy to use,Positive,187080.52,Yes,2025-02-20
3642,Bluetooth Speaker,Audio,2,Battery life is very poor,Negative,6257.26,Yes,2025-01-12
3643,Router,Networking,5,Very good product and worth the price,Positive,16203.16,Yes,2025-05-29
3644,Smart TV,Home Entertainment,5,Excellent product with great performance,Positive,193491.36,No,2025-07-21
3645,Webcam,Computer Accessories,5,Really happy with the purchase,Positive,3811.33,Yes,2025-04-05
3646,Gaming Console,Gaming,4,Amazing quality and works perfectly,Positive,40583.19,Yes,2025-03-03
3647,Monitor,Computing,2,Very bad experience with this product,Negative,44780.79,No,2025-02-01
3648,Webcam,Computer Accessories,1,Not worth the price,Negative,9180.44,Yes,2025-05-29
3649,Webcam,Computer Accessories,5,Fast performance and reliable,Positive,9092.89,Yes,2025-12-14
3650,Smartphone,Mobile,4,Very good product and worth the price,Positive,32315.83,No,2025-02-24
3651,Bluetooth Speaker,Audio,2,Product has several issues,Negative,26765.08,Yes,2025-07-29
3652,Charger,Power,4,Very good product and worth the price,Positive,3503.47,Yes,2025-03-12
3653,Charger,Power,4,Good quality and easy to use,Positive,1023.18,Yes,2025-09-03
3654,Router,Networking,1,Product has several issues,Negative,1084.34,No,2025-01-23
3655,Power Bank,Power,1,Very bad experience with this product,Negative,6291.32,Yes,2025-03-16
3656,Smartphone,Mobile,3,Performance is acceptable,Neutral,9776.05,Yes,2025-01-03
3657,Smartwatch,Wearable,5,Very good product and worth the price,Positive,44200.21,No,2025-08-25
3658,External SSD,Storage,5,Works perfectly and looks premium,Positive,17294.51,Yes,2025-09-20
3659,Gaming Console,Gaming,2,Not worth the price,Negative,76154.71,No,2025-03-04
3660,Gaming Console,Gaming,5,Really happy with the purchase,Positive,67452.11,Yes,2025-06-15
3661,Keyboard,Accessories,3,It is okay but could be improved,Neutral,13467.98,Yes,2025-04-18
3662,Earbuds,Audio,3,Good enough for basic use,Neutral,18723.53,Yes,2025-01-17
3663,Bluetooth Speaker,Audio,3,Nothing special but it works fine,Neutral,17637.22,Yes,2025-01-14
3664,Gaming Console,Gaming,3,Product meets basic expectations,Neutral,34518.31,Yes,2025-12-09
3665,Power Bank,Power,5,Excellent build quality and smooth performance,Positive,6039.05,Yes,2025-08-25
3666,Tablet,Computing,1,Very bad experience with this product,Negative,63307.67,Yes,2025-08-31
3667,Monitor,Computing,3,Product meets basic expectations,Neutral,39644.72,No,2025-04-18
3668,USB Flash Drive,Storage,4,Amazing quality and works perfectly,Positive,2925.38,No,2025-04-07
3669,Charger,Power,2,Performance is slow and unreliable,Negative,1391.61,Yes,2025-10-18
3670,Printer,Office Electronics,5,Good quality and easy to use,Positive,23199.23,Yes,2025-06-10
3671,Power Bank,Power,3,"Average product, works as expected",Neutral,1694.22,Yes,2025-02-07
3672,Mouse,Accessories,4,Amazing quality and works perfectly,Positive,4274.77,No,2025-06-28
3673,Webcam,Computer Accessories,5,Amazing quality and works perfectly,Positive,9871.72,No,2025-07-10
3674,Power Bank,Power,2,Build quality is poor,Negative,6975.96,No,2025-07-28
3675,Tablet,Computing,4,Excellent product with great performance,Positive,57446.18,Yes,2025-07-15
3676,Keyboard,Accessories,3,Nothing special but it works fine,Neutral,13678.59,Yes,2025-11-09
3677,Camera,Camera,2,Product stopped working after a few days,Negative,242781.52,Yes,2025-03-31
3678,Bluetooth Speaker,Audio,2,Product has several issues,Negative,2230.44,Yes,2025-08-04
3679,Keyboard,Accessories,2,Performance is slow and unreliable,Negative,9158.58,Yes,2025-11-21
3680,Printer,Office Electronics,4,Amazing quality and works perfectly,Positive,18465.52,Yes,2025-12-24
3681,Keyboard,Accessories,4,Very good product and worth the price,Positive,12844.22,Yes,2025-12-19
3682,Bluetooth Speaker,Audio,4,Very good product and worth the price,Positive,15227.08,Yes,2025-09-23
3683,Tablet,Computing,4,Excellent product with great performance,Positive,17027.67,Yes,2025-02-08
3684,Keyboard,Accessories,5,Very good product and worth the price,Positive,3617.6,Yes,2025-12-27
3685,External SSD,Storage,3,Product is okay for the price,Neutral,21194.98,Yes,2025-01-12
3686,Earbuds,Audio,5,Amazing quality and works perfectly,Positive,2450.57,Yes,2025-07-21
3687,Mouse,Accessories,5,Fast performance and reliable,Positive,3977.06,Yes,2025-06-13
3688,Gaming Console,Gaming,5,Excellent build quality and smooth performance,Positive,72939.2,Yes,2025-09-05
3689,Webcam,Computer Accessories,4,"Amazing product, highly recommended",Positive,1554.83,Yes,2025-10-13
3690,USB Flash Drive,Storage,5,Excellent build quality and smooth performance,Positive,3572.14,Yes,2025-09-27
3691,Earbuds,Audio,5,Really happy with the purchase,Positive,17049.36,Yes,2025-03-24
3692,Smartwatch,Wearable,4,Very good product and worth the price,Positive,17055.74,Yes,2025-10-03
3693,Gaming Console,Gaming,3,Features are satisfactory,Neutral,31199.42,Yes,2025-10-04
3694,Earbuds,Audio,5,Excellent product with great performance,Positive,3008.98,Yes,2025-01-09
3695,Monitor,Computing,4,Excellent product with great performance,Positive,77722.88,No,2025-08-21
3696,Tablet,Computing,4,Great product with impressive features,Positive,70922.47,Yes,2025-02-16
3697,External SSD,Storage,4,Great product with impressive features,Positive,13151.76,Yes,2025-07-25
3698,Smartwatch,Wearable,5,Very good product and worth the price,Positive,41926.95,Yes,2025-03-25
3699,Monitor,Computing,4,Fast performance and reliable,Positive,13646.88,Yes,2025-05-11
3700,Keyboard,Accessories,4,Good quality and easy to use,Positive,2340.45,Yes,2025-04-10
3701,Smartphone,Mobile,3,It is okay but could be improved,Neutral,30127.05,Yes,2025-11-11
3702,External SSD,Storage,3,"Average product, works as expected",Neutral,23616.18,Yes,2025-11-27
3703,Camera,Camera,2,Product stopped working after a few days,Negative,117001.53,Yes,2025-10-19
3704,Power Bank,Power,5,Good quality and easy to use,Positive,5426.55,No,2025-09-21
3705,Smartwatch,Wearable,3,Average experience with this product,Neutral,12773.88,No,2025-05-13
3706,Laptop,Computing,4,Excellent build quality and smooth performance,Positive,146594.74,Yes,2025-02-22
3707,Laptop,Computing,2,Product stopped working after a few days,Negative,150249.78,Yes,2025-07-27
3708,Camera,Camera,3,It is okay but could be improved,Neutral,117983.03,Yes,2025-06-05
3709,Router,Networking,2,Product stopped working after a few days,Negative,4976.36,Yes,2025-04-14
3710,External SSD,Storage,5,Amazing quality and works perfectly,Positive,20011.36,Yes,2025-03-30
3711,USB Flash Drive,Storage,3,Good enough for basic use,Neutral,1503.84,Yes,2025-02-28
3712,Monitor,Computing,2,Not worth the price,Negative,16973.7,No,2025-10-30
3713,Smartphone,Mobile,2,Build quality is poor,Negative,76969.33,Yes,2025-04-28
3714,Headphones,Audio,2,Very disappointed with the purchase,Negative,15630.81,No,2025-12-01
3715,External SSD,Storage,1,Not worth the price,Negative,24153.34,No,2025-09-02
3716,External SSD,Storage,5,Great product with impressive features,Positive,10892.36,Yes,2025-03-01
3717,Power Bank,Power,3,"Average product, works as expected",Neutral,2422.18,Yes,2025-01-23
3718,Smartphone,Mobile,5,Amazing quality and works perfectly,Positive,79738.56,Yes,2025-06-02
3719,External SSD,Storage,4,Very good product and worth the price,Positive,21928.62,Yes,2025-01-30
3720,USB Flash Drive,Storage,5,"Amazing product, highly recommended",Positive,2242.81,No,2025-12-14
3721,Headphones,Audio,4,Great product with impressive features,Positive,13549.61,No,2025-11-28
3722,USB Flash Drive,Storage,3,Performance is acceptable,Neutral,880.66,Yes,2025-08-28
3723,Camera,Camera,5,Fast performance and reliable,Positive,130619.3,Yes,2025-04-17
3724,Printer,Office Electronics,5,Fast performance and reliable,Positive,48259.76,No,2025-11-13
3725,Camera,Camera,4,Excellent product with great performance,Positive,50582.01,Yes,2025-08-25
3726,Laptop,Computing,4,Very good product and worth the price,Positive,115195.19,Yes,2025-05-11
3727,Camera,Camera,4,Really happy with the purchase,Positive,29137.95,Yes,2025-11-18
3728,Tablet,Computing,5,Really happy with the purchase,Positive,39283.66,Yes,2025-03-18
3729,Earbuds,Audio,4,Great product with impressive features,Positive,19148.04,Yes,2025-07-27
3730,Printer,Office Electronics,4,Excellent product with great performance,Positive,30522.26,Yes,2025-09-10
3731,Smart TV,Home Entertainment,4,Good quality and easy to use,Positive,30009.48,Yes,2025-11-28
3732,Mouse,Accessories,4,Works perfectly and looks premium,Positive,4682.76,Yes,2025-02-20
3733,Earbuds,Audio,4,Great product with impressive features,Positive,2437.36,Yes,2025-04-15
3734,Monitor,Computing,4,Really happy with the purchase,Positive,33641.18,Yes,2025-11-03
3735,Headphones,Audio,1,Product stopped working after a few days,Negative,23184.15,Yes,2025-07-02
3736,Charger,Power,5,"Amazing product, highly recommended",Positive,1513.77,No,2025-10-03
3737,Keyboard,Accessories,4,Really happy with the purchase,Positive,7074.15,Yes,2025-10-10
3738,Laptop,Computing,1,Build quality is poor,Negative,105050.88,Yes,2025-04-22
3739,Camera,Camera,4,Great product with impressive features,Positive,216987.06,Yes,2025-05-01
3740,Camera,Camera,5,Really happy with the purchase,Positive,52338.26,No,2025-07-02
3741,Gaming Console,Gaming,1,Performance is slow and unreliable,Negative,55273.02,Yes,2025-01-11
3742,Webcam,Computer Accessories,3,Features are satisfactory,Neutral,1585.01,Yes,2025-10-19
3743,Router,Networking,4,Really happy with the purchase,Positive,2773.4,No,2025-02-12
3744,Gaming Console,Gaming,3,Good enough for basic use,Neutral,37139.76,Yes,2025-12-08
3745,Headphones,Audio,4,Excellent product with great performance,Positive,21731.57,Yes,2025-10-12
3746,Mouse,Accessories,4,"Amazing product, highly recommended",Positive,698.76,Yes,2025-05-09
3747,Keyboard,Accessories,1,Not worth the price,Negative,14203.5,Yes,2025-01-27
3748,Smart TV,Home Entertainment,3,Nothing special but it works fine,Neutral,94118.55,Yes,2025-10-16
3749,Mouse,Accessories,4,Amazing quality and works perfectly,Positive,8434.92,No,2025-06-13
3750,Gaming Console,Gaming,1,Not worth the price,Negative,37203.17,No,2025-03-12
3751,Power Bank,Power,4,Excellent build quality and smooth performance,Positive,3232.24,Yes,2025-06-06
3752,Laptop,Computing,5,Fast performance and reliable,Positive,139052.37,No,2025-11-26
3753,Webcam,Computer Accessories,1,Not worth the price,Negative,8204.75,No,2025-09-09
3754,Gaming Console,Gaming,4,Excellent build quality and smooth performance,Positive,52911.83,Yes,2025-09-08
3755,Headphones,Audio,2,Product has several issues,Negative,24372.94,Yes,2025-07-07
3756,Laptop,Computing,1,Performance is slow and unreliable,Negative,127664.27,Yes,2025-02-25
3757,Webcam,Computer Accessories,2,Performance is slow and unreliable,Negative,16881.64,Yes,2025-12-13
3758,Bluetooth Speaker,Audio,3,Good enough for basic use,Neutral,3325.4,No,2025-09-28
3759,Smartphone,Mobile,5,Really happy with the purchase,Positive,76103.88,Yes,2025-07-08
3760,Camera,Camera,4,Excellent product with great performance,Positive,160270.97,Yes,2025-09-22
3761,Smartphone,Mobile,4,Amazing quality and works perfectly,Positive,75995.04,Yes,2025-05-13
3762,Headphones,Audio,5,Fast performance and reliable,Positive,17869.9,Yes,2025-09-28
3763,Printer,Office Electronics,3,Decent quality but has some limitations,Neutral,37572.71,Yes,2025-12-20
3764,Smartphone,Mobile,3,Good enough for basic use,Neutral,102532.07,Yes,2025-05-06
3765,External SSD,Storage,4,"Amazing product, highly recommended",Positive,9199.14,Yes,2025-01-04
3766,Camera,Camera,4,Excellent product with great performance,Positive,48526.86,Yes,2025-09-28
3767,Bluetooth Speaker,Audio,2,Product has several issues,Negative,2960.08,Yes,2025-11-08
3768,Earbuds,Audio,4,"Amazing product, highly recommended",Positive,4381.48,Yes,2025-10-29
3769,Mouse,Accessories,4,Amazing quality and works perfectly,Positive,6662.74,No,2025-12-22
3770,Power Bank,Power,3,Performance is acceptable,Neutral,3798.79,Yes,2025-05-07
3771,Printer,Office Electronics,3,Features are satisfactory,Neutral,20727.03,Yes,2025-12-02
3772,Earbuds,Audio,5,Works perfectly and looks premium,Positive,22793.8,No,2025-03-17
3773,Charger,Power,2,Frequent problems while using the product,Negative,4530.83,Yes,2025-08-03
3774,Gaming Console,Gaming,4,Fast performance and reliable,Positive,54639.04,Yes,2025-11-21
3775,Smartphone,Mobile,1,Product stopped working after a few days,Negative,59352.05,Yes,2025-12-01
3776,Printer,Office Electronics,2,Build quality is poor,Negative,17169.83,No,2025-08-15
3777,Smart TV,Home Entertainment,3,It is okay but could be improved,Neutral,100081.88,Yes,2025-07-19
3778,Laptop,Computing,3,Good enough for basic use,Neutral,91637.87,No,2025-06-18
3779,Earbuds,Audio,5,Excellent build quality and smooth performance,Positive,670.32,No,2025-11-13
3780,External SSD,Storage,5,Good quality and easy to use,Positive,23481.57,No,2025-11-18
3781,USB Flash Drive,Storage,4,Great product with impressive features,Positive,2361.29,Yes,2025-03-29
3782,Smartwatch,Wearable,3,Product meets basic expectations,Neutral,12308.19,Yes,2025-02-19
3783,Webcam,Computer Accessories,4,Very good product and worth the price,Positive,13658.97,No,2025-10-25
3784,Bluetooth Speaker,Audio,5,Great product with impressive features,Positive,13871.92,Yes,2025-10-23
3785,Earbuds,Audio,2,Product has several issues,Negative,8186.39,Yes,2025-02-06
3786,Monitor,Computing,5,Great product with impressive features,Positive,23080.0,Yes,2025-06-29
3787,Gaming Console,Gaming,3,Product meets basic expectations,Neutral,28252.79,Yes,2025-07-04
3788,Headphones,Audio,3,Product meets basic expectations,Neutral,15339.15,Yes,2025-01-16
3789,Power Bank,Power,2,Frequent problems while using the product,Negative,3503.2,No,2025-08-31
3790,Laptop,Computing,4,Great product with impressive features,Positive,36049.38,Yes,2025-12-22
3791,Tablet,Computing,1,Frequent problems while using the product,Negative,83116.6,Yes,2025-03-19
3792,External SSD,Storage,2,Poor quality and disappointing performance,Negative,24823.68,Yes,2025-10-11
3793,Monitor,Computing,5,Amazing quality and works perfectly,Positive,42261.89,Yes,2025-01-30
3794,External SSD,Storage,4,"Amazing product, highly recommended",Positive,25650.31,Yes,2025-03-20
3795,Router,Networking,2,Product stopped working after a few days,Negative,10139.11,Yes,2025-07-26
3796,Smart TV,Home Entertainment,5,Great product with impressive features,Positive,46247.01,Yes,2025-12-04
3797,Tablet,Computing,5,Excellent product with great performance,Positive,56583.84,No,2025-11-20
3798,Webcam,Computer Accessories,2,Product stopped working after a few days,Negative,6938.77,No,2025-12-08
3799,Printer,Office Electronics,5,Good quality and easy to use,Positive,25356.41,Yes,2025-12-27
3800,Keyboard,Accessories,1,Very disappointed with the purchase,Negative,14574.71,Yes,2025-10-20
3801,Tablet,Computing,5,Excellent product with great performance,Positive,41997.78,Yes,2025-05-13
3802,Tablet,Computing,1,Poor quality and disappointing performance,Negative,29430.09,Yes,2025-02-16
3803,Power Bank,Power,5,Good quality and easy to use,Positive,1725.57,Yes,2025-10-28
3804,Smartphone,Mobile,4,Great product with impressive features,Positive,106999.9,No,2025-03-10
3805,Laptop,Computing,5,Really happy with the purchase,Positive,32240.76,Yes,2025-07-10
3806,Power Bank,Power,1,Very disappointed with the purchase,Negative,7333.67,No,2025-10-03
3807,Charger,Power,4,Great product with impressive features,Positive,590.33,Yes,2025-01-13
3808,Printer,Office Electronics,4,Fast performance and reliable,Positive,38869.67,No,2025-11-30
3809,Smart TV,Home Entertainment,5,Works perfectly and looks premium,Positive,69325.43,Yes,2025-04-21
3810,Earbuds,Audio,2,Not worth the price,Negative,6622.73,No,2025-03-20
3811,Bluetooth Speaker,Audio,2,Build quality is poor,Negative,6054.11,Yes,2025-05-16
3812,Smartwatch,Wearable,5,"Amazing product, highly recommended",Positive,8023.99,Yes,2025-06-18
3813,Headphones,Audio,2,Product has several issues,Negative,2453.92,Yes,2025-06-15
3814,Keyboard,Accessories,5,Amazing quality and works perfectly,Positive,2748.15,Yes,2025-02-26
3815,Smart TV,Home Entertainment,1,Very bad experience with this product,Negative,123868.3,No,2025-03-11
3816,Printer,Office Electronics,5,Excellent product with great performance,Positive,30635.54,No,2025-06-24
3817,Webcam,Computer Accessories,5,Fast performance and reliable,Positive,6340.42,Yes,2025-03-24
3818,Mouse,Accessories,4,"Amazing product, highly recommended",Positive,6894.85,Yes,2025-08-23
3819,Gaming Console,Gaming,3,Nothing special but it works fine,Neutral,67329.6,No,2025-11-25
3820,Router,Networking,3,It is okay but could be improved,Neutral,19623.32,Yes,2025-01-07
3821,Headphones,Audio,3,Average experience with this product,Neutral,13473.19,Yes,2025-01-14
3822,Mouse,Accessories,4,"Amazing product, highly recommended",Positive,3933.51,Yes,2025-08-23
3823,Charger,Power,5,Fast performance and reliable,Positive,4873.92,No,2025-01-11
3824,Monitor,Computing,5,Amazing quality and works perfectly,Positive,75719.29,Yes,2025-08-22
3825,Mouse,Accessories,4,Works perfectly and looks premium,Positive,9291.39,Yes,2025-06-28
3826,Keyboard,Accessories,5,Good quality and easy to use,Positive,9327.39,Yes,2025-06-16
3827,Laptop,Computing,4,Very good product and worth the price,Positive,122659.77,Yes,2025-08-10
3828,External SSD,Storage,4,Fast performance and reliable,Positive,28055.47,Yes,2025-11-23
3829,Webcam,Computer Accessories,5,Excellent build quality and smooth performance,Positive,10116.56,No,2025-02-16
3830,External SSD,Storage,4,"Amazing product, highly recommended",Positive,8763.83,Yes,2025-02-19
3831,Webcam,Computer Accessories,1,Poor quality and disappointing performance,Negative,19719.92,No,2025-09-12
3832,Keyboard,Accessories,5,Amazing quality and works perfectly,Positive,12710.01,Yes,2025-01-19
3833,Laptop,Computing,5,Excellent product with great performance,Positive,38408.07,Yes,2025-06-06
3834,Earbuds,Audio,1,Product has several issues,Negative,3255.39,Yes,2025-06-30
3835,Printer,Office Electronics,4,Very good product and worth the price,Positive,44695.29,No,2025-05-23
3836,Tablet,Computing,5,Fast performance and reliable,Positive,37097.8,Yes,2025-07-14
3837,Power Bank,Power,2,Very bad experience with this product,Negative,5813.98,Yes,2025-02-11
3838,Smartphone,Mobile,2,Not worth the price,Negative,21196.05,Yes,2025-04-08
3839,Bluetooth Speaker,Audio,4,Really happy with the purchase,Positive,5779.58,Yes,2025-01-02
3840,Tablet,Computing,1,Product stopped working after a few days,Negative,77263.0,No,2025-12-17
3841,Tablet,Computing,2,Product stopped working after a few days,Negative,98136.25,Yes,2025-10-31
3842,Smartwatch,Wearable,5,Works perfectly and looks premium,Positive,25856.64,Yes,2025-04-03
3843,Power Bank,Power,5,"Amazing product, highly recommended",Positive,1109.0,Yes,2025-01-14
3844,Gaming Console,Gaming,4,Really happy with the purchase,Positive,37887.44,Yes,2025-04-09
3845,Earbuds,Audio,3,Product meets basic expectations,Neutral,5711.17,No,2025-12-15
3846,USB Flash Drive,Storage,3,Good enough for basic use,Neutral,4695.78,Yes,2025-10-24
3847,Monitor,Computing,5,"Amazing product, highly recommended",Positive,37017.1,No,2025-08-29
3848,Router,Networking,5,"Amazing product, highly recommended",Positive,19005.78,Yes,2025-12-03
3849,Power Bank,Power,3,It is okay but could be improved,Neutral,6989.01,Yes,2025-03-06
3850,Router,Networking,3,Average experience with this product,Neutral,9565.32,Yes,2025-07-15
3851,Smart TV,Home Entertainment,1,Not worth the price,Negative,19599.11,Yes,2025-10-17
3852,Smart TV,Home Entertainment,4,Fast performance and reliable,Positive,194995.85,Yes,2025-01-07
3853,Charger,Power,5,"Amazing product, highly recommended",Positive,347.34,Yes,2025-06-08
3854,Smart TV,Home Entertainment,5,Excellent product with great performance,Positive,173383.99,Yes,2025-05-10
3855,Router,Networking,5,Amazing quality and works perfectly,Positive,8851.4,Yes,2025-03-06
3856,Earbuds,Audio,5,Really happy with the purchase,Positive,7882.07,Yes,2025-03-23
3857,Webcam,Computer Accessories,3,"Average product, works as expected",Neutral,8757.71,Yes,2025-12-20
3858,Tablet,Computing,5,Fast performance and reliable,Positive,42121.85,Yes,2025-07-06
3859,Mouse,Accessories,5,Fast performance and reliable,Positive,6984.46,Yes,2025-01-30
3860,Smartwatch,Wearable,4,"Amazing product, highly recommended",Positive,29277.07,Yes,2025-09-07
3861,External SSD,Storage,5,Amazing quality and works perfectly,Positive,9936.43,No,2025-08-04
3862,Printer,Office Electronics,2,Not worth the price,Negative,28737.55,Yes,2025-05-24
3863,USB Flash Drive,Storage,2,Very disappointed with the purchase,Negative,2203.27,Yes,2025-05-25
3864,Tablet,Computing,4,Fast performance and reliable,Positive,92858.16,Yes,2025-07-16
3865,Earbuds,Audio,4,Good quality and easy to use,Positive,22363.26,Yes,2025-12-06
3866,Bluetooth Speaker,Audio,4,Works perfectly and looks premium,Positive,18826.5,Yes,2025-10-05
3867,Tablet,Computing,4,"Amazing product, highly recommended",Positive,96883.1,Yes,2025-05-27
3868,Power Bank,Power,4,Really happy with the purchase,Positive,3500.91,Yes,2025-03-31
3869,Smartphone,Mobile,5,Fast performance and reliable,Positive,17852.67,Yes,2025-02-09
3870,Camera,Camera,4,Great product with impressive features,Positive,35721.77,Yes,2025-03-13
3871,Charger,Power,5,"Amazing product, highly recommended",Positive,4217.19,No,2025-02-20
3872,Charger,Power,5,Fast performance and reliable,Positive,2102.41,Yes,2025-10-22
3873,Webcam,Computer Accessories,1,Very bad experience with this product,Negative,17345.2,Yes,2025-07-30
3874,External SSD,Storage,4,Fast performance and reliable,Positive,15385.85,Yes,2025-01-14
3875,Earbuds,Audio,1,Not worth the price,Negative,773.75,Yes,2025-12-05
3876,Charger,Power,5,Good quality and easy to use,Positive,2784.65,Yes,2025-02-24
3877,USB Flash Drive,Storage,4,Good quality and easy to use,Positive,3094.37,Yes,2025-08-24
3878,Printer,Office Electronics,3,Features are satisfactory,Neutral,25317.9,No,2025-01-05
3879,Camera,Camera,3,Performance is acceptable,Neutral,213557.71,Yes,2025-08-03
3880,Laptop,Computing,4,Excellent build quality and smooth performance,Positive,126601.22,Yes,2025-07-22
3881,Keyboard,Accessories,4,Excellent build quality and smooth performance,Positive,5788.72,Yes,2025-11-28
3882,Printer,Office Electronics,5,"Amazing product, highly recommended",Positive,37355.11,No,2025-08-08
3883,Laptop,Computing,2,Performance is slow and unreliable,Negative,77942.02,Yes,2025-06-28
3884,Charger,Power,2,Very bad experience with this product,Negative,4241.17,Yes,2025-07-13
3885,Power Bank,Power,4,Fast performance and reliable,Positive,2816.75,No,2025-08-20
3886,Headphones,Audio,4,Very good product and worth the price,Positive,20165.03,No,2025-06-01
3887,Bluetooth Speaker,Audio,5,Excellent build quality and smooth performance,Positive,12920.69,Yes,2025-09-18
3888,Smart TV,Home Entertainment,3,Good enough for basic use,Neutral,33718.91,Yes,2025-07-13
3889,Charger,Power,3,Performance is acceptable,Neutral,3259.61,Yes,2025-12-20
3890,Webcam,Computer Accessories,4,Good quality and easy to use,Positive,8278.02,Yes,2025-03-12
3891,Mouse,Accessories,2,Product has several issues,Negative,6452.35,Yes,2025-09-24
3892,USB Flash Drive,Storage,4,"Amazing product, highly recommended",Positive,2837.55,Yes,2025-10-29
3893,Camera,Camera,4,Excellent product with great performance,Positive,34358.9,No,2025-09-20
3894,Webcam,Computer Accessories,3,Product is okay for the price,Neutral,4894.59,Yes,2025-12-24
3895,Bluetooth Speaker,Audio,3,Good enough for basic use,Neutral,21252.3,Yes,2025-06-08
3896,Monitor,Computing,4,Very good product and worth the price,Positive,40606.53,No,2025-07-17
3897,Smartphone,Mobile,4,Amazing quality and works perfectly,Positive,60244.57,Yes,2025-02-26
3898,Headphones,Audio,5,"Amazing product, highly recommended",Positive,570.76,No,2025-05-17
3899,Tablet,Computing,3,Features are satisfactory,Neutral,37251.84,Yes,2025-02-28
3900,Smartwatch,Wearable,5,Amazing quality and works perfectly,Positive,33969.1,Yes,2025-10-17
3901,Bluetooth Speaker,Audio,5,"Amazing product, highly recommended",Positive,26700.05,Yes,2025-10-13
3902,Printer,Office Electronics,1,Very disappointed with the purchase,Negative,30830.32,Yes,2025-03-12
3903,Monitor,Computing,3,Nothing special but it works fine,Neutral,46007.75,Yes,2025-10-21
3904,USB Flash Drive,Storage,5,Excellent product with great performance,Positive,2510.48,Yes,2025-04-28
3905,USB Flash Drive,Storage,4,Good quality and easy to use,Positive,3488.86,Yes,2025-09-24
3906,Smart TV,Home Entertainment,4,Great product with impressive features,Positive,162654.26,Yes,2025-12-10
3907,Power Bank,Power,3,Nothing special but it works fine,Neutral,2388.92,Yes,2025-10-30
3908,USB Flash Drive,Storage,1,Not worth the price,Negative,3655.69,Yes,2025-03-09
3909,Keyboard,Accessories,4,Good quality and easy to use,Positive,4035.89,Yes,2025-03-07
3910,Camera,Camera,4,Fast performance and reliable,Positive,32153.27,Yes,2025-02-10
3911,USB Flash Drive,Storage,3,Performance is acceptable,Neutral,651.0,Yes,2025-11-04
3912,Tablet,Computing,5,"Amazing product, highly recommended",Positive,14188.74,Yes,2025-07-19
3913,Laptop,Computing,2,Product stopped working after a few days,Negative,72026.03,No,2025-02-26
3914,Smartwatch,Wearable,4,Amazing quality and works perfectly,Positive,7667.91,No,2025-08-03
3915,Router,Networking,3,Average experience with this product,Neutral,2618.88,Yes,2025-07-13
3916,Mouse,Accessories,2,Battery life is very poor,Negative,1731.6,Yes,2025-08-06
3917,Earbuds,Audio,2,Battery life is very poor,Negative,1435.86,Yes,2025-08-20
3918,External SSD,Storage,4,Really happy with the purchase,Positive,12275.89,Yes,2025-03-02
3919,Smartphone,Mobile,2,Poor quality and disappointing performance,Negative,100155.39,Yes,2025-05-22
3920,Smartwatch,Wearable,3,Features are satisfactory,Neutral,28358.26,Yes,2025-09-21
3921,Mouse,Accessories,3,Decent quality but has some limitations,Neutral,930.18,Yes,2025-11-28
3922,Webcam,Computer Accessories,5,Very good product and worth the price,Positive,8123.54,Yes,2025-03-30
3923,Router,Networking,5,Excellent build quality and smooth performance,Positive,9166.86,No,2025-07-28
3924,Gaming Console,Gaming,1,Performance is slow and unreliable,Negative,34482.63,Yes,2025-12-13
3925,Router,Networking,3,Nothing special but it works fine,Neutral,8087.23,No,2025-08-08
3926,Bluetooth Speaker,Audio,5,Amazing quality and works perfectly,Positive,10633.25,Yes,2025-03-25
3927,Keyboard,Accessories,2,Battery life is very poor,Negative,7660.22,No,2025-08-02
3928,Printer,Office Electronics,4,Works perfectly and looks premium,Positive,36378.15,Yes,2025-01-07
3929,Router,Networking,4,Great product with impressive features,Positive,10097.9,Yes,2025-06-28
3930,Charger,Power,1,Very disappointed with the purchase,Negative,647.58,Yes,2025-07-27
3931,Laptop,Computing,5,Very good product and worth the price,Positive,38284.31,Yes,2025-01-21
3932,Router,Networking,5,Amazing quality and works perfectly,Positive,17871.23,Yes,2025-03-16
3933,Monitor,Computing,4,Works perfectly and looks premium,Positive,57412.54,Yes,2025-12-27
3934,Monitor,Computing,5,Excellent product with great performance,Positive,54631.27,Yes,2025-08-18
3935,Gaming Console,Gaming,1,Frequent problems while using the product,Negative,75226.07,Yes,2025-06-17
3936,Monitor,Computing,5,Amazing quality and works perfectly,Positive,46071.43,No,2025-03-25
3937,Charger,Power,4,Very good product and worth the price,Positive,646.5,Yes,2025-02-15
3938,Smartphone,Mobile,4,"Amazing product, highly recommended",Positive,88011.09,Yes,2025-06-06
3939,Smartwatch,Wearable,4,Great product with impressive features,Positive,9370.21,Yes,2025-07-19
3940,Power Bank,Power,2,Product stopped working after a few days,Negative,5596.6,No,2025-03-07
3941,Smart TV,Home Entertainment,5,Great product with impressive features,Positive,89130.92,No,2025-10-20
3942,External SSD,Storage,4,Amazing quality and works perfectly,Positive,3762.1,Yes,2025-06-06
3943,Keyboard,Accessories,3,Good enough for basic use,Neutral,1305.18,Yes,2025-01-21
3944,Smart TV,Home Entertainment,4,Very good product and worth the price,Positive,87637.27,Yes,2025-02-19
3945,Earbuds,Audio,5,"Amazing product, highly recommended",Positive,15066.31,Yes,2025-11-11
3946,Printer,Office Electronics,5,Fast performance and reliable,Positive,12690.37,Yes,2025-05-04
3947,Keyboard,Accessories,3,Average experience with this product,Neutral,2047.87,Yes,2025-05-17
3948,Laptop,Computing,1,Performance is slow and unreliable,Negative,86434.56,Yes,2025-03-14
3949,Smartphone,Mobile,5,"Amazing product, highly recommended",Positive,98068.24,Yes,2025-10-22
3950,Smart TV,Home Entertainment,4,Excellent build quality and smooth performance,Positive,160041.02,Yes,2025-10-25
3951,Camera,Camera,2,Build quality is poor,Negative,178931.53,Yes,2025-03-30
3952,Tablet,Computing,5,"Amazing product, highly recommended",Positive,48282.11,Yes,2025-09-24
3953,Smart TV,Home Entertainment,5,Very good product and worth the price,Positive,96758.46,Yes,2025-06-15
3954,Smartphone,Mobile,5,Excellent product with great performance,Positive,33305.71,No,2025-03-02
3955,Bluetooth Speaker,Audio,3,Product meets basic expectations,Neutral,4804.56,Yes,2025-10-18
3956,Router,Networking,3,Performance is acceptable,Neutral,1300.98,Yes,2025-01-31
3957,Laptop,Computing,3,Decent quality but has some limitations,Neutral,159022.51,Yes,2025-11-16
3958,Webcam,Computer Accessories,3,Average experience with this product,Neutral,10427.51,No,2025-01-10
3959,Gaming Console,Gaming,4,Good quality and easy to use,Positive,25167.36,Yes,2025-04-28
3960,Webcam,Computer Accessories,5,Good quality and easy to use,Positive,11054.29,Yes,2025-03-24
3961,USB Flash Drive,Storage,4,Good quality and easy to use,Positive,1514.12,Yes,2025-03-27
3962,USB Flash Drive,Storage,2,Build quality is poor,Negative,2308.6,Yes,2025-06-25
3963,Headphones,Audio,5,"Amazing product, highly recommended",Positive,20336.13,Yes,2025-10-02
3964,Headphones,Audio,3,"Average product, works as expected",Neutral,24387.45,Yes,2025-05-26
3965,Headphones,Audio,1,Build quality is poor,Negative,21164.21,Yes,2025-07-08
3966,Smartwatch,Wearable,3,Good enough for basic use,Neutral,44970.48,Yes,2025-12-21
3967,Gaming Console,Gaming,4,Works perfectly and looks premium,Positive,37911.04,Yes,2025-07-01
3968,Laptop,Computing,4,Excellent build quality and smooth performance,Positive,129207.77,Yes,2025-10-17
3969,Keyboard,Accessories,4,"Amazing product, highly recommended",Positive,13402.55,Yes,2025-05-21
3970,Charger,Power,4,Excellent product with great performance,Positive,1749.95,Yes,2025-01-29
3971,Power Bank,Power,4,"Amazing product, highly recommended",Positive,6556.05,Yes,2025-04-04
3972,Mouse,Accessories,1,Build quality is poor,Negative,9420.09,No,2025-02-28
3973,Headphones,Audio,4,Excellent build quality and smooth performance,Positive,19494.37,Yes,2025-11-28
3974,Tablet,Computing,1,Very bad experience with this product,Negative,24783.81,Yes,2025-01-10
3975,Smart TV,Home Entertainment,2,Product has several issues,Negative,63259.13,Yes,2025-10-28
3976,Mouse,Accessories,3,Nothing special but it works fine,Neutral,6895.81,Yes,2025-02-20
3977,Charger,Power,4,Very good product and worth the price,Positive,4371.02,Yes,2025-02-24
3978,Charger,Power,5,Very good product and worth the price,Positive,411.66,Yes,2025-07-13
3979,Monitor,Computing,3,Performance is acceptable,Neutral,30148.52,Yes,2025-01-30
3980,Router,Networking,5,Good quality and easy to use,Positive,5437.83,Yes,2025-01-29
3981,Monitor,Computing,4,Excellent build quality and smooth performance,Positive,37232.52,Yes,2025-10-11
3982,Keyboard,Accessories,4,Excellent product with great performance,Positive,11642.93,Yes,2025-01-22
3983,USB Flash Drive,Storage,5,Amazing quality and works perfectly,Positive,2663.19,Yes,2025-08-06
3984,Bluetooth Speaker,Audio,3,It is okay but could be improved,Neutral,15934.09,No,2025-02-13
3985,Gaming Console,Gaming,5,Excellent build quality and smooth performance,Positive,58496.43,Yes,2025-02-01
3986,Gaming Console,Gaming,2,Very bad experience with this product,Negative,53362.05,Yes,2025-09-02
3987,Smartphone,Mobile,4,Works perfectly and looks premium,Positive,85085.27,No,2025-05-24
3988,Gaming Console,Gaming,4,Great product with impressive features,Positive,30887.05,No,2025-01-08
3989,USB Flash Drive,Storage,5,Good quality and easy to use,Positive,407.17,Yes,2025-09-06
3990,Earbuds,Audio,4,Excellent build quality and smooth performance,Positive,20756.35,Yes,2025-12-20
3991,Webcam,Computer Accessories,3,Average experience with this product,Neutral,10099.25,Yes,2025-07-24
3992,Smartphone,Mobile,3,"Average product, works as expected",Neutral,41429.06,Yes,2025-05-19
3993,Smartwatch,Wearable,5,Works perfectly and looks premium,Positive,23533.8,Yes,2025-11-04
3994,Webcam,Computer Accessories,2,Performance is slow and unreliable,Negative,13351.74,Yes,2025-05-03
3995,Printer,Office Electronics,4,Good quality and easy to use,Positive,10476.63,Yes,2025-08-12
3996,External SSD,Storage,5,Works perfectly and looks premium,Positive,17137.51,Yes,2025-06-23
3997,Camera,Camera,4,Excellent product with great performance,Positive,49909.33,No,2025-09-23
3998,Headphones,Audio,4,Excellent build quality and smooth performance,Positive,25857.3,Yes,2025-07-09
3999,Mouse,Accessories,5,Excellent product with great performance,Positive,5755.12,Yes,2025-06-25
4000,Charger,Power,5,"Amazing product, highly recommended",Positive,4111.04,Yes,2025-06-03
4001,Laptop,Computing,4,Excellent product with great performance,Positive,138150.81,Yes,2025-04-18
4002,Charger,Power,4,Amazing quality and works perfectly,Positive,4131.7,Yes,2025-06-27
4003,Laptop,Computing,2,Build quality is poor,Negative,81271.11,Yes,2025-01-23
4004,Tablet,Computing,4,Excellent product with great performance,Positive,22551.63,Yes,2025-05-05
4005,Smartwatch,Wearable,4,Works perfectly and looks premium,Positive,44742.83,Yes,2025-01-28
4006,Smartwatch,Wearable,5,"Amazing product, highly recommended",Positive,44405.02,Yes,2025-04-28
4007,Laptop,Computing,5,Excellent build quality and smooth performance,Positive,162490.93,Yes,2025-05-09
4008,Smart TV,Home Entertainment,5,Fast performance and reliable,Positive,198015.27,Yes,2025-01-10
4009,USB Flash Drive,Storage,1,Battery life is very poor,Negative,3101.99,Yes,2025-04-19
4010,Power Bank,Power,2,Not worth the price,Negative,4489.98,Yes,2025-09-03
4011,Monitor,Computing,1,Product has several issues,Negative,65002.49,Yes,2025-12-21
4012,Smartwatch,Wearable,5,Amazing quality and works perfectly,Positive,6841.52,Yes,2025-08-14
4013,Webcam,Computer Accessories,5,Fast performance and reliable,Positive,15877.89,Yes,2025-09-17
4014,External SSD,Storage,5,Works perfectly and looks premium,Positive,24930.1,Yes,2025-09-02
4015,External SSD,Storage,5,Fast performance and reliable,Positive,18584.18,Yes,2025-12-11
4016,Mouse,Accessories,5,Amazing quality and works perfectly,Positive,4062.82,Yes,2025-12-10
4017,Smartphone,Mobile,5,Amazing quality and works perfectly,Positive,81497.43,Yes,2025-02-11
4018,Camera,Camera,2,Very disappointed with the purchase,Negative,230878.98,Yes,2025-06-22
4019,Mouse,Accessories,2,Build quality is poor,Negative,1832.25,Yes,2025-11-28
4020,Earbuds,Audio,2,Product has several issues,Negative,8122.02,Yes,2025-11-18
4021,Bluetooth Speaker,Audio,3,"Average product, works as expected",Neutral,20405.48,No,2025-07-15
4022,Laptop,Computing,2,Performance is slow and unreliable,Negative,154982.56,Yes,2025-06-12
4023,Printer,Office Electronics,1,Product has several issues,Negative,34343.11,No,2025-01-22
4024,Smartwatch,Wearable,5,Works perfectly and looks premium,Positive,30155.86,No,2025-06-24
4025,USB Flash Drive,Storage,5,Amazing quality and works perfectly,Positive,702.98,Yes,2025-07-04
4026,Smart TV,Home Entertainment,3,Decent quality but has some limitations,Neutral,95237.57,Yes,2025-08-20
4027,Smartphone,Mobile,4,Really happy with the purchase,Positive,107699.57,Yes,2025-07-10
4028,Camera,Camera,1,Performance is slow and unreliable,Negative,106369.15,Yes,2025-03-20
4029,Laptop,Computing,5,"Amazing product, highly recommended",Positive,87150.84,No,2025-12-20
4030,USB Flash Drive,Storage,4,Works perfectly and looks premium,Positive,1980.52,No,2025-03-21
4031,Power Bank,Power,4,"Amazing product, highly recommended",Positive,3411.79,Yes,2025-05-20
4032,Smartphone,Mobile,2,Very bad experience with this product,Negative,53332.98,Yes,2025-07-06
4033,External SSD,Storage,3,Nothing special but it works fine,Neutral,23880.83,Yes,2025-04-18
4034,External SSD,Storage,4,Great product with impressive features,Positive,15286.69,Yes,2025-01-26
4035,Webcam,Computer Accessories,4,Excellent product with great performance,Positive,12534.63,No,2025-08-12
4036,Mouse,Accessories,3,Product meets basic expectations,Neutral,4591.48,Yes,2025-03-28
4037,Webcam,Computer Accessories,1,Very bad experience with this product,Negative,17602.85,Yes,2025-11-17
4038,Gaming Console,Gaming,2,Poor quality and disappointing performance,Negative,34831.21,No,2025-10-17
4039,Power Bank,Power,4,Very good product and worth the price,Positive,1684.9,Yes,2025-06-06
4040,Monitor,Computing,5,"Amazing product, highly recommended",Positive,36171.73,Yes,2025-06-19
4041,Earbuds,Audio,4,"Amazing product, highly recommended",Positive,24370.05,Yes,2025-12-13
4042,Camera,Camera,2,Performance is slow and unreliable,Negative,182454.18,Yes,2025-01-10
4043,Router,Networking,4,"Amazing product, highly recommended",Positive,12709.13,Yes,2025-05-19
4044,Smartphone,Mobile,5,Excellent build quality and smooth performance,Positive,51717.47,Yes,2025-01-23
4045,Keyboard,Accessories,4,Fast performance and reliable,Positive,4779.7,Yes,2025-02-20
4046,Smartphone,Mobile,3,Decent quality but has some limitations,Neutral,115136.74,Yes,2025-12-02
4047,Monitor,Computing,2,Very bad experience with this product,Negative,37592.05,Yes,2025-02-07
4048,External SSD,Storage,1,Product has several issues,Negative,22199.29,Yes,2025-12-16
4049,Gaming Console,Gaming,1,Poor quality and disappointing performance,Negative,69574.1,No,2025-10-14
4050,Tablet,Computing,5,Amazing quality and works perfectly,Positive,69177.06,Yes,2025-08-23
4051,Router,Networking,4,Fast performance and reliable,Positive,5419.51,Yes,2025-09-28
4052,Smartphone,Mobile,3,Good enough for basic use,Neutral,40254.17,Yes,2025-03-09
4053,Smartphone,Mobile,1,Battery life is very poor,Negative,10574.08,Yes,2025-02-12
4054,Webcam,Computer Accessories,2,Very disappointed with the purchase,Negative,19418.19,Yes,2025-05-15
4055,Smartphone,Mobile,1,Battery life is very poor,Negative,101481.14,Yes,2025-10-07
4056,Earbuds,Audio,2,Build quality is poor,Negative,10398.28,Yes,2025-04-22
4057,Tablet,Computing,2,Not worth the price,Negative,90317.87,Yes,2025-03-06
4058,Charger,Power,4,"Amazing product, highly recommended",Positive,1022.3,Yes,2025-10-14
4059,Power Bank,Power,3,Product meets basic expectations,Neutral,1102.67,Yes,2025-08-20
4060,USB Flash Drive,Storage,5,Excellent build quality and smooth performance,Positive,935.88,Yes,2025-07-16
4061,Smart TV,Home Entertainment,1,Poor quality and disappointing performance,Negative,178432.58,Yes,2025-05-31
4062,Router,Networking,4,Amazing quality and works perfectly,Positive,4049.32,Yes,2025-10-12
4063,Mouse,Accessories,4,Amazing quality and works perfectly,Positive,960.82,Yes,2025-09-26
4064,Smartphone,Mobile,3,It is okay but could be improved,Neutral,28781.25,Yes,2025-05-12
4065,Webcam,Computer Accessories,1,Poor quality and disappointing performance,Negative,8886.19,Yes,2025-02-17
4066,Charger,Power,4,Great product with impressive features,Positive,2633.23,Yes,2025-11-14
4067,Headphones,Audio,2,Build quality is poor,Negative,7459.56,Yes,2025-02-19
4068,Power Bank,Power,2,Build quality is poor,Negative,6601.16,Yes,2025-06-06
4069,Monitor,Computing,5,Very good product and worth the price,Positive,77028.49,Yes,2025-11-24
4070,Monitor,Computing,4,"Amazing product, highly recommended",Positive,27521.88,Yes,2025-06-02
4071,Mouse,Accessories,5,Very good product and worth the price,Positive,9331.55,Yes,2025-10-31
4072,External SSD,Storage,2,Product has several issues,Negative,25083.83,Yes,2025-06-28
4073,Smartwatch,Wearable,3,It is okay but could be improved,Neutral,44471.98,Yes,2025-09-29
4074,Smart TV,Home Entertainment,2,Not worth the price,Negative,26044.27,Yes,2025-08-05
4075,Laptop,Computing,4,Really happy with the purchase,Positive,155106.29,Yes,2025-04-13
4076,Tablet,Computing,5,Very good product and worth the price,Positive,62733.26,Yes,2025-11-23
4077,Gaming Console,Gaming,4,Excellent product with great performance,Positive,27104.22,Yes,2025-06-20
4078,Tablet,Computing,4,Fast performance and reliable,Positive,77828.54,Yes,2025-06-17
4079,External SSD,Storage,2,Build quality is poor,Negative,9526.31,No,2025-08-29
4080,Router,Networking,1,Very disappointed with the purchase,Negative,16144.44,Yes,2025-12-06
4081,Keyboard,Accessories,1,Build quality is poor,Negative,9576.84,Yes,2025-11-15
4082,Mouse,Accessories,4,Excellent build quality and smooth performance,Positive,5075.62,Yes,2025-05-24
4083,Smart TV,Home Entertainment,3,It is okay but could be improved,Neutral,19325.95,Yes,2025-03-26
4084,External SSD,Storage,3,"Average product, works as expected",Neutral,27021.22,Yes,2025-04-29
4085,Camera,Camera,3,It is okay but could be improved,Neutral,58201.98,Yes,2025-04-06
4086,Tablet,Computing,4,Excellent product with great performance,Positive,84672.54,No,2025-04-18
4087,Charger,Power,2,Battery life is very poor,Negative,3534.36,No,2025-06-07
4088,Smartphone,Mobile,4,Very good product and worth the price,Positive,15792.15,Yes,2025-01-08
4089,Earbuds,Audio,5,Very good product and worth the price,Positive,13784.27,Yes,2025-07-14
4090,Gaming Console,Gaming,3,Decent quality but has some limitations,Neutral,77896.46,Yes,2025-11-06
4091,Keyboard,Accessories,3,Decent quality but has some limitations,Neutral,13880.73,Yes,2025-06-07
4092,Smart TV,Home Entertainment,2,Product has several issues,Negative,42065.2,Yes,2025-01-29
4093,Webcam,Computer Accessories,2,Battery life is very poor,Negative,4290.49,Yes,2025-05-23
4094,Laptop,Computing,2,Performance is slow and unreliable,Negative,53045.12,No,2025-05-03
4095,Printer,Office Electronics,2,Frequent problems while using the product,Negative,39027.85,Yes,2025-08-05
4096,Printer,Office Electronics,4,Excellent product with great performance,Positive,12233.93,Yes,2025-04-02
4097,Tablet,Computing,4,Good quality and easy to use,Positive,15812.33,Yes,2025-04-20
4098,Monitor,Computing,5,Good quality and easy to use,Positive,34884.58,Yes,2025-09-29
4099,Webcam,Computer Accessories,3,Features are satisfactory,Neutral,19370.9,No,2025-03-06
4100,Smartphone,Mobile,5,Works perfectly and looks premium,Positive,42525.11,Yes,2025-12-07
4101,Laptop,Computing,5,Very good product and worth the price,Positive,138635.41,No,2025-04-19
4102,Power Bank,Power,3,Features are satisfactory,Neutral,1836.52,No,2025-10-26
4103,Smart TV,Home Entertainment,3,Product meets basic expectations,Neutral,129911.99,Yes,2025-01-30
4104,Earbuds,Audio,2,Performance is slow and unreliable,Negative,14738.57,Yes,2025-04-27
4105,External SSD,Storage,4,Great product with impressive features,Positive,27412.68,No,2025-05-18
4106,Gaming Console,Gaming,1,Poor quality and disappointing performance,Negative,64410.65,Yes,2025-06-16
4107,Tablet,Computing,5,Amazing quality and works perfectly,Positive,20870.63,Yes,2025-02-03
4108,Earbuds,Audio,4,Good quality and easy to use,Positive,10417.6,Yes,2025-04-01
4109,Camera,Camera,3,Product is okay for the price,Neutral,25125.18,Yes,2025-11-17
4110,Mouse,Accessories,5,Great product with impressive features,Positive,2637.67,Yes,2025-12-04
4111,Headphones,Audio,4,Good quality and easy to use,Positive,29154.12,Yes,2025-06-10
4112,Headphones,Audio,4,Good quality and easy to use,Positive,13944.37,No,2025-02-13
4113,Charger,Power,3,"Average product, works as expected",Neutral,4377.61,Yes,2025-04-11
4114,USB Flash Drive,Storage,5,Good quality and easy to use,Positive,411.53,Yes,2025-12-14
4115,Keyboard,Accessories,4,Great product with impressive features,Positive,13260.84,Yes,2025-12-02
4116,Webcam,Computer Accessories,4,Excellent build quality and smooth performance,Positive,17898.53,No,2025-10-24
4117,Gaming Console,Gaming,4,Very good product and worth the price,Positive,60938.79,Yes,2025-11-11
4118,Keyboard,Accessories,5,Works perfectly and looks premium,Positive,2185.64,Yes,2025-09-17
4119,Router,Networking,3,It is okay but could be improved,Neutral,17644.31,Yes,2025-08-16
4120,Keyboard,Accessories,4,Excellent build quality and smooth performance,Positive,13548.03,Yes,2025-10-10
4121,External SSD,Storage,1,Product has several issues,Negative,8428.26,Yes,2025-08-24
4122,Smart TV,Home Entertainment,5,Great product with impressive features,Positive,188930.28,No,2025-05-04
4123,External SSD,Storage,4,Good quality and easy to use,Positive,26788.12,Yes,2025-08-23
4124,Tablet,Computing,5,Amazing quality and works perfectly,Positive,28438.88,Yes,2025-04-18
4125,Laptop,Computing,5,Amazing quality and works perfectly,Positive,89073.11,No,2025-08-17
4126,USB Flash Drive,Storage,4,Very good product and worth the price,Positive,1882.39,Yes,2025-05-20
4127,USB Flash Drive,Storage,4,Excellent product with great performance,Positive,2641.66,Yes,2025-06-27
4128,Charger,Power,2,Very disappointed with the purchase,Negative,4478.3,Yes,2025-03-08
4129,Headphones,Audio,2,Build quality is poor,Negative,26293.25,Yes,2025-12-16
4130,Printer,Office Electronics,1,Performance is slow and unreliable,Negative,12905.27,Yes,2025-09-30
4131,Keyboard,Accessories,4,Really happy with the purchase,Positive,8491.43,No,2025-02-09
4132,Earbuds,Audio,2,Frequent problems while using the product,Negative,13583.84,Yes,2025-06-23
4133,Monitor,Computing,4,Works perfectly and looks premium,Positive,39329.47,Yes,2025-06-15
4134,Earbuds,Audio,4,Works perfectly and looks premium,Positive,18010.39,Yes,2025-11-20
4135,Earbuds,Audio,4,Excellent build quality and smooth performance,Positive,16326.26,No,2025-10-03
4136,Bluetooth Speaker,Audio,2,Build quality is poor,Negative,8833.14,Yes,2025-11-17
4137,Gaming Console,Gaming,2,Very disappointed with the purchase,Negative,44149.43,Yes,2025-06-20
4138,Smartphone,Mobile,4,Good quality and easy to use,Positive,107497.25,Yes,2025-02-26
4139,Monitor,Computing,3,It is okay but could be improved,Neutral,30107.12,No,2025-09-21
4140,Smartwatch,Wearable,5,Excellent product with great performance,Positive,23038.14,Yes,2025-03-21
4141,Camera,Camera,1,Performance is slow and unreliable,Negative,243901.75,No,2025-08-21
4142,Smart TV,Home Entertainment,4,Fast performance and reliable,Positive,173596.96,Yes,2025-05-30
4143,External SSD,Storage,4,Works perfectly and looks premium,Positive,21872.0,Yes,2025-05-08
4144,Headphones,Audio,2,Product stopped working after a few days,Negative,9468.67,No,2025-02-13
4145,Power Bank,Power,4,Excellent build quality and smooth performance,Positive,5327.0,Yes,2025-10-20
4146,Smartphone,Mobile,2,Not worth the price,Negative,79906.27,Yes,2025-09-09
4147,Keyboard,Accessories,4,Really happy with the purchase,Positive,6467.65,Yes,2025-05-05
4148,Earbuds,Audio,3,Nothing special but it works fine,Neutral,1384.9,Yes,2025-09-27
4149,Power Bank,Power,4,Excellent product with great performance,Positive,3439.01,Yes,2025-12-27
4150,Keyboard,Accessories,4,Amazing quality and works perfectly,Positive,7867.94,Yes,2025-09-21
4151,Gaming Console,Gaming,2,Very disappointed with the purchase,Negative,77257.82,Yes,2025-12-13
4152,Power Bank,Power,3,Nothing special but it works fine,Neutral,6037.97,Yes,2025-06-21
4153,Webcam,Computer Accessories,4,Really happy with the purchase,Positive,3050.61,Yes,2025-05-18
4154,Laptop,Computing,5,Really happy with the purchase,Positive,75213.35,No,2025-11-04
4155,Webcam,Computer Accessories,4,Works perfectly and looks premium,Positive,10911.99,Yes,2025-08-30
4156,External SSD,Storage,3,Product meets basic expectations,Neutral,15180.11,Yes,2025-08-10
4157,Router,Networking,3,"Average product, works as expected",Neutral,1097.33,Yes,2025-08-23
4158,USB Flash Drive,Storage,4,Excellent product with great performance,Positive,4694.97,Yes,2025-12-29
4159,Laptop,Computing,4,Excellent product with great performance,Positive,165605.97,Yes,2025-09-08
4160,Headphones,Audio,4,"Amazing product, highly recommended",Positive,27750.46,Yes,2025-10-25
4161,Smartphone,Mobile,4,Excellent product with great performance,Positive,55998.14,Yes,2025-01-14
4162,External SSD,Storage,1,Battery life is very poor,Negative,25501.14,Yes,2025-09-21
4163,Monitor,Computing,5,Amazing quality and works perfectly,Positive,58431.76,No,2025-04-26
4164,Monitor,Computing,2,Battery life is very poor,Negative,43869.13,No,2025-02-15
4165,Camera,Camera,5,Good quality and easy to use,Positive,42354.74,Yes,2025-04-11
4166,Keyboard,Accessories,4,Works perfectly and looks premium,Positive,2933.85,Yes,2025-10-31
4167,Camera,Camera,3,Product is okay for the price,Neutral,78602.45,Yes,2025-10-26
4168,Webcam,Computer Accessories,3,Product meets basic expectations,Neutral,18022.3,Yes,2025-04-22
4169,Bluetooth Speaker,Audio,4,Excellent build quality and smooth performance,Positive,20228.75,Yes,2025-03-12
4170,Printer,Office Electronics,5,Excellent build quality and smooth performance,Positive,49236.39,Yes,2025-06-02
4171,Power Bank,Power,5,Works perfectly and looks premium,Positive,4878.31,No,2025-05-02
4172,Monitor,Computing,2,Not worth the price,Negative,12268.15,Yes,2025-06-18
4173,Webcam,Computer Accessories,4,Fast performance and reliable,Positive,10077.5,Yes,2025-10-14
4174,Mouse,Accessories,5,Very good product and worth the price,Positive,1384.31,Yes,2025-05-01
4175,Tablet,Computing,2,Not worth the price,Negative,91122.69,Yes,2025-03-05
4176,Earbuds,Audio,5,Excellent product with great performance,Positive,7321.64,Yes,2025-02-09
4177,USB Flash Drive,Storage,4,Excellent build quality and smooth performance,Positive,1227.17,Yes,2025-09-08
4178,Power Bank,Power,1,Very disappointed with the purchase,Negative,4483.75,Yes,2025-03-14
4179,Charger,Power,5,Really happy with the purchase,Positive,4093.31,Yes,2025-03-22
4180,Gaming Console,Gaming,1,Poor quality and disappointing performance,Negative,53069.14,Yes,2025-10-21
4181,Smartwatch,Wearable,4,Excellent product with great performance,Positive,3353.5,Yes,2025-02-03
4182,Laptop,Computing,4,Very good product and worth the price,Positive,141443.33,Yes,2025-08-27
4183,Keyboard,Accessories,1,Poor quality and disappointing performance,Negative,994.03,Yes,2025-01-05
4184,Webcam,Computer Accessories,5,Excellent product with great performance,Positive,12483.19,Yes,2025-12-11
4185,Tablet,Computing,3,Good enough for basic use,Neutral,65524.01,Yes,2025-09-18
4186,Router,Networking,5,Good quality and easy to use,Positive,4961.87,Yes,2025-10-27
4187,Smart TV,Home Entertainment,1,Very bad experience with this product,Negative,97616.44,Yes,2025-09-01
4188,Laptop,Computing,3,Features are satisfactory,Neutral,30928.78,Yes,2025-05-27
4189,Tablet,Computing,4,Really happy with the purchase,Positive,35531.14,Yes,2025-12-30
4190,Printer,Office Electronics,5,Excellent product with great performance,Positive,32870.81,Yes,2025-10-14
4191,Tablet,Computing,4,Fast performance and reliable,Positive,35575.24,No,2025-02-02
4192,Router,Networking,5,Great product with impressive features,Positive,1904.99,No,2025-07-30
4193,External SSD,Storage,3,Performance is acceptable,Neutral,21205.13,Yes,2025-07-18
4194,Bluetooth Speaker,Audio,5,"Amazing product, highly recommended",Positive,22477.94,Yes,2025-04-15
4195,Earbuds,Audio,5,"Amazing product, highly recommended",Positive,21643.16,Yes,2025-06-16
4196,Power Bank,Power,5,Works perfectly and looks premium,Positive,7103.93,Yes,2025-12-22
4197,Power Bank,Power,2,Battery life is very poor,Negative,4373.48,Yes,2025-02-01
4198,Printer,Office Electronics,5,Fast performance and reliable,Positive,23331.16,Yes,2025-12-05
4199,Charger,Power,4,Fast performance and reliable,Positive,3053.57,No,2025-09-13
4200,Smart TV,Home Entertainment,5,Very good product and worth the price,Positive,161643.78,Yes,2025-02-10
4201,Headphones,Audio,3,It is okay but could be improved,Neutral,14522.3,Yes,2025-04-22
4202,Earbuds,Audio,4,Really happy with the purchase,Positive,24881.59,Yes,2025-11-03
4203,Headphones,Audio,2,Very bad experience with this product,Negative,19306.71,Yes,2025-09-14
4204,Gaming Console,Gaming,2,Frequent problems while using the product,Negative,41945.86,Yes,2025-01-29
4205,Smartphone,Mobile,4,Really happy with the purchase,Positive,96895.42,Yes,2025-02-23
4206,Printer,Office Electronics,3,Product meets basic expectations,Neutral,11784.48,Yes,2025-12-06
4207,External SSD,Storage,5,"Amazing product, highly recommended",Positive,28266.25,Yes,2025-02-27
4208,Smart TV,Home Entertainment,5,Amazing quality and works perfectly,Positive,77965.11,Yes,2025-08-16
4209,Smart TV,Home Entertainment,5,"Amazing product, highly recommended",Positive,141733.82,Yes,2025-12-30
4210,Laptop,Computing,4,Amazing quality and works perfectly,Positive,123796.23,No,2025-03-02
4211,Router,Networking,4,Excellent product with great performance,Positive,2821.59,Yes,2025-01-17
4212,Power Bank,Power,5,Great product with impressive features,Positive,5995.66,Yes,2025-10-26
4213,Router,Networking,4,Good quality and easy to use,Positive,6924.55,No,2025-12-13
4214,Printer,Office Electronics,3,Good enough for basic use,Neutral,22153.14,No,2025-07-08
4215,Charger,Power,3,Features are satisfactory,Neutral,753.66,No,2025-03-27
4216,Smartphone,Mobile,2,Very disappointed with the purchase,Negative,98729.45,Yes,2025-01-22
4217,Printer,Office Electronics,4,Excellent build quality and smooth performance,Positive,43712.24,No,2025-11-29
4218,Keyboard,Accessories,5,Amazing quality and works perfectly,Positive,2446.88,Yes,2025-10-19
4219,Mouse,Accessories,4,Very good product and worth the price,Positive,8182.34,Yes,2025-11-24
4220,Charger,Power,3,Nothing special but it works fine,Neutral,4520.6,Yes,2025-10-15
4221,Webcam,Computer Accessories,4,Excellent product with great performance,Positive,2848.59,No,2025-06-08
4222,Power Bank,Power,4,Works perfectly and looks premium,Positive,7981.48,No,2025-06-25
4223,Headphones,Audio,4,"Amazing product, highly recommended",Positive,634.24,Yes,2025-05-20
4224,Router,Networking,3,Features are satisfactory,Neutral,17005.71,Yes,2025-09-24
4225,Camera,Camera,4,Great product with impressive features,Positive,150615.41,Yes,2025-02-06
4226,Laptop,Computing,2,Very bad experience with this product,Negative,173592.54,Yes,2025-01-15
4227,Power Bank,Power,5,Great product with impressive features,Positive,3234.32,Yes,2025-12-17
4228,External SSD,Storage,5,"Amazing product, highly recommended",Positive,12742.89,Yes,2025-04-27
4229,Printer,Office Electronics,5,Excellent build quality and smooth performance,Positive,42817.0,Yes,2025-01-13
4230,Earbuds,Audio,3,Nothing special but it works fine,Neutral,17911.81,Yes,2025-09-03
4231,Power Bank,Power,4,Works perfectly and looks premium,Positive,5123.73,No,2025-05-26
4232,USB Flash Drive,Storage,5,Works perfectly and looks premium,Positive,3328.61,No,2025-03-26
4233,Charger,Power,4,Fast performance and reliable,Positive,3508.4,Yes,2025-06-08
4234,Keyboard,Accessories,5,Good quality and easy to use,Positive,1193.7,Yes,2025-06-14
4235,Smartwatch,Wearable,5,Amazing quality and works perfectly,Positive,7212.49,Yes,2025-08-12
4236,Smartphone,Mobile,4,Fast performance and reliable,Positive,28300.76,Yes,2025-12-07
4237,Gaming Console,Gaming,3,Product meets basic expectations,Neutral,34723.28,Yes,2025-11-18
4238,Smart TV,Home Entertainment,3,Nothing special but it works fine,Neutral,170937.74,Yes,2025-10-29
4239,Camera,Camera,5,Amazing quality and works perfectly,Positive,113764.71,Yes,2025-06-29
4240,External SSD,Storage,4,Great product with impressive features,Positive,16214.45,No,2025-07-23
4241,Gaming Console,Gaming,3,Product is okay for the price,Neutral,29916.82,Yes,2025-02-18
4242,Bluetooth Speaker,Audio,4,Good quality and easy to use,Positive,26221.32,Yes,2025-07-30
4243,Power Bank,Power,2,Product has several issues,Negative,873.9,Yes,2025-09-03
4244,Earbuds,Audio,3,Product meets basic expectations,Neutral,2540.75,Yes,2025-11-20
4245,Headphones,Audio,4,Very good product and worth the price,Positive,24457.23,Yes,2025-01-17
4246,Charger,Power,4,Very good product and worth the price,Positive,913.81,Yes,2025-11-12
4247,Camera,Camera,5,Really happy with the purchase,Positive,203505.49,Yes,2025-07-09
4248,Smart TV,Home Entertainment,1,Very disappointed with the purchase,Negative,79827.25,Yes,2025-02-02
4249,Headphones,Audio,5,Excellent build quality and smooth performance,Positive,23394.89,No,2025-12-30
4250,Earbuds,Audio,3,Features are satisfactory,Neutral,1733.71,Yes,2025-06-19
4251,Smartwatch,Wearable,3,Performance is acceptable,Neutral,18051.21,Yes,2025-05-31
4252,Webcam,Computer Accessories,5,Very good product and worth the price,Positive,10144.2,No,2025-03-11
4253,External SSD,Storage,3,Product meets basic expectations,Neutral,19894.02,No,2025-01-27
4254,Bluetooth Speaker,Audio,5,Really happy with the purchase,Positive,25217.63,No,2025-01-31
4255,Smart TV,Home Entertainment,5,Excellent build quality and smooth performance,Positive,60226.7,Yes,2025-04-08
4256,Router,Networking,5,Good quality and easy to use,Positive,13518.88,Yes,2025-04-17
4257,Mouse,Accessories,2,Battery life is very poor,Negative,1772.17,Yes,2025-06-19
4258,Monitor,Computing,3,Product meets basic expectations,Neutral,64842.43,No,2025-08-11
4259,Charger,Power,2,Product has several issues,Negative,4686.14,Yes,2025-12-29
4260,Laptop,Computing,3,It is okay but could be improved,Neutral,37091.92,No,2025-10-17
4261,Smartwatch,Wearable,2,Build quality is poor,Negative,5373.12,Yes,2025-06-27
4262,Webcam,Computer Accessories,3,Good enough for basic use,Neutral,15963.28,Yes,2025-11-30
4263,Headphones,Audio,2,Very bad experience with this product,Negative,26466.79,No,2025-07-23
4264,Smartwatch,Wearable,5,Good quality and easy to use,Positive,32938.56,No,2025-06-04
4265,Printer,Office Electronics,5,Really happy with the purchase,Positive,25753.42,Yes,2025-03-21
4266,Webcam,Computer Accessories,4,Amazing quality and works perfectly,Positive,15612.27,Yes,2025-06-04
4267,USB Flash Drive,Storage,5,"Amazing product, highly recommended",Positive,1708.63,Yes,2025-01-15
4268,Tablet,Computing,3,Product is okay for the price,Neutral,99257.88,Yes,2025-02-25
4269,USB Flash Drive,Storage,1,Poor quality and disappointing performance,Negative,4285.57,Yes,2025-12-11
4270,Earbuds,Audio,2,Build quality is poor,Negative,22234.76,Yes,2025-03-13
4271,Smartphone,Mobile,5,Good quality and easy to use,Positive,103746.86,Yes,2025-07-26
4272,Webcam,Computer Accessories,3,It is okay but could be improved,Neutral,18724.83,Yes,2025-02-07
4273,Earbuds,Audio,4,Amazing quality and works perfectly,Positive,2080.12,Yes,2025-08-08
4274,Gaming Console,Gaming,1,Product stopped working after a few days,Negative,74974.53,Yes,2025-12-23
4275,Laptop,Computing,5,Great product with impressive features,Positive,67290.41,Yes,2025-06-17
4276,Smartwatch,Wearable,5,Really happy with the purchase,Positive,18919.89,Yes,2025-02-16
4277,Printer,Office Electronics,4,Works perfectly and looks premium,Positive,21675.66,Yes,2025-01-09
4278,Charger,Power,4,Amazing quality and works perfectly,Positive,1392.44,Yes,2025-10-04
4279,Smart TV,Home Entertainment,3,Product is okay for the price,Neutral,96108.78,Yes,2025-02-07
4280,Smartwatch,Wearable,4,"Amazing product, highly recommended",Positive,26017.72,Yes,2025-04-26
4281,Printer,Office Electronics,3,Good enough for basic use,Neutral,11689.89,Yes,2025-11-04
4282,Printer,Office Electronics,4,Great product with impressive features,Positive,21178.35,Yes,2025-07-16
4283,Webcam,Computer Accessories,5,Very good product and worth the price,Positive,7614.78,Yes,2025-11-15
4284,Smartphone,Mobile,1,Poor quality and disappointing performance,Negative,83563.08,Yes,2025-11-15
4285,Tablet,Computing,2,Product stopped working after a few days,Negative,62270.54,Yes,2025-08-30
4286,Power Bank,Power,4,Excellent build quality and smooth performance,Positive,5955.99,Yes,2025-12-08
4287,Tablet,Computing,2,Product has several issues,Negative,80554.92,Yes,2025-01-14
4288,Laptop,Computing,4,Really happy with the purchase,Positive,130050.92,Yes,2025-03-29
4289,USB Flash Drive,Storage,2,Build quality is poor,Negative,1433.85,No,2025-04-12
4290,Gaming Console,Gaming,4,Works perfectly and looks premium,Positive,52616.58,No,2025-11-29
4291,USB Flash Drive,Storage,4,Amazing quality and works perfectly,Positive,2492.9,No,2025-08-15
4292,Webcam,Computer Accessories,3,Average experience with this product,Neutral,2406.95,Yes,2025-04-02
4293,Tablet,Computing,5,Very good product and worth the price,Positive,90503.34,Yes,2025-03-18
4294,USB Flash Drive,Storage,4,Great product with impressive features,Positive,729.75,Yes,2025-10-21
4295,Smartphone,Mobile,5,Good quality and easy to use,Positive,117361.57,Yes,2025-11-10
4296,Monitor,Computing,5,"Amazing product, highly recommended",Positive,8349.19,Yes,2025-01-06
4297,Earbuds,Audio,3,"Average product, works as expected",Neutral,18377.13,Yes,2025-05-14
4298,Headphones,Audio,4,Amazing quality and works perfectly,Positive,8983.45,No,2025-07-15
4299,Router,Networking,4,Excellent product with great performance,Positive,18189.62,No,2025-03-27
4300,Tablet,Computing,5,Good quality and easy to use,Positive,84162.87,Yes,2025-09-22
4301,USB Flash Drive,Storage,3,"Average product, works as expected",Neutral,417.55,No,2025-10-04
4302,Printer,Office Electronics,4,Very good product and worth the price,Positive,5987.78,No,2025-11-03
4303,Gaming Console,Gaming,3,Decent quality but has some limitations,Neutral,58175.51,Yes,2025-10-14
4304,Laptop,Computing,5,Good quality and easy to use,Positive,52438.74,Yes,2025-11-04
4305,Charger,Power,4,Excellent product with great performance,Positive,366.55,Yes,2025-05-14
4306,Camera,Camera,4,Fast performance and reliable,Positive,242746.46,Yes,2025-04-20
4307,Monitor,Computing,5,Works perfectly and looks premium,Positive,52831.83,Yes,2025-04-26
4308,Monitor,Computing,5,Very good product and worth the price,Positive,6801.62,Yes,2025-11-08
4309,Mouse,Accessories,5,Fast performance and reliable,Positive,5058.04,Yes,2025-08-25
4310,Smart TV,Home Entertainment,4,Very good product and worth the price,Positive,44144.31,Yes,2025-04-29
4311,Smartphone,Mobile,5,Excellent build quality and smooth performance,Positive,98180.4,Yes,2025-09-21
4312,Power Bank,Power,5,Very good product and worth the price,Positive,1006.51,Yes,2025-03-27
4313,Bluetooth Speaker,Audio,5,Fast performance and reliable,Positive,11630.75,No,2025-04-08
4314,Power Bank,Power,4,"Amazing product, highly recommended",Positive,2513.8,Yes,2025-01-01
4315,Smartphone,Mobile,4,Fast performance and reliable,Positive,117857.78,Yes,2025-12-19
4316,Webcam,Computer Accessories,4,Works perfectly and looks premium,Positive,2484.12,Yes,2025-03-28
4317,Mouse,Accessories,2,Poor quality and disappointing performance,Negative,7282.92,Yes,2025-10-02
4318,Smart TV,Home Entertainment,5,Excellent product with great performance,Positive,103435.16,Yes,2025-02-13
4319,Smartwatch,Wearable,4,Really happy with the purchase,Positive,41099.76,Yes,2025-01-14
4320,Charger,Power,3,Decent quality but has some limitations,Neutral,1306.95,Yes,2025-09-04
4321,Gaming Console,Gaming,5,Excellent product with great performance,Positive,72041.23,Yes,2025-02-05
4322,External SSD,Storage,5,Really happy with the purchase,Positive,28659.92,Yes,2025-02-22
4323,Smartphone,Mobile,5,Excellent product with great performance,Positive,31868.04,Yes,2025-05-01
4324,Camera,Camera,5,Works perfectly and looks premium,Positive,79617.59,No,2025-08-02
4325,Tablet,Computing,3,"Average product, works as expected",Neutral,96730.08,Yes,2025-01-07
4326,Keyboard,Accessories,1,Not worth the price,Negative,6794.85,Yes,2025-02-16
4327,Laptop,Computing,5,Excellent build quality and smooth performance,Positive,155286.47,Yes,2025-05-04
4328,Laptop,Computing,4,Very good product and worth the price,Positive,156364.43,Yes,2025-09-15
4329,External SSD,Storage,5,Great product with impressive features,Positive,11393.02,Yes,2025-02-05
4330,Router,Networking,5,Amazing quality and works perfectly,Positive,4396.92,No,2025-04-15
4331,Printer,Office Electronics,1,Not worth the price,Negative,21493.86,Yes,2025-03-12
4332,Router,Networking,4,Really happy with the purchase,Positive,12246.15,Yes,2025-04-23
4333,Charger,Power,3,Decent quality but has some limitations,Neutral,2636.3,Yes,2025-04-05
4334,Tablet,Computing,5,Great product with impressive features,Positive,76311.72,No,2025-08-22
4335,External SSD,Storage,3,Decent quality but has some limitations,Neutral,17817.84,Yes,2025-01-25
4336,Headphones,Audio,5,Great product with impressive features,Positive,24262.69,Yes,2025-12-09
4337,Tablet,Computing,5,Amazing quality and works perfectly,Positive,19354.41,Yes,2025-03-31
4338,Router,Networking,5,Excellent product with great performance,Positive,9342.79,Yes,2025-12-28
4339,Charger,Power,1,Not worth the price,Negative,375.49,Yes,2025-09-24
4340,Tablet,Computing,4,Great product with impressive features,Positive,20872.64,No,2025-05-11
4341,Power Bank,Power,5,Excellent product with great performance,Positive,3186.85,Yes,2025-04-21
4342,Gaming Console,Gaming,2,Battery life is very poor,Negative,74583.22,Yes,2025-12-12
4343,Mouse,Accessories,5,Very good product and worth the price,Positive,3987.51,No,2025-12-30
4344,Router,Networking,4,Amazing quality and works perfectly,Positive,6195.87,Yes,2025-08-12
4345,Power Bank,Power,5,Works perfectly and looks premium,Positive,5629.68,Yes,2025-01-18
4346,Monitor,Computing,3,Good enough for basic use,Neutral,58056.85,Yes,2025-11-27
4347,Headphones,Audio,3,"Average product, works as expected",Neutral,14699.19,Yes,2025-06-24
4348,Earbuds,Audio,4,Works perfectly and looks premium,Positive,7568.71,Yes,2025-01-11
4349,USB Flash Drive,Storage,1,Product has several issues,Negative,1718.51,Yes,2025-10-20
4350,Monitor,Computing,3,Decent quality but has some limitations,Neutral,19730.41,Yes,2025-01-13
4351,Router,Networking,5,Amazing quality and works perfectly,Positive,7889.2,Yes,2025-05-16
4352,Monitor,Computing,1,Very bad experience with this product,Negative,18450.76,Yes,2025-01-28
4353,Power Bank,Power,4,Very good product and worth the price,Positive,5429.04,Yes,2025-06-09
4354,Camera,Camera,3,"Average product, works as expected",Neutral,226305.2,Yes,2025-10-21
4355,Mouse,Accessories,5,Excellent build quality and smooth performance,Positive,2766.25,No,2025-02-17
4356,Router,Networking,1,Frequent problems while using the product,Negative,5602.09,Yes,2025-02-20
4357,Webcam,Computer Accessories,4,Great product with impressive features,Positive,18064.9,Yes,2025-12-16
4358,Printer,Office Electronics,2,Battery life is very poor,Negative,30561.49,No,2025-03-06
4359,Webcam,Computer Accessories,4,Excellent product with great performance,Positive,14865.73,Yes,2025-02-11
4360,Smartphone,Mobile,5,Great product with impressive features,Positive,107583.05,No,2025-08-02
4361,External SSD,Storage,5,Amazing quality and works perfectly,Positive,20954.27,Yes,2025-04-11
4362,Router,Networking,5,Very good product and worth the price,Positive,15106.72,Yes,2025-12-16
4363,Keyboard,Accessories,4,Good quality and easy to use,Positive,6110.73,No,2025-03-01
4364,Bluetooth Speaker,Audio,5,Very good product and worth the price,Positive,28194.51,Yes,2025-07-26
4365,Laptop,Computing,1,Poor quality and disappointing performance,Negative,135584.99,No,2025-12-03
4366,USB Flash Drive,Storage,5,Great product with impressive features,Positive,636.96,Yes,2025-09-25
4367,USB Flash Drive,Storage,3,Decent quality but has some limitations,Neutral,3097.52,Yes,2025-01-11
4368,Laptop,Computing,3,Product meets basic expectations,Neutral,44198.51,Yes,2025-03-10
4369,Charger,Power,5,Works perfectly and looks premium,Positive,2753.96,Yes,2025-02-15
4370,Charger,Power,2,Poor quality and disappointing performance,Negative,715.89,Yes,2025-11-30
4371,Smartwatch,Wearable,4,Really happy with the purchase,Positive,31921.19,Yes,2025-03-15
4372,Power Bank,Power,2,Very disappointed with the purchase,Negative,4085.83,Yes,2025-01-21
4373,USB Flash Drive,Storage,5,Good quality and easy to use,Positive,2899.47,Yes,2025-05-20
4374,Bluetooth Speaker,Audio,4,Very good product and worth the price,Positive,19749.36,Yes,2025-04-14
4375,Router,Networking,3,Product is okay for the price,Neutral,5756.61,Yes,2025-03-01
4376,Smart TV,Home Entertainment,5,Amazing quality and works perfectly,Positive,74111.4,Yes,2025-06-15
4377,Mouse,Accessories,4,Works perfectly and looks premium,Positive,4976.06,Yes,2025-11-25
4378,Tablet,Computing,4,Good quality and easy to use,Positive,60968.03,No,2025-03-24
4379,Earbuds,Audio,4,Good quality and easy to use,Positive,23129.33,Yes,2025-12-25
4380,Tablet,Computing,5,Good quality and easy to use,Positive,41671.28,Yes,2025-08-31
4381,Monitor,Computing,4,Excellent product with great performance,Positive,49788.04,Yes,2025-05-20
4382,Camera,Camera,4,Great product with impressive features,Positive,232572.67,Yes,2025-09-05
4383,Headphones,Audio,4,Excellent build quality and smooth performance,Positive,21675.89,Yes,2025-05-08
4384,Power Bank,Power,4,Really happy with the purchase,Positive,3164.06,Yes,2025-03-19
4385,Smart TV,Home Entertainment,4,Works perfectly and looks premium,Positive,91720.64,Yes,2025-03-27
4386,Earbuds,Audio,5,Fast performance and reliable,Positive,22030.21,No,2025-01-04
4387,Printer,Office Electronics,5,Excellent build quality and smooth performance,Positive,24695.9,Yes,2025-08-25
4388,Bluetooth Speaker,Audio,4,"Amazing product, highly recommended",Positive,8159.68,Yes,2025-01-28
4389,Camera,Camera,5,Very good product and worth the price,Positive,142690.88,Yes,2025-03-14
4390,Smartwatch,Wearable,4,Amazing quality and works perfectly,Positive,10520.91,Yes,2025-01-01
4391,Earbuds,Audio,3,Average experience with this product,Neutral,14760.11,Yes,2025-01-24
4392,Printer,Office Electronics,5,Excellent product with great performance,Positive,49617.58,Yes,2025-11-27
4393,Charger,Power,5,Excellent build quality and smooth performance,Positive,4855.62,Yes,2025-01-09
4394,Charger,Power,3,Average experience with this product,Neutral,3184.86,Yes,2025-08-15
4395,Power Bank,Power,4,Really happy with the purchase,Positive,7181.21,Yes,2025-04-30
4396,Headphones,Audio,5,Really happy with the purchase,Positive,24547.01,No,2025-02-20
4397,Webcam,Computer Accessories,5,Fast performance and reliable,Positive,19062.71,Yes,2025-04-20
4398,Monitor,Computing,3,Performance is acceptable,Neutral,70609.12,No,2025-02-03
4399,Smartphone,Mobile,3,Nothing special but it works fine,Neutral,108781.23,No,2025-04-25
4400,Webcam,Computer Accessories,4,Excellent product with great performance,Positive,5361.4,Yes,2025-10-26
4401,Smartphone,Mobile,1,Very disappointed with the purchase,Negative,25698.1,No,2025-08-15
4402,Printer,Office Electronics,3,Product is okay for the price,Neutral,6978.73,No,2025-10-24
4403,Earbuds,Audio,2,Very disappointed with the purchase,Negative,16652.99,Yes,2025-09-12
4404,Laptop,Computing,2,Frequent problems while using the product,Negative,170025.87,Yes,2025-12-05
4405,Headphones,Audio,5,Amazing quality and works perfectly,Positive,29818.57,Yes,2025-02-09
4406,Gaming Console,Gaming,2,Product stopped working after a few days,Negative,71878.84,Yes,2025-02-28
4407,Power Bank,Power,1,Performance is slow and unreliable,Negative,6783.28,Yes,2025-05-31
4408,Smartwatch,Wearable,3,Features are satisfactory,Neutral,26665.82,Yes,2025-07-10
4409,Bluetooth Speaker,Audio,4,Amazing quality and works perfectly,Positive,13997.18,Yes,2025-10-14
4410,Headphones,Audio,5,Amazing quality and works perfectly,Positive,19389.34,Yes,2025-02-14
4411,Gaming Console,Gaming,2,Very bad experience with this product,Negative,26248.91,Yes,2025-02-10
4412,Printer,Office Electronics,5,Really happy with the purchase,Positive,40744.56,Yes,2025-10-18
4413,Earbuds,Audio,3,"Average product, works as expected",Neutral,16608.35,Yes,2025-07-20
4414,Printer,Office Electronics,5,Very good product and worth the price,Positive,12652.21,No,2025-05-31
4415,Keyboard,Accessories,3,Decent quality but has some limitations,Neutral,9717.6,Yes,2025-03-23
4416,Laptop,Computing,4,Excellent product with great performance,Positive,119920.42,Yes,2025-09-11
4417,Bluetooth Speaker,Audio,1,Product stopped working after a few days,Negative,23809.6,Yes,2025-10-20
4418,Printer,Office Electronics,4,Works perfectly and looks premium,Positive,42686.49,No,2025-01-12
4419,USB Flash Drive,Storage,4,Excellent build quality and smooth performance,Positive,1491.07,Yes,2025-01-20
4420,Router,Networking,4,Very good product and worth the price,Positive,16475.07,No,2025-10-11
4421,Monitor,Computing,4,Good quality and easy to use,Positive,19475.09,Yes,2025-11-19
4422,External SSD,Storage,5,Excellent product with great performance,Positive,13643.74,Yes,2025-03-25
4423,Router,Networking,4,Very good product and worth the price,Positive,10360.29,No,2025-09-15
4424,External SSD,Storage,3,Features are satisfactory,Neutral,24733.14,No,2025-11-04
4425,Charger,Power,2,Product has several issues,Negative,4535.08,Yes,2025-02-11
4426,Power Bank,Power,5,Fast performance and reliable,Positive,923.96,Yes,2025-03-09
4427,Smart TV,Home Entertainment,4,Good quality and easy to use,Positive,151390.23,Yes,2025-02-17
4428,Webcam,Computer Accessories,5,Excellent product with great performance,Positive,17672.9,Yes,2025-10-16
4429,Power Bank,Power,3,Features are satisfactory,Neutral,7671.0,Yes,2025-10-09
4430,Headphones,Audio,4,Excellent build quality and smooth performance,Positive,8402.73,Yes,2025-02-18
4431,Keyboard,Accessories,2,Poor quality and disappointing performance,Negative,3007.93,Yes,2025-03-05
4432,Power Bank,Power,1,Poor quality and disappointing performance,Negative,4392.4,Yes,2025-08-31
4433,Gaming Console,Gaming,5,Amazing quality and works perfectly,Positive,74555.18,Yes,2025-11-24
4434,Bluetooth Speaker,Audio,4,Excellent build quality and smooth performance,Positive,10015.92,Yes,2025-10-12
4435,Smartphone,Mobile,5,Good quality and easy to use,Positive,64566.8,Yes,2025-03-03
4436,USB Flash Drive,Storage,4,Good quality and easy to use,Positive,4979.11,Yes,2025-05-21
4437,Webcam,Computer Accessories,4,Works perfectly and looks premium,Positive,9664.61,Yes,2025-01-25
4438,Laptop,Computing,4,Excellent build quality and smooth performance,Positive,124237.59,Yes,2025-03-31
4439,Bluetooth Speaker,Audio,5,Great product with impressive features,Positive,29871.39,Yes,2025-07-25
4440,Keyboard,Accessories,4,Fast performance and reliable,Positive,5825.25,Yes,2025-05-06
4441,External SSD,Storage,3,Features are satisfactory,Neutral,10369.11,Yes,2025-08-10
4442,External SSD,Storage,2,Very disappointed with the purchase,Negative,10633.97,Yes,2025-04-19
4443,Bluetooth Speaker,Audio,5,Works perfectly and looks premium,Positive,18816.79,Yes,2025-07-25
4444,Bluetooth Speaker,Audio,5,Very good product and worth the price,Positive,5550.95,Yes,2025-08-20
4445,Keyboard,Accessories,5,Works perfectly and looks premium,Positive,2885.54,Yes,2025-03-13
4446,Headphones,Audio,2,Performance is slow and unreliable,Negative,8173.93,Yes,2025-01-17
4447,Keyboard,Accessories,5,Excellent product with great performance,Positive,8343.56,Yes,2025-05-04
4448,Earbuds,Audio,3,Performance is acceptable,Neutral,21182.31,Yes,2025-01-16
4449,Laptop,Computing,4,Really happy with the purchase,Positive,109390.61,Yes,2025-02-28
4450,Router,Networking,4,Really happy with the purchase,Positive,15870.19,Yes,2025-04-16
4451,External SSD,Storage,2,Very bad experience with this product,Negative,28854.04,No,2025-05-04
4452,Earbuds,Audio,5,Really happy with the purchase,Positive,18630.04,Yes,2025-04-12
4453,Keyboard,Accessories,1,Battery life is very poor,Negative,9820.43,No,2025-01-20
4454,Keyboard,Accessories,4,Really happy with the purchase,Positive,618.82,Yes,2025-03-06
4455,Smartphone,Mobile,5,Really happy with the purchase,Positive,58222.07,Yes,2025-11-19
4456,Power Bank,Power,5,Great product with impressive features,Positive,2729.96,Yes,2025-09-19
4457,Mouse,Accessories,3,Performance is acceptable,Neutral,5270.5,Yes,2025-06-12
4458,Webcam,Computer Accessories,5,Excellent build quality and smooth performance,Positive,19070.6,Yes,2025-01-09
4459,Monitor,Computing,5,Excellent build quality and smooth performance,Positive,29713.11,Yes,2025-05-11
4460,External SSD,Storage,4,Great product with impressive features,Positive,7341.12,Yes,2025-12-04
4461,Monitor,Computing,4,Fast performance and reliable,Positive,67116.32,Yes,2025-10-23
4462,Smartwatch,Wearable,5,Excellent product with great performance,Positive,49543.27,Yes,2025-10-04
4463,Bluetooth Speaker,Audio,5,Excellent build quality and smooth performance,Positive,23578.07,Yes,2025-04-01
4464,Printer,Office Electronics,3,Nothing special but it works fine,Neutral,11227.64,No,2025-05-28
4465,Earbuds,Audio,3,Nothing special but it works fine,Neutral,13992.02,Yes,2025-01-11
4466,USB Flash Drive,Storage,5,Amazing quality and works perfectly,Positive,2204.39,No,2025-11-10
4467,Gaming Console,Gaming,4,Works perfectly and looks premium,Positive,59838.8,Yes,2025-02-11
4468,Router,Networking,4,Very good product and worth the price,Positive,13703.63,Yes,2025-08-14
4469,External SSD,Storage,5,Excellent product with great performance,Positive,24791.44,Yes,2025-04-13
4470,Power Bank,Power,4,Amazing quality and works perfectly,Positive,2528.62,Yes,2025-07-28
4471,Camera,Camera,4,Really happy with the purchase,Positive,242052.67,Yes,2025-10-29
4472,Laptop,Computing,4,Amazing quality and works perfectly,Positive,62203.37,Yes,2025-04-25
4473,Gaming Console,Gaming,4,Really happy with the purchase,Positive,31825.39,No,2025-01-07
4474,Router,Networking,2,Battery life is very poor,Negative,16748.55,Yes,2025-08-31
4475,Tablet,Computing,5,"Amazing product, highly recommended",Positive,51692.43,Yes,2025-07-14
4476,Power Bank,Power,4,Excellent build quality and smooth performance,Positive,4329.66,Yes,2025-02-20
4477,Power Bank,Power,4,Excellent build quality and smooth performance,Positive,3094.9,Yes,2025-01-18
4478,Bluetooth Speaker,Audio,5,"Amazing product, highly recommended",Positive,2155.27,No,2025-07-11
4479,Laptop,Computing,5,Great product with impressive features,Positive,59040.16,Yes,2025-08-12
4480,Smartphone,Mobile,4,Good quality and easy to use,Positive,93303.04,Yes,2025-02-12
4481,Headphones,Audio,4,Excellent product with great performance,Positive,7119.99,No,2025-08-07
4482,Headphones,Audio,4,Excellent build quality and smooth performance,Positive,29783.64,No,2025-06-12
4483,Headphones,Audio,2,Very bad experience with this product,Negative,23693.69,Yes,2025-02-20
4484,Camera,Camera,4,Really happy with the purchase,Positive,215932.78,Yes,2025-08-13
4485,Keyboard,Accessories,1,Product stopped working after a few days,Negative,13162.57,Yes,2025-08-24
4486,Tablet,Computing,5,Very good product and worth the price,Positive,74701.4,Yes,2025-02-26
4487,Laptop,Computing,4,Good quality and easy to use,Positive,99927.42,Yes,2025-09-03
4488,Gaming Console,Gaming,4,"Amazing product, highly recommended",Positive,75435.68,Yes,2025-03-23
4489,Webcam,Computer Accessories,5,Very good product and worth the price,Positive,9104.01,No,2025-08-06
4490,USB Flash Drive,Storage,2,Frequent problems while using the product,Negative,750.35,Yes,2025-10-24
4491,External SSD,Storage,5,Amazing quality and works perfectly,Positive,19103.96,Yes,2025-12-09
4492,Bluetooth Speaker,Audio,4,Excellent product with great performance,Positive,3882.49,Yes,2025-04-04
4493,Router,Networking,5,Excellent build quality and smooth performance,Positive,13452.38,Yes,2025-05-04
4494,Laptop,Computing,4,Excellent build quality and smooth performance,Positive,179629.01,Yes,2025-02-04
4495,Smartwatch,Wearable,3,Performance is acceptable,Neutral,34247.59,Yes,2025-12-20
4496,Tablet,Computing,1,Poor quality and disappointing performance,Negative,28949.69,Yes,2025-05-01
4497,Smartwatch,Wearable,2,Very bad experience with this product,Negative,8186.19,Yes,2025-10-20
4498,Monitor,Computing,4,Excellent product with great performance,Positive,32372.58,Yes,2025-12-08
4499,Smartphone,Mobile,4,Fast performance and reliable,Positive,24325.7,Yes,2025-06-23
4500,USB Flash Drive,Storage,4,Really happy with the purchase,Positive,2977.56,Yes,2025-09-11
4501,Router,Networking,1,Performance is slow and unreliable,Negative,15878.87,Yes,2025-06-22
4502,Camera,Camera,5,Very good product and worth the price,Positive,173081.13,Yes,2025-07-30
4503,Smartwatch,Wearable,5,Really happy with the purchase,Positive,31434.13,Yes,2025-04-02
4504,Printer,Office Electronics,2,Performance is slow and unreliable,Negative,24602.29,Yes,2025-11-03
4505,Smartphone,Mobile,5,Very good product and worth the price,Positive,27345.67,No,2025-02-14
4506,Smart TV,Home Entertainment,4,"Amazing product, highly recommended",Positive,132989.24,Yes,2025-08-29
4507,Router,Networking,3,It is okay but could be improved,Neutral,8967.61,Yes,2025-12-02
4508,Headphones,Audio,4,Excellent product with great performance,Positive,9511.11,Yes,2025-10-24
4509,Smartwatch,Wearable,5,Works perfectly and looks premium,Positive,33475.38,Yes,2025-10-04
4510,Gaming Console,Gaming,3,Good enough for basic use,Neutral,45819.48,Yes,2025-08-28
4511,USB Flash Drive,Storage,4,Excellent product with great performance,Positive,1091.15,No,2025-12-12
4512,Mouse,Accessories,4,"Amazing product, highly recommended",Positive,4990.08,Yes,2025-11-12
4513,Laptop,Computing,5,Very good product and worth the price,Positive,73377.41,No,2025-04-11
4514,Mouse,Accessories,3,Performance is acceptable,Neutral,7414.84,Yes,2025-08-16
4515,Mouse,Accessories,4,"Amazing product, highly recommended",Positive,756.55,Yes,2025-06-06
4516,Bluetooth Speaker,Audio,5,Really happy with the purchase,Positive,25703.04,Yes,2025-04-07
4517,Webcam,Computer Accessories,4,Great product with impressive features,Positive,9765.58,Yes,2025-10-26
4518,Bluetooth Speaker,Audio,4,Excellent build quality and smooth performance,Positive,1265.56,Yes,2025-01-16
4519,Headphones,Audio,4,Very good product and worth the price,Positive,4434.19,Yes,2025-02-16
4520,Gaming Console,Gaming,5,Excellent build quality and smooth performance,Positive,76999.23,Yes,2025-02-08
4521,Camera,Camera,4,Excellent product with great performance,Positive,145826.5,Yes,2025-03-15
4522,Camera,Camera,4,Excellent build quality and smooth performance,Positive,197922.7,Yes,2025-07-07
4523,Power Bank,Power,1,Build quality is poor,Negative,7156.0,Yes,2025-12-10
4524,Bluetooth Speaker,Audio,4,Good quality and easy to use,Positive,10152.92,Yes,2025-12-21
4525,Earbuds,Audio,4,Good quality and easy to use,Positive,13899.47,Yes,2025-11-25
4526,Tablet,Computing,5,Fast performance and reliable,Positive,68529.16,Yes,2025-10-05
4527,Smartwatch,Wearable,5,Excellent build quality and smooth performance,Positive,42316.88,Yes,2025-06-17
4528,Charger,Power,3,Performance is acceptable,Neutral,2274.42,Yes,2025-10-11
4529,Keyboard,Accessories,5,Good quality and easy to use,Positive,14300.42,Yes,2025-04-08
4530,Router,Networking,4,Great product with impressive features,Positive,12535.29,Yes,2025-08-31
4531,USB Flash Drive,Storage,4,Great product with impressive features,Positive,4407.2,Yes,2025-01-04
4532,Charger,Power,2,Frequent problems while using the product,Negative,691.78,Yes,2025-11-26
4533,Tablet,Computing,4,Works perfectly and looks premium,Positive,51700.81,No,2025-12-21
4534,Smartphone,Mobile,4,Amazing quality and works perfectly,Positive,28066.98,No,2025-09-26
4535,Headphones,Audio,4,Very good product and worth the price,Positive,27400.55,No,2025-03-05
4536,Earbuds,Audio,3,Nothing special but it works fine,Neutral,6257.19,Yes,2025-04-05
4537,Laptop,Computing,5,Very good product and worth the price,Positive,136947.02,Yes,2025-09-28
4538,External SSD,Storage,4,Fast performance and reliable,Positive,4697.47,Yes,2025-07-02
4539,Monitor,Computing,5,Good quality and easy to use,Positive,20862.5,Yes,2025-07-19
4540,Router,Networking,5,Really happy with the purchase,Positive,7077.2,Yes,2025-05-28
4541,Headphones,Audio,2,Not worth the price,Negative,23565.26,Yes,2025-11-02
4542,Smartphone,Mobile,3,Decent quality but has some limitations,Neutral,36130.68,Yes,2025-03-02
4543,Tablet,Computing,2,Frequent problems while using the product,Negative,83519.6,No,2025-06-11
4544,Mouse,Accessories,2,Build quality is poor,Negative,7949.52,No,2025-03-23
4545,Mouse,Accessories,4,Great product with impressive features,Positive,9924.37,Yes,2025-09-10
4546,Keyboard,Accessories,2,Battery life is very poor,Negative,10318.54,Yes,2025-04-15
4547,Smart TV,Home Entertainment,5,Excellent build quality and smooth performance,Positive,132925.96,No,2025-04-20
4548,Gaming Console,Gaming,5,Good quality and easy to use,Positive,58084.48,Yes,2025-03-05
4549,Router,Networking,4,Really happy with the purchase,Positive,3082.76,Yes,2025-11-12
4550,Tablet,Computing,4,Excellent product with great performance,Positive,56189.99,Yes,2025-03-21
4551,Mouse,Accessories,4,Fast performance and reliable,Positive,8559.38,Yes,2025-11-14
4552,Camera,Camera,5,Excellent product with great performance,Positive,29692.78,Yes,2025-12-01
4553,Charger,Power,4,Excellent product with great performance,Positive,895.28,Yes,2025-12-18
4554,Webcam,Computer Accessories,4,Fast performance and reliable,Positive,12410.44,No,2025-05-06
4555,Mouse,Accessories,4,Amazing quality and works perfectly,Positive,8516.05,Yes,2025-08-28
4556,Monitor,Computing,5,Very good product and worth the price,Positive,28742.55,Yes,2025-10-30
4557,Webcam,Computer Accessories,4,Works perfectly and looks premium,Positive,17558.09,Yes,2025-01-29
4558,Bluetooth Speaker,Audio,1,Battery life is very poor,Negative,10655.78,Yes,2025-01-24
4559,Charger,Power,4,Excellent build quality and smooth performance,Positive,2487.65,Yes,2025-03-17
4560,Smartphone,Mobile,5,Works perfectly and looks premium,Positive,114739.43,Yes,2025-12-25
4561,Smartwatch,Wearable,5,Great product with impressive features,Positive,21753.22,Yes,2025-02-02
4562,Laptop,Computing,5,Works perfectly and looks premium,Positive,119922.19,Yes,2025-10-07
4563,Keyboard,Accessories,3,Decent quality but has some limitations,Neutral,14064.25,Yes,2025-11-03
4564,Webcam,Computer Accessories,1,Not worth the price,Negative,6023.26,Yes,2025-11-27
4565,Laptop,Computing,3,"Average product, works as expected",Neutral,43790.39,Yes,2025-07-12
4566,Smart TV,Home Entertainment,3,Nothing special but it works fine,Neutral,192235.53,Yes,2025-07-11
4567,Printer,Office Electronics,5,Excellent build quality and smooth performance,Positive,30192.33,Yes,2025-09-28
4568,Smartphone,Mobile,3,It is okay but could be improved,Neutral,116174.14,Yes,2025-08-20
4569,Smartphone,Mobile,5,Really happy with the purchase,Positive,105075.4,Yes,2025-10-15
4570,Webcam,Computer Accessories,2,Performance is slow and unreliable,Negative,12297.9,Yes,2025-05-12
4571,Charger,Power,3,Features are satisfactory,Neutral,2515.3,Yes,2025-12-07
4572,Smartwatch,Wearable,3,Decent quality but has some limitations,Neutral,24792.14,Yes,2025-06-07
4573,Smart TV,Home Entertainment,3,Decent quality but has some limitations,Neutral,45713.05,Yes,2025-04-01
4574,Charger,Power,3,Product is okay for the price,Neutral,2431.74,Yes,2025-10-02
4575,Camera,Camera,5,Excellent build quality and smooth performance,Positive,209889.69,Yes,2025-08-15
4576,Gaming Console,Gaming,3,"Average product, works as expected",Neutral,79383.35,Yes,2025-01-19
4577,Headphones,Audio,4,Excellent build quality and smooth performance,Positive,28830.09,Yes,2025-03-02
4578,Monitor,Computing,4,Excellent build quality and smooth performance,Positive,77201.22,Yes,2025-01-14
4579,Tablet,Computing,1,Performance is slow and unreliable,Negative,11710.98,Yes,2025-07-30
4580,Power Bank,Power,4,Good quality and easy to use,Positive,4513.56,Yes,2025-11-16
4581,Smart TV,Home Entertainment,4,Excellent build quality and smooth performance,Positive,52024.26,Yes,2025-04-28
4582,Camera,Camera,4,Great product with impressive features,Positive,163438.95,No,2025-02-10
4583,Gaming Console,Gaming,3,Product is okay for the price,Neutral,77021.03,Yes,2025-11-07
4584,Smartwatch,Wearable,4,Very good product and worth the price,Positive,44017.58,Yes,2025-09-21
4585,Power Bank,Power,1,Very disappointed with the purchase,Negative,7039.39,Yes,2025-07-18
4586,Smart TV,Home Entertainment,4,Excellent build quality and smooth performance,Positive,82657.91,Yes,2025-03-14
4587,Laptop,Computing,2,Product has several issues,Negative,105175.7,Yes,2025-09-03
4588,Headphones,Audio,4,Excellent product with great performance,Positive,8817.36,Yes,2025-05-14
4589,Router,Networking,4,Excellent product with great performance,Positive,11523.23,Yes,2025-03-31
4590,Smartphone,Mobile,5,"Amazing product, highly recommended",Positive,41979.44,Yes,2025-04-18
4591,Headphones,Audio,5,"Amazing product, highly recommended",Positive,24357.57,Yes,2025-01-23
4592,Webcam,Computer Accessories,3,Nothing special but it works fine,Neutral,9823.97,Yes,2025-06-28
4593,Smartphone,Mobile,4,Really happy with the purchase,Positive,86444.66,Yes,2025-10-02
4594,Keyboard,Accessories,4,Good quality and easy to use,Positive,13153.67,No,2025-10-29
4595,Bluetooth Speaker,Audio,3,It is okay but could be improved,Neutral,9552.67,Yes,2025-09-22
4596,Monitor,Computing,3,"Average product, works as expected",Neutral,52034.77,Yes,2025-11-16
4597,Earbuds,Audio,2,Battery life is very poor,Negative,21222.42,No,2025-12-18
4598,Earbuds,Audio,5,Amazing quality and works perfectly,Positive,23792.95,No,2025-03-23
4599,External SSD,Storage,1,Very disappointed with the purchase,Negative,7402.8,Yes,2025-06-08
4600,Smartphone,Mobile,5,Good quality and easy to use,Positive,84319.07,Yes,2025-05-04
4601,Tablet,Computing,3,Features are satisfactory,Neutral,49169.69,Yes,2025-09-07
4602,Earbuds,Audio,4,Great product with impressive features,Positive,7495.32,Yes,2025-11-02
4603,USB Flash Drive,Storage,3,"Average product, works as expected",Neutral,1041.33,No,2025-11-21
4604,Monitor,Computing,5,Really happy with the purchase,Positive,49318.17,Yes,2025-02-02
4605,Smartphone,Mobile,5,"Amazing product, highly recommended",Positive,45417.84,Yes,2025-07-07
4606,Power Bank,Power,5,"Amazing product, highly recommended",Positive,5609.19,No,2025-02-12
4607,Camera,Camera,3,Nothing special but it works fine,Neutral,88224.29,Yes,2025-05-01
4608,Mouse,Accessories,4,Fast performance and reliable,Positive,305.74,No,2025-06-25
4609,Laptop,Computing,4,Really happy with the purchase,Positive,145084.17,Yes,2025-08-15
4610,Printer,Office Electronics,5,Fast performance and reliable,Positive,12259.72,Yes,2025-10-16
4611,Printer,Office Electronics,5,Works perfectly and looks premium,Positive,16362.65,No,2025-12-30
4612,Webcam,Computer Accessories,4,Excellent build quality and smooth performance,Positive,5471.73,Yes,2025-05-03
4613,Smart TV,Home Entertainment,3,Features are satisfactory,Neutral,78314.59,Yes,2025-07-24
4614,Bluetooth Speaker,Audio,5,Great product with impressive features,Positive,14971.98,Yes,2025-01-26
4615,Keyboard,Accessories,5,Great product with impressive features,Positive,12280.56,Yes,2025-02-10
4616,Smart TV,Home Entertainment,4,Really happy with the purchase,Positive,135290.69,Yes,2025-12-20
4617,Keyboard,Accessories,3,Decent quality but has some limitations,Neutral,2616.98,Yes,2025-12-09
4618,Printer,Office Electronics,3,Product is okay for the price,Neutral,13265.42,No,2025-12-09
4619,Camera,Camera,5,Amazing quality and works perfectly,Positive,215589.1,Yes,2025-04-06
4620,Webcam,Computer Accessories,5,Excellent build quality and smooth performance,Positive,5747.25,Yes,2025-08-26
4621,Smartphone,Mobile,3,Nothing special but it works fine,Neutral,32492.51,Yes,2025-03-25
4622,Router,Networking,4,Fast performance and reliable,Positive,1067.83,No,2025-09-06
4623,USB Flash Drive,Storage,4,Good quality and easy to use,Positive,3938.16,Yes,2025-06-26
4624,Smartwatch,Wearable,5,Good quality and easy to use,Positive,37314.91,No,2025-12-07
4625,Router,Networking,5,"Amazing product, highly recommended",Positive,7604.67,No,2025-05-17
4626,Smartwatch,Wearable,1,Build quality is poor,Negative,1854.77,Yes,2025-08-24
4627,Webcam,Computer Accessories,3,Decent quality but has some limitations,Neutral,15925.93,Yes,2025-08-29
4628,Webcam,Computer Accessories,4,Fast performance and reliable,Positive,2887.94,Yes,2025-10-15
4629,Smartphone,Mobile,4,Very good product and worth the price,Positive,59572.41,Yes,2025-01-19
4630,Power Bank,Power,4,Great product with impressive features,Positive,6849.06,Yes,2025-06-19
4631,Monitor,Computing,5,"Amazing product, highly recommended",Positive,24076.88,Yes,2025-06-15
4632,Printer,Office Electronics,5,Fast performance and reliable,Positive,22085.09,Yes,2025-03-25
4633,Bluetooth Speaker,Audio,5,"Amazing product, highly recommended",Positive,20097.0,No,2025-10-21
4634,Router,Networking,4,"Amazing product, highly recommended",Positive,13790.09,Yes,2025-10-31
4635,Tablet,Computing,5,Excellent build quality and smooth performance,Positive,51643.57,Yes,2025-01-30
4636,Headphones,Audio,4,Amazing quality and works perfectly,Positive,13295.7,Yes,2025-09-07
4637,Smart TV,Home Entertainment,5,Excellent product with great performance,Positive,92609.2,Yes,2025-11-11
4638,Monitor,Computing,3,Nothing special but it works fine,Neutral,41966.42,Yes,2025-04-16
4639,External SSD,Storage,4,Amazing quality and works perfectly,Positive,12359.42,Yes,2025-08-19
4640,Smart TV,Home Entertainment,5,Excellent build quality and smooth performance,Positive,62436.67,Yes,2025-08-16
4641,Smart TV,Home Entertainment,3,Performance is acceptable,Neutral,73469.51,Yes,2025-01-07
4642,Smartphone,Mobile,4,Amazing quality and works perfectly,Positive,61509.94,Yes,2025-10-26
4643,Headphones,Audio,4,Good quality and easy to use,Positive,11773.16,Yes,2025-10-01
4644,Router,Networking,4,Excellent product with great performance,Positive,12125.22,Yes,2025-04-09
4645,Webcam,Computer Accessories,4,"Amazing product, highly recommended",Positive,12991.68,Yes,2025-04-25
4646,Smart TV,Home Entertainment,4,Amazing quality and works perfectly,Positive,199286.59,No,2025-10-08
4647,Router,Networking,4,Fast performance and reliable,Positive,12688.22,Yes,2025-10-20
4648,Tablet,Computing,3,Features are satisfactory,Neutral,76116.99,No,2025-01-27
4649,Router,Networking,3,Product meets basic expectations,Neutral,2862.6,Yes,2025-05-12
4650,Earbuds,Audio,4,Works perfectly and looks premium,Positive,19131.0,No,2025-08-17
4651,USB Flash Drive,Storage,1,Frequent problems while using the product,Negative,2691.85,Yes,2025-02-16
4652,Power Bank,Power,2,Very disappointed with the purchase,Negative,7039.22,Yes,2025-12-31
4653,Smartwatch,Wearable,5,Excellent product with great performance,Positive,48589.07,Yes,2025-03-18
4654,USB Flash Drive,Storage,5,Fast performance and reliable,Positive,1382.72,Yes,2025-11-13
4655,Smart TV,Home Entertainment,5,Great product with impressive features,Positive,186804.9,Yes,2025-01-24
4656,Power Bank,Power,5,Very good product and worth the price,Positive,5635.81,Yes,2025-11-16
4657,USB Flash Drive,Storage,3,It is okay but could be improved,Neutral,3773.83,Yes,2025-01-15
4658,Laptop,Computing,4,Good quality and easy to use,Positive,100854.16,Yes,2025-09-06
4659,Earbuds,Audio,1,Poor quality and disappointing performance,Negative,9192.44,No,2025-05-12
4660,Tablet,Computing,1,Poor quality and disappointing performance,Negative,82003.06,Yes,2025-06-18
4661,Earbuds,Audio,2,Poor quality and disappointing performance,Negative,1038.31,No,2025-02-09
4662,Monitor,Computing,5,Very good product and worth the price,Positive,46004.08,Yes,2025-09-05
4663,Keyboard,Accessories,4,Fast performance and reliable,Positive,1570.53,Yes,2025-08-16
4664,Bluetooth Speaker,Audio,5,Fast performance and reliable,Positive,8235.34,Yes,2025-04-28
4665,Power Bank,Power,5,Great product with impressive features,Positive,6021.43,Yes,2025-06-22
4666,Headphones,Audio,5,Excellent build quality and smooth performance,Positive,22764.79,Yes,2025-07-21
4667,Bluetooth Speaker,Audio,5,Excellent build quality and smooth performance,Positive,26760.07,Yes,2025-09-09
4668,USB Flash Drive,Storage,5,Fast performance and reliable,Positive,3662.56,Yes,2025-07-16
4669,Charger,Power,4,Amazing quality and works perfectly,Positive,3471.31,Yes,2025-01-22
4670,Smartphone,Mobile,5,Great product with impressive features,Positive,113853.14,Yes,2025-07-18
4671,Bluetooth Speaker,Audio,4,"Amazing product, highly recommended",Positive,16492.36,Yes,2025-05-08
4672,USB Flash Drive,Storage,1,Very disappointed with the purchase,Negative,3373.24,No,2025-05-31
4673,Smartwatch,Wearable,1,Build quality is poor,Negative,43601.05,Yes,2025-05-16
4674,Webcam,Computer Accessories,1,Build quality is poor,Negative,15510.21,Yes,2025-05-09
4675,Earbuds,Audio,5,Great product with impressive features,Positive,19363.18,No,2025-03-28
4676,Camera,Camera,5,Excellent product with great performance,Positive,145770.05,Yes,2025-05-01
4677,Mouse,Accessories,3,Product meets basic expectations,Neutral,5420.09,Yes,2025-09-18
4678,Camera,Camera,4,Works perfectly and looks premium,Positive,170959.01,No,2025-03-24
4679,External SSD,Storage,1,Build quality is poor,Negative,21914.75,Yes,2025-10-05
4680,Tablet,Computing,4,Excellent product with great performance,Positive,59149.17,No,2025-06-10
4681,Monitor,Computing,5,Great product with impressive features,Positive,19724.55,No,2025-08-11
4682,Charger,Power,3,It is okay but could be improved,Neutral,1467.53,Yes,2025-02-12
4683,Earbuds,Audio,4,Great product with impressive features,Positive,12580.34,Yes,2025-03-17
4684,Monitor,Computing,4,Amazing quality and works perfectly,Positive,21100.8,Yes,2025-11-26
4685,Printer,Office Electronics,4,Excellent product with great performance,Positive,24056.93,No,2025-10-31
4686,Headphones,Audio,4,Very good product and worth the price,Positive,4840.66,Yes,2025-01-26
4687,Smartwatch,Wearable,5,"Amazing product, highly recommended",Positive,8592.27,Yes,2025-11-26
4688,Charger,Power,3,"Average product, works as expected",Neutral,4263.11,Yes,2025-11-02
4689,Laptop,Computing,3,Nothing special but it works fine,Neutral,111337.5,Yes,2025-02-20
4690,Smartphone,Mobile,2,Battery life is very poor,Negative,95408.71,Yes,2025-03-30
4691,Printer,Office Electronics,4,Amazing quality and works perfectly,Positive,5519.27,No,2025-03-06
4692,Earbuds,Audio,5,Amazing quality and works perfectly,Positive,7497.96,Yes,2025-11-08
4693,Tablet,Computing,5,Very good product and worth the price,Positive,11591.26,Yes,2025-11-08
4694,Gaming Console,Gaming,4,Works perfectly and looks premium,Positive,25186.02,No,2025-09-20
4695,Mouse,Accessories,2,Performance is slow and unreliable,Negative,610.56,Yes,2025-04-02
4696,Mouse,Accessories,3,"Average product, works as expected",Neutral,5358.79,Yes,2025-12-03
4697,Keyboard,Accessories,5,Works perfectly and looks premium,Positive,1816.92,Yes,2025-11-06
4698,Tablet,Computing,4,Works perfectly and looks premium,Positive,81853.66,No,2025-11-14
4699,Printer,Office Electronics,3,Nothing special but it works fine,Neutral,28228.44,No,2025-05-12
4700,Smartphone,Mobile,3,Average experience with this product,Neutral,35479.54,Yes,2025-09-13
4701,Mouse,Accessories,5,Excellent build quality and smooth performance,Positive,8434.97,Yes,2025-09-04
4702,Earbuds,Audio,3,Decent quality but has some limitations,Neutral,12986.12,Yes,2025-02-25
4703,Camera,Camera,4,Excellent product with great performance,Positive,103929.78,Yes,2025-08-01
4704,Power Bank,Power,4,Amazing quality and works perfectly,Positive,4889.24,Yes,2025-07-20
4705,Monitor,Computing,5,"Amazing product, highly recommended",Positive,55773.05,Yes,2025-08-02
4706,Power Bank,Power,4,Amazing quality and works perfectly,Positive,4823.39,Yes,2025-05-05
4707,Headphones,Audio,4,Really happy with the purchase,Positive,28017.17,Yes,2025-09-02
4708,Tablet,Computing,1,Battery life is very poor,Negative,41857.64,Yes,2025-11-20
4709,Webcam,Computer Accessories,3,Product is okay for the price,Neutral,8789.04,Yes,2025-08-09
4710,Camera,Camera,3,"Average product, works as expected",Neutral,218242.25,No,2025-11-15
4711,Gaming Console,Gaming,5,"Amazing product, highly recommended",Positive,60061.82,Yes,2025-10-09
4712,Smart TV,Home Entertainment,5,Fast performance and reliable,Positive,193759.35,Yes,2025-04-25
4713,Webcam,Computer Accessories,4,Excellent product with great performance,Positive,16051.13,Yes,2025-09-26
4714,Charger,Power,4,Fast performance and reliable,Positive,2710.76,No,2025-09-03
4715,External SSD,Storage,3,Good enough for basic use,Neutral,20137.39,Yes,2025-12-11
4716,Power Bank,Power,4,Excellent build quality and smooth performance,Positive,3723.81,No,2025-05-04
4717,Headphones,Audio,5,Excellent build quality and smooth performance,Positive,4265.55,Yes,2025-03-01
4718,Camera,Camera,3,Nothing special but it works fine,Neutral,116599.87,Yes,2025-09-05
4719,Webcam,Computer Accessories,5,Excellent build quality and smooth performance,Positive,6348.23,Yes,2025-08-19
4720,Printer,Office Electronics,5,Amazing quality and works perfectly,Positive,35513.59,Yes,2025-08-13
4721,Power Bank,Power,5,Very good product and worth the price,Positive,5618.22,Yes,2025-09-28
4722,Webcam,Computer Accessories,5,"Amazing product, highly recommended",Positive,18809.99,Yes,2025-07-06
4723,Smartwatch,Wearable,3,It is okay but could be improved,Neutral,5353.69,Yes,2025-01-12
4724,Smartphone,Mobile,5,Good quality and easy to use,Positive,60367.67,Yes,2025-11-17
4725,Keyboard,Accessories,5,Very good product and worth the price,Positive,6280.27,Yes,2025-04-12
4726,Headphones,Audio,2,Product stopped working after a few days,Negative,16059.43,Yes,2025-03-31
4727,Smart TV,Home Entertainment,3,Performance is acceptable,Neutral,37119.17,Yes,2025-10-25
4728,Tablet,Computing,4,Really happy with the purchase,Positive,54228.39,Yes,2025-10-19
4729,Power Bank,Power,5,Really happy with the purchase,Positive,5530.48,No,2025-07-04
4730,External SSD,Storage,4,Fast performance and reliable,Positive,11472.23,Yes,2025-09-09
4731,Tablet,Computing,3,Good enough for basic use,Neutral,68539.79,No,2025-01-30
4732,Smartphone,Mobile,3,Nothing special but it works fine,Neutral,37755.23,Yes,2025-04-13
4733,Charger,Power,3,Features are satisfactory,Neutral,2035.74,Yes,2025-03-30
4734,Webcam,Computer Accessories,3,"Average product, works as expected",Neutral,18238.48,No,2025-06-03
4735,Smartphone,Mobile,3,Product meets basic expectations,Neutral,10806.54,Yes,2025-05-11
4736,Smartphone,Mobile,1,Build quality is poor,Negative,38556.22,Yes,2025-01-26
4737,Webcam,Computer Accessories,3,Performance is acceptable,Neutral,18778.79,No,2025-09-09
4738,Camera,Camera,4,Excellent product with great performance,Positive,58084.63,Yes,2025-08-07
4739,Router,Networking,4,Amazing quality and works perfectly,Positive,8550.75,Yes,2025-05-19
4740,Earbuds,Audio,2,Very bad experience with this product,Negative,11625.34,Yes,2025-11-21
4741,Bluetooth Speaker,Audio,5,Great product with impressive features,Positive,19857.3,No,2025-05-12
4742,Mouse,Accessories,4,Great product with impressive features,Positive,6234.2,Yes,2025-02-13
4743,Headphones,Audio,4,Fast performance and reliable,Positive,18989.49,Yes,2025-11-06
4744,Keyboard,Accessories,5,"Amazing product, highly recommended",Positive,14135.96,Yes,2025-02-18
4745,Smart TV,Home Entertainment,4,Really happy with the purchase,Positive,87665.21,Yes,2025-01-27
4746,Router,Networking,3,Good enough for basic use,Neutral,10306.44,Yes,2025-06-23
4747,Printer,Office Electronics,4,Fast performance and reliable,Positive,48378.84,Yes,2025-07-31
4748,Mouse,Accessories,1,Very bad experience with this product,Negative,1543.08,No,2025-04-13
4749,External SSD,Storage,5,Great product with impressive features,Positive,28601.72,No,2025-11-03
4750,Keyboard,Accessories,3,Product meets basic expectations,Neutral,14250.07,No,2025-04-12
4751,Camera,Camera,5,"Amazing product, highly recommended",Positive,239531.87,No,2025-12-18
4752,Router,Networking,4,Excellent build quality and smooth performance,Positive,2273.55,Yes,2025-08-22
4753,USB Flash Drive,Storage,5,Really happy with the purchase,Positive,3014.56,Yes,2025-03-09
4754,Webcam,Computer Accessories,4,Excellent build quality and smooth performance,Positive,16925.27,Yes,2025-05-30
4755,Tablet,Computing,4,Works perfectly and looks premium,Positive,38233.14,Yes,2025-01-28
4756,External SSD,Storage,4,Amazing quality and works perfectly,Positive,18945.16,No,2025-11-05
4757,Router,Networking,3,Nothing special but it works fine,Neutral,5872.46,Yes,2025-08-25
4758,Router,Networking,2,Not worth the price,Negative,3462.66,Yes,2025-06-06
4759,Smartphone,Mobile,3,Decent quality but has some limitations,Neutral,103452.71,Yes,2025-09-05
4760,Mouse,Accessories,2,Frequent problems while using the product,Negative,9817.84,Yes,2025-08-13
4761,Smart TV,Home Entertainment,4,Excellent build quality and smooth performance,Positive,27903.09,No,2025-08-07
4762,Webcam,Computer Accessories,5,Fast performance and reliable,Positive,3305.1,Yes,2025-05-26
4763,Headphones,Audio,2,Frequent problems while using the product,Negative,17863.9,Yes,2025-05-09
4764,Mouse,Accessories,5,"Amazing product, highly recommended",Positive,1137.22,No,2025-04-04
4765,Printer,Office Electronics,3,Performance is acceptable,Neutral,33402.44,Yes,2025-10-15
4766,Webcam,Computer Accessories,5,Fast performance and reliable,Positive,14670.23,Yes,2025-06-22
4767,Bluetooth Speaker,Audio,4,Very good product and worth the price,Positive,12907.18,Yes,2025-06-21
4768,USB Flash Drive,Storage,5,Great product with impressive features,Positive,3854.34,Yes,2025-09-20
4769,USB Flash Drive,Storage,5,"Amazing product, highly recommended",Positive,834.06,Yes,2025-07-13
4770,Smartwatch,Wearable,5,Great product with impressive features,Positive,16109.97,Yes,2025-12-14
4771,Smartphone,Mobile,5,Excellent build quality and smooth performance,Positive,98455.56,Yes,2025-03-29
4772,Smartphone,Mobile,5,"Amazing product, highly recommended",Positive,17894.97,Yes,2025-01-16
4773,Tablet,Computing,2,Battery life is very poor,Negative,35657.7,No,2025-06-03
4774,Router,Networking,4,Amazing quality and works perfectly,Positive,12802.09,Yes,2025-07-14
4775,Monitor,Computing,4,Amazing quality and works perfectly,Positive,24307.01,No,2025-10-27
4776,Gaming Console,Gaming,5,Great product with impressive features,Positive,51448.18,Yes,2025-08-21
4777,Laptop,Computing,5,Excellent product with great performance,Positive,155578.73,No,2025-12-09
4778,Camera,Camera,5,Really happy with the purchase,Positive,85674.94,No,2025-02-01
4779,Router,Networking,2,Performance is slow and unreliable,Negative,9281.17,Yes,2025-07-16
4780,Smart TV,Home Entertainment,1,Build quality is poor,Negative,18376.69,Yes,2025-10-30
4781,Bluetooth Speaker,Audio,4,Very good product and worth the price,Positive,21484.39,Yes,2025-07-03
4782,Power Bank,Power,5,Great product with impressive features,Positive,3356.43,Yes,2025-04-11
4783,Mouse,Accessories,4,"Amazing product, highly recommended",Positive,8642.52,No,2025-10-08
4784,Bluetooth Speaker,Audio,1,Very bad experience with this product,Negative,3386.0,Yes,2025-11-16
4785,Camera,Camera,2,Very disappointed with the purchase,Negative,201001.83,No,2025-04-05
4786,Charger,Power,5,Works perfectly and looks premium,Positive,4124.84,Yes,2025-07-21
4787,USB Flash Drive,Storage,3,Nothing special but it works fine,Neutral,3947.52,Yes,2025-10-21
4788,Smartphone,Mobile,4,Very good product and worth the price,Positive,90250.5,Yes,2025-02-25
4789,Headphones,Audio,4,Excellent build quality and smooth performance,Positive,7514.78,Yes,2025-01-05
4790,Charger,Power,1,Very bad experience with this product,Negative,2258.64,Yes,2025-09-27
4791,Charger,Power,4,Works perfectly and looks premium,Positive,2113.98,Yes,2025-10-02
4792,Webcam,Computer Accessories,3,Decent quality but has some limitations,Neutral,5579.72,No,2025-02-27
4793,Gaming Console,Gaming,2,Build quality is poor,Negative,52042.97,Yes,2025-08-06
4794,Smartphone,Mobile,4,Good quality and easy to use,Positive,86123.7,Yes,2025-09-20
4795,Mouse,Accessories,3,Good enough for basic use,Neutral,4943.65,No,2025-12-18
4796,USB Flash Drive,Storage,4,Great product with impressive features,Positive,4879.98,No,2025-10-22
4797,Printer,Office Electronics,5,Excellent build quality and smooth performance,Positive,36894.13,Yes,2025-03-22
4798,USB Flash Drive,Storage,2,Product has several issues,Negative,2380.69,Yes,2025-07-30
4799,Mouse,Accessories,5,Very good product and worth the price,Positive,4218.39,No,2025-09-25
4800,Tablet,Computing,4,Fast performance and reliable,Positive,62524.6,Yes,2025-04-09
4801,Headphones,Audio,3,Performance is acceptable,Neutral,13237.04,Yes,2025-03-01
4802,USB Flash Drive,Storage,1,Very bad experience with this product,Negative,1343.11,No,2025-06-09
4803,Bluetooth Speaker,Audio,5,"Amazing product, highly recommended",Positive,16014.54,Yes,2025-09-20
4804,External SSD,Storage,4,Good quality and easy to use,Positive,21163.29,Yes,2025-07-12
4805,Smartphone,Mobile,4,Excellent product with great performance,Positive,48145.83,Yes,2025-08-09
4806,Mouse,Accessories,2,Poor quality and disappointing performance,Negative,3048.24,Yes,2025-09-01
4807,Smart TV,Home Entertainment,4,Great product with impressive features,Positive,55217.63,Yes,2025-12-15
4808,Headphones,Audio,5,Great product with impressive features,Positive,11203.24,Yes,2025-08-20
4809,Smartphone,Mobile,4,Works perfectly and looks premium,Positive,35369.17,No,2025-02-19
4810,Earbuds,Audio,5,Good quality and easy to use,Positive,19195.92,No,2025-05-27
4811,Laptop,Computing,1,Product has several issues,Negative,125807.14,Yes,2025-03-04
4812,Camera,Camera,5,Good quality and easy to use,Positive,89559.75,Yes,2025-10-04
4813,Smartwatch,Wearable,3,Product is okay for the price,Neutral,49603.82,No,2025-12-30
4814,Headphones,Audio,3,Product is okay for the price,Neutral,19547.33,Yes,2025-10-09
4815,Charger,Power,2,Battery life is very poor,Negative,969.62,Yes,2025-03-31
4816,Bluetooth Speaker,Audio,2,Build quality is poor,Negative,25016.65,Yes,2025-09-12
4817,Gaming Console,Gaming,4,Fast performance and reliable,Positive,66453.62,Yes,2025-01-08
4818,Webcam,Computer Accessories,1,Battery life is very poor,Negative,10500.54,Yes,2025-04-10
4819,Webcam,Computer Accessories,3,Product meets basic expectations,Neutral,5435.81,Yes,2025-04-21
4820,Router,Networking,5,Amazing quality and works perfectly,Positive,16406.65,Yes,2025-06-21
4821,Smart TV,Home Entertainment,3,"Average product, works as expected",Neutral,38035.87,Yes,2025-04-27
4822,Router,Networking,2,Product stopped working after a few days,Negative,8942.67,Yes,2025-06-07
4823,Laptop,Computing,3,Features are satisfactory,Neutral,152598.39,Yes,2025-01-04
4824,Smart TV,Home Entertainment,5,Good quality and easy to use,Positive,163266.55,Yes,2025-10-26
4825,Charger,Power,3,Average experience with this product,Neutral,3260.49,No,2025-05-25
4826,Smartphone,Mobile,4,Good quality and easy to use,Positive,8867.13,Yes,2025-10-22
4827,Camera,Camera,5,Works perfectly and looks premium,Positive,99952.52,Yes,2025-01-22
4828,Headphones,Audio,3,Average experience with this product,Neutral,25669.34,Yes,2025-11-13
4829,Power Bank,Power,5,Good quality and easy to use,Positive,5993.83,Yes,2025-08-17
4830,Gaming Console,Gaming,4,"Amazing product, highly recommended",Positive,69582.74,No,2025-03-26
4831,Smartphone,Mobile,5,Amazing quality and works perfectly,Positive,15053.9,Yes,2025-10-02
4832,Keyboard,Accessories,2,Very disappointed with the purchase,Negative,14141.16,Yes,2025-10-01
4833,Laptop,Computing,5,Works perfectly and looks premium,Positive,64357.48,Yes,2025-09-23
4834,Tablet,Computing,4,Good quality and easy to use,Positive,39906.37,Yes,2025-11-14
4835,Headphones,Audio,4,Very good product and worth the price,Positive,25297.2,No,2025-12-15
4836,External SSD,Storage,4,"Amazing product, highly recommended",Positive,13967.92,No,2025-03-02
4837,Keyboard,Accessories,4,Good quality and easy to use,Positive,9824.61,Yes,2025-04-14
4838,Smartphone,Mobile,4,Excellent product with great performance,Positive,69864.72,Yes,2025-01-15
4839,Router,Networking,5,"Amazing product, highly recommended",Positive,17455.45,Yes,2025-01-25
4840,Power Bank,Power,1,Frequent problems while using the product,Negative,1924.09,Yes,2025-02-08
4841,Tablet,Computing,5,Really happy with the purchase,Positive,18801.21,Yes,2025-09-10
4842,Charger,Power,4,"Amazing product, highly recommended",Positive,3272.06,Yes,2025-08-10
4843,Headphones,Audio,1,Frequent problems while using the product,Negative,25416.93,No,2025-01-13
4844,Camera,Camera,1,Build quality is poor,Negative,232697.87,No,2025-06-03
4845,Webcam,Computer Accessories,3,Performance is acceptable,Neutral,8598.59,Yes,2025-02-10
4846,Bluetooth Speaker,Audio,5,Good quality and easy to use,Positive,22257.81,Yes,2025-03-13
4847,Router,Networking,3,Decent quality but has some limitations,Neutral,8424.94,No,2025-01-21
4848,Smartphone,Mobile,5,"Amazing product, highly recommended",Positive,43714.04,Yes,2025-07-12
4849,Keyboard,Accessories,1,Very disappointed with the purchase,Negative,851.08,Yes,2025-01-30
4850,Printer,Office Electronics,5,Very good product and worth the price,Positive,16254.97,Yes,2025-10-14
4851,Laptop,Computing,5,Excellent product with great performance,Positive,55525.84,Yes,2025-12-07
4852,Webcam,Computer Accessories,4,Excellent build quality and smooth performance,Positive,6103.64,Yes,2025-11-09
4853,Laptop,Computing,4,Really happy with the purchase,Positive,73309.07,Yes,2025-10-28
4854,Mouse,Accessories,5,Fast performance and reliable,Positive,8631.42,Yes,2025-10-02
4855,Smartwatch,Wearable,2,Frequent problems while using the product,Negative,11363.74,Yes,2025-11-29
4856,Smartphone,Mobile,2,Battery life is very poor,Negative,99761.46,Yes,2025-11-20
4857,Bluetooth Speaker,Audio,5,Amazing quality and works perfectly,Positive,25892.8,Yes,2025-03-20
4858,Charger,Power,5,Works perfectly and looks premium,Positive,2479.75,Yes,2025-08-09
4859,Router,Networking,2,Very bad experience with this product,Negative,14765.8,Yes,2025-04-22
4860,Bluetooth Speaker,Audio,2,Build quality is poor,Negative,10103.34,No,2025-11-02
4861,Mouse,Accessories,3,Decent quality but has some limitations,Neutral,472.38,Yes,2025-01-04
4862,Smartwatch,Wearable,5,Very good product and worth the price,Positive,35918.1,Yes,2025-06-02
4863,Router,Networking,2,Build quality is poor,Negative,12521.84,Yes,2025-05-19
4864,Smartwatch,Wearable,5,Good quality and easy to use,Positive,23876.14,Yes,2025-11-08
4865,Printer,Office Electronics,4,Excellent product with great performance,Positive,45441.05,Yes,2025-04-18
4866,Smartwatch,Wearable,5,Excellent product with great performance,Positive,36772.01,No,2025-11-23
4867,Gaming Console,Gaming,4,Very good product and worth the price,Positive,48406.97,No,2025-07-01
4868,Bluetooth Speaker,Audio,4,Really happy with the purchase,Positive,2358.66,Yes,2025-09-08
4869,Smart TV,Home Entertainment,5,Works perfectly and looks premium,Positive,177075.86,Yes,2025-07-13
4870,Earbuds,Audio,4,Really happy with the purchase,Positive,24623.75,Yes,2025-06-07
4871,Webcam,Computer Accessories,4,Excellent product with great performance,Positive,13055.9,Yes,2025-04-22
4872,USB Flash Drive,Storage,5,Excellent product with great performance,Positive,3910.54,Yes,2025-04-13
4873,Mouse,Accessories,2,Battery life is very poor,Negative,5208.44,Yes,2025-08-22
4874,Mouse,Accessories,4,Excellent build quality and smooth performance,Positive,2595.44,Yes,2025-04-29
4875,Monitor,Computing,3,Product is okay for the price,Neutral,73492.99,Yes,2025-11-12
4876,Keyboard,Accessories,4,Really happy with the purchase,Positive,10481.08,Yes,2025-02-18
4877,Mouse,Accessories,3,Average experience with this product,Neutral,5621.06,Yes,2025-03-20
4878,Tablet,Computing,5,Amazing quality and works perfectly,Positive,71387.59,Yes,2025-01-18
4879,Bluetooth Speaker,Audio,5,Excellent product with great performance,Positive,15746.35,No,2025-11-12
4880,Printer,Office Electronics,3,Nothing special but it works fine,Neutral,7627.3,Yes,2025-06-01
4881,Smart TV,Home Entertainment,1,Frequent problems while using the product,Negative,137181.61,Yes,2025-01-13
4882,Laptop,Computing,4,Excellent product with great performance,Positive,30782.53,Yes,2025-01-16
4883,Router,Networking,5,"Amazing product, highly recommended",Positive,5186.57,Yes,2025-12-02
4884,Headphones,Audio,3,Features are satisfactory,Neutral,5101.39,Yes,2025-11-18
4885,Gaming Console,Gaming,5,Excellent build quality and smooth performance,Positive,43706.72,Yes,2025-04-12
4886,Camera,Camera,3,Nothing special but it works fine,Neutral,229371.02,Yes,2025-08-26
4887,Printer,Office Electronics,4,Great product with impressive features,Positive,8586.57,Yes,2025-04-03
4888,Router,Networking,5,Very good product and worth the price,Positive,7790.72,Yes,2025-11-04
4889,USB Flash Drive,Storage,3,Decent quality but has some limitations,Neutral,3869.94,No,2025-09-19
4890,USB Flash Drive,Storage,4,Good quality and easy to use,Positive,4356.53,Yes,2025-06-12
4891,Camera,Camera,5,Amazing quality and works perfectly,Positive,190629.06,Yes,2025-12-05
4892,Keyboard,Accessories,4,Good quality and easy to use,Positive,14495.57,No,2025-03-23
4893,Bluetooth Speaker,Audio,2,Not worth the price,Negative,21120.79,Yes,2025-12-30
4894,Bluetooth Speaker,Audio,4,Works perfectly and looks premium,Positive,22548.19,No,2025-04-16
4895,Monitor,Computing,3,Good enough for basic use,Neutral,37233.01,No,2025-11-21
4896,Earbuds,Audio,1,Very disappointed with the purchase,Negative,7900.31,Yes,2025-11-08
4897,Bluetooth Speaker,Audio,3,Features are satisfactory,Neutral,14286.76,Yes,2025-07-25
4898,Charger,Power,3,Average experience with this product,Neutral,3909.21,No,2025-02-14
4899,Earbuds,Audio,4,Great product with impressive features,Positive,16431.44,Yes,2025-10-02
4900,Bluetooth Speaker,Audio,2,Product stopped working after a few days,Negative,23339.45,Yes,2025-09-12
4901,Router,Networking,1,Not worth the price,Negative,12924.15,Yes,2025-11-12
4902,Bluetooth Speaker,Audio,5,Amazing quality and works perfectly,Positive,22206.56,No,2025-03-24
4903,Tablet,Computing,4,Amazing quality and works perfectly,Positive,24010.22,Yes,2025-03-29
4904,Smartphone,Mobile,4,Really happy with the purchase,Positive,44249.76,Yes,2025-05-09
4905,External SSD,Storage,5,Very good product and worth the price,Positive,18152.18,Yes,2025-05-15
4906,Webcam,Computer Accessories,3,Product is okay for the price,Neutral,1314.4,Yes,2025-01-02
4907,Gaming Console,Gaming,4,Great product with impressive features,Positive,75176.35,No,2025-02-26
4908,Laptop,Computing,5,Really happy with the purchase,Positive,65923.47,Yes,2025-06-24
4909,Charger,Power,5,Excellent build quality and smooth performance,Positive,715.96,Yes,2025-12-19
4910,Earbuds,Audio,2,Very disappointed with the purchase,Negative,16774.13,Yes,2025-02-16
4911,Bluetooth Speaker,Audio,2,Product has several issues,Negative,6457.18,Yes,2025-03-30
4912,Webcam,Computer Accessories,5,Amazing quality and works perfectly,Positive,11676.76,Yes,2025-11-10
4913,USB Flash Drive,Storage,5,Works perfectly and looks premium,Positive,1470.19,Yes,2025-01-15
4914,Router,Networking,3,It is okay but could be improved,Neutral,4152.89,No,2025-02-05
4915,Power Bank,Power,5,"Amazing product, highly recommended",Positive,6091.97,Yes,2025-11-21
4916,Charger,Power,5,Great product with impressive features,Positive,2125.35,Yes,2025-04-02
4917,Webcam,Computer Accessories,4,Good quality and easy to use,Positive,11914.33,No,2025-04-23
4918,Gaming Console,Gaming,1,Battery life is very poor,Negative,36886.85,No,2025-01-06
4919,Charger,Power,5,Really happy with the purchase,Positive,2896.35,Yes,2025-05-29
4920,Laptop,Computing,3,Nothing special but it works fine,Neutral,93184.57,Yes,2025-12-29
4921,Smart TV,Home Entertainment,3,Good enough for basic use,Neutral,24476.52,No,2025-12-26
4922,USB Flash Drive,Storage,5,Excellent build quality and smooth performance,Positive,3715.45,No,2025-08-23
4923,Monitor,Computing,1,Build quality is poor,Negative,46874.96,No,2025-09-04
4924,Earbuds,Audio,5,Amazing quality and works perfectly,Positive,23219.83,Yes,2025-08-23
4925,Smart TV,Home Entertainment,4,Fast performance and reliable,Positive,164470.74,Yes,2025-09-11
4926,Smart TV,Home Entertainment,1,Battery life is very poor,Negative,120657.05,Yes,2025-07-09
4927,Keyboard,Accessories,3,It is okay but could be improved,Neutral,1124.36,Yes,2025-03-17
4928,Headphones,Audio,1,Product stopped working after a few days,Negative,22681.6,Yes,2025-11-13
4929,External SSD,Storage,3,Decent quality but has some limitations,Neutral,17824.19,Yes,2025-11-18
4930,Camera,Camera,5,Fast performance and reliable,Positive,212882.09,Yes,2025-02-22
4931,Webcam,Computer Accessories,5,Really happy with the purchase,Positive,11977.16,Yes,2025-02-04
4932,Power Bank,Power,3,Performance is acceptable,Neutral,814.6,Yes,2025-10-17
4933,Charger,Power,5,Amazing quality and works perfectly,Positive,4130.09,Yes,2025-01-18
4934,Tablet,Computing,4,Fast performance and reliable,Positive,81934.65,Yes,2025-10-22
4935,Camera,Camera,3,Product is okay for the price,Neutral,47365.6,Yes,2025-12-25
4936,Monitor,Computing,4,Excellent build quality and smooth performance,Positive,56602.94,Yes,2025-01-14
4937,Headphones,Audio,4,"Amazing product, highly recommended",Positive,16019.97,Yes,2025-10-19
4938,External SSD,Storage,5,Excellent product with great performance,Positive,18927.76,No,2025-02-18
4939,Bluetooth Speaker,Audio,4,Works perfectly and looks premium,Positive,26769.12,Yes,2025-04-16
4940,Headphones,Audio,3,Average experience with this product,Neutral,7862.27,Yes,2025-07-19
4941,Smart TV,Home Entertainment,5,Very good product and worth the price,Positive,17434.58,Yes,2025-09-06
4942,Smart TV,Home Entertainment,2,Frequent problems while using the product,Negative,53583.99,Yes,2025-02-02
4943,Mouse,Accessories,4,Good quality and easy to use,Positive,9176.72,Yes,2025-02-09
4944,Earbuds,Audio,5,Good quality and easy to use,Positive,5679.87,Yes,2025-04-14
4945,Smartwatch,Wearable,3,Product is okay for the price,Neutral,34213.76,Yes,2025-09-06
4946,Camera,Camera,4,"Amazing product, highly recommended",Positive,202679.28,Yes,2025-05-28
4947,Camera,Camera,2,Battery life is very poor,Negative,207972.31,Yes,2025-04-11
4948,Camera,Camera,2,Battery life is very poor,Negative,27348.34,Yes,2025-02-27
4949,External SSD,Storage,3,Good enough for basic use,Neutral,3253.87,Yes,2025-12-20
4950,Mouse,Accessories,5,Really happy with the purchase,Positive,9893.4,Yes,2025-09-15
4951,Gaming Console,Gaming,2,Not worth the price,Negative,54008.47,Yes,2025-12-26
4952,Gaming Console,Gaming,2,Product has several issues,Negative,28503.68,No,2025-06-30
4953,External SSD,Storage,4,Works perfectly and looks premium,Positive,3723.84,Yes,2025-10-26
4954,Router,Networking,5,Works perfectly and looks premium,Positive,16404.65,Yes,2025-08-22
4955,Smartphone,Mobile,4,Fast performance and reliable,Positive,109354.97,No,2025-07-11
4956,Camera,Camera,2,Frequent problems while using the product,Negative,143010.81,Yes,2025-06-23
4957,Smart TV,Home Entertainment,1,Performance is slow and unreliable,Negative,83767.1,Yes,2025-07-02
4958,Charger,Power,2,Performance is slow and unreliable,Negative,3601.08,Yes,2025-05-31
4959,Power Bank,Power,3,"Average product, works as expected",Neutral,961.2,Yes,2025-08-22
4960,Camera,Camera,5,Very good product and worth the price,Positive,227256.05,Yes,2025-06-29
4961,Charger,Power,5,Fast performance and reliable,Positive,1503.63,Yes,2025-12-21
4962,Keyboard,Accessories,5,"Amazing product, highly recommended",Positive,3268.18,Yes,2025-11-25
4963,Smart TV,Home Entertainment,2,Frequent problems while using the product,Negative,72496.59,Yes,2025-06-19
4964,Laptop,Computing,4,Excellent product with great performance,Positive,39559.15,Yes,2025-05-25
4965,USB Flash Drive,Storage,4,Excellent build quality and smooth performance,Positive,2130.93,Yes,2025-10-05
4966,Smartwatch,Wearable,4,Excellent build quality and smooth performance,Positive,36165.27,Yes,2025-08-23
4967,Headphones,Audio,4,Great product with impressive features,Positive,15197.09,Yes,2025-03-26
4968,Camera,Camera,3,Decent quality but has some limitations,Neutral,175295.28,Yes,2025-11-01
4969,Camera,Camera,4,Amazing quality and works perfectly,Positive,73098.69,No,2025-09-07
4970,Webcam,Computer Accessories,5,Good quality and easy to use,Positive,8559.92,Yes,2025-08-15
4971,Earbuds,Audio,4,Great product with impressive features,Positive,13227.29,No,2025-10-13
4972,Smartphone,Mobile,5,Fast performance and reliable,Positive,72126.55,No,2025-03-24
4973,Earbuds,Audio,2,Very bad experience with this product,Negative,5066.71,Yes,2025-10-19
4974,Power Bank,Power,4,Good quality and easy to use,Positive,6615.22,Yes,2025-02-14
4975,Monitor,Computing,4,Fast performance and reliable,Positive,12676.0,No,2025-10-17
4976,Earbuds,Audio,5,Excellent product with great performance,Positive,2908.04,Yes,2025-08-04
4977,Webcam,Computer Accessories,5,Excellent build quality and smooth performance,Positive,5744.31,Yes,2025-08-01
4978,Charger,Power,3,"Average product, works as expected",Neutral,3375.09,Yes,2025-09-23
4979,Gaming Console,Gaming,2,Product has several issues,Negative,29239.79,Yes,2025-04-24
4980,Router,Networking,4,Fast performance and reliable,Positive,1146.79,No,2025-10-08
4981,Keyboard,Accessories,2,Product has several issues,Negative,7346.63,Yes,2025-01-10
4982,Router,Networking,3,Product meets basic expectations,Neutral,7586.48,Yes,2025-09-11
4983,Smart TV,Home Entertainment,4,Excellent build quality and smooth performance,Positive,43998.07,Yes,2025-10-17
4984,Router,Networking,4,Excellent build quality and smooth performance,Positive,13462.55,Yes,2025-01-02
4985,Earbuds,Audio,4,Really happy with the purchase,Positive,16215.07,Yes,2025-09-11
4986,External SSD,Storage,4,Very good product and worth the price,Positive,6291.11,No,2025-10-10
4987,Headphones,Audio,5,Great product with impressive features,Positive,7279.14,Yes,2025-07-10
4988,Laptop,Computing,5,Great product with impressive features,Positive,84746.9,Yes,2025-08-09
4989,Keyboard,Accessories,4,Amazing quality and works perfectly,Positive,14855.58,Yes,2025-01-22
4990,Power Bank,Power,3,Features are satisfactory,Neutral,6333.85,Yes,2025-12-27
4991,Mouse,Accessories,5,Excellent build quality and smooth performance,Positive,3570.5,No,2025-12-19
4992,Earbuds,Audio,1,Product stopped working after a few days,Negative,24153.23,Yes,2025-10-07
4993,Earbuds,Audio,2,Battery life is very poor,Negative,11645.84,Yes,2025-01-06
4994,Webcam,Computer Accessories,5,Excellent product with great performance,Positive,8226.31,No,2025-06-07
4995,Earbuds,Audio,5,Very good product and worth the price,Positive,23635.0,Yes,2025-10-26
4996,External SSD,Storage,2,Frequent problems while using the product,Negative,22876.74,No,2025-09-04
4997,Earbuds,Audio,5,Good quality and easy to use,Positive,13922.18,No,2025-11-27
4998,Tablet,Computing,3,Features are satisfactory,Neutral,64062.69,Yes,2025-08-13
4999,Laptop,Computing,4,Great product with impressive features,Positive,175921.58,Yes,2025-09-18
5000,Headphones,Audio,1,Not worth the price,Negative,5010.6,Yes,2025-05-04
5001,USB Flash Drive,Storage,4,Great product with impressive features,Positive,1931.49,Yes,2025-10-24
5002,Mouse,Accessories,2,Frequent problems while using the product,Negative,4383.86,Yes,2025-07-14
5003,Gaming Console,Gaming,4,Works perfectly and looks premium,Positive,79158.47,Yes,2025-10-20
5004,Smart TV,Home Entertainment,5,Great product with impressive features,Positive,30575.91,Yes,2025-03-16
5005,Smartphone,Mobile,5,Good quality and easy to use,Positive,20504.93,No,2025-04-08
5006,Tablet,Computing,4,"Amazing product, highly recommended",Positive,49183.33,Yes,2025-02-02
5007,Webcam,Computer Accessories,4,Amazing quality and works perfectly,Positive,4215.63,Yes,2025-09-04
5008,Charger,Power,4,Good quality and easy to use,Positive,3518.7,Yes,2025-09-25
5009,Camera,Camera,1,Not worth the price,Negative,106152.44,Yes,2025-04-14
5010,Bluetooth Speaker,Audio,5,Good quality and easy to use,Positive,25509.26,Yes,2025-05-21
5011,USB Flash Drive,Storage,4,Excellent product with great performance,Positive,3818.47,Yes,2025-07-27
5012,Camera,Camera,4,"Amazing product, highly recommended",Positive,130931.53,Yes,2025-10-03
5013,Earbuds,Audio,3,Good enough for basic use,Neutral,21202.0,No,2025-04-21
5014,Camera,Camera,1,Poor quality and disappointing performance,Negative,47684.24,Yes,2025-06-28
5015,Smartphone,Mobile,3,"Average product, works as expected",Neutral,73083.09,No,2025-03-09
5016,Headphones,Audio,2,Performance is slow and unreliable,Negative,18351.42,Yes,2025-10-23
5017,Headphones,Audio,2,Battery life is very poor,Negative,7757.62,Yes,2025-11-15
5018,External SSD,Storage,5,Very good product and worth the price,Positive,4339.78,Yes,2025-09-27
5019,Router,Networking,5,Fast performance and reliable,Positive,11168.78,Yes,2025-10-25
5020,Laptop,Computing,2,Very bad experience with this product,Negative,107051.56,Yes,2025-10-06
5021,Webcam,Computer Accessories,2,Frequent problems while using the product,Negative,13418.62,Yes,2025-11-02
5022,USB Flash Drive,Storage,4,Excellent product with great performance,Positive,1300.77,No,2025-06-06
5023,Keyboard,Accessories,1,Product stopped working after a few days,Negative,3104.83,Yes,2025-03-17
5024,Headphones,Audio,5,Excellent build quality and smooth performance,Positive,29348.52,Yes,2025-12-17
5025,Keyboard,Accessories,4,Excellent build quality and smooth performance,Positive,2148.48,Yes,2025-01-01
5026,Charger,Power,2,Very disappointed with the purchase,Negative,4997.22,Yes,2025-05-28
5027,Camera,Camera,3,Nothing special but it works fine,Neutral,186994.77,No,2025-09-23
5028,Bluetooth Speaker,Audio,4,Works perfectly and looks premium,Positive,19176.21,Yes,2025-10-17
5029,Tablet,Computing,4,Very good product and worth the price,Positive,40580.51,Yes,2025-09-08
5030,Camera,Camera,4,Works perfectly and looks premium,Positive,220255.7,Yes,2025-06-28
5031,Router,Networking,3,Nothing special but it works fine,Neutral,18291.17,Yes,2025-12-03
5032,Earbuds,Audio,1,Build quality is poor,Negative,18186.16,Yes,2025-03-27
5033,Camera,Camera,2,Not worth the price,Negative,184724.93,Yes,2025-02-21
5034,Charger,Power,5,Excellent product with great performance,Positive,2617.83,No,2025-08-18
5035,Power Bank,Power,4,Good quality and easy to use,Positive,1360.41,Yes,2025-04-27
5036,Smartphone,Mobile,3,Decent quality but has some limitations,Neutral,119891.25,Yes,2025-06-21
5037,Bluetooth Speaker,Audio,4,"Amazing product, highly recommended",Positive,1254.22,Yes,2025-06-16
5038,Monitor,Computing,3,It is okay but could be improved,Neutral,42659.41,Yes,2025-04-07
5039,USB Flash Drive,Storage,3,Good enough for basic use,Neutral,2025.53,Yes,2025-12-31
5040,USB Flash Drive,Storage,5,"Amazing product, highly recommended",Positive,3947.82,No,2025-05-20
5041,Printer,Office Electronics,5,Excellent product with great performance,Positive,38110.12,Yes,2025-09-02
5042,Mouse,Accessories,2,Product stopped working after a few days,Negative,6392.08,Yes,2025-02-28
5043,Bluetooth Speaker,Audio,4,Excellent product with great performance,Positive,2982.37,Yes,2025-12-28
5044,Mouse,Accessories,5,Very good product and worth the price,Positive,2597.44,Yes,2025-12-27
5045,External SSD,Storage,1,Not worth the price,Negative,5542.28,Yes,2025-01-26
5046,Camera,Camera,5,Good quality and easy to use,Positive,245269.68,Yes,2025-08-23
5047,Camera,Camera,5,Amazing quality and works perfectly,Positive,53751.15,No,2025-08-06
5048,Keyboard,Accessories,5,Good quality and easy to use,Positive,14524.29,Yes,2025-03-05
5049,Gaming Console,Gaming,1,Product stopped working after a few days,Negative,31199.17,Yes,2025-10-08
5050,Printer,Office Electronics,1,Very bad experience with this product,Negative,43800.37,Yes,2025-10-07
5051,Gaming Console,Gaming,5,Great product with impressive features,Positive,56604.66,Yes,2025-11-05
5052,Keyboard,Accessories,1,Product has several issues,Negative,12560.02,Yes,2025-08-08
5053,USB Flash Drive,Storage,1,Very disappointed with the purchase,Negative,3279.96,Yes,2025-09-16
5054,Webcam,Computer Accessories,3,Performance is acceptable,Neutral,15607.91,Yes,2025-09-21
5055,External SSD,Storage,5,Great product with impressive features,Positive,22731.91,Yes,2025-10-08
5056,Printer,Office Electronics,5,Amazing quality and works perfectly,Positive,16708.41,Yes,2025-08-02
5057,Earbuds,Audio,4,Works perfectly and looks premium,Positive,23408.68,Yes,2025-09-29
5058,Keyboard,Accessories,2,Very bad experience with this product,Negative,9832.87,Yes,2025-01-23
5059,Headphones,Audio,5,Fast performance and reliable,Positive,6461.48,Yes,2025-08-14
5060,Monitor,Computing,4,Good quality and easy to use,Positive,28647.11,Yes,2025-03-16
5061,Router,Networking,3,Good enough for basic use,Neutral,11127.97,Yes,2025-05-29
5062,Gaming Console,Gaming,5,Works perfectly and looks premium,Positive,73500.47,No,2025-10-08
5063,Smartphone,Mobile,5,Very good product and worth the price,Positive,97236.35,Yes,2025-02-11
5064,External SSD,Storage,5,Good quality and easy to use,Positive,11155.3,Yes,2025-10-03
5065,Smartwatch,Wearable,3,Average experience with this product,Neutral,34891.59,Yes,2025-04-05
5066,Smartwatch,Wearable,4,Fast performance and reliable,Positive,1580.36,Yes,2025-10-03
5067,Power Bank,Power,4,Excellent product with great performance,Positive,3195.02,Yes,2025-10-07
5068,Headphones,Audio,5,Works perfectly and looks premium,Positive,25268.06,Yes,2025-01-06
5069,Smart TV,Home Entertainment,4,Really happy with the purchase,Positive,42972.22,Yes,2025-03-27
5070,Tablet,Computing,5,Great product with impressive features,Positive,41805.57,Yes,2025-10-21
5071,Smartwatch,Wearable,5,Good quality and easy to use,Positive,1550.6,Yes,2025-05-05
5072,External SSD,Storage,1,Frequent problems while using the product,Negative,3624.58,Yes,2025-06-10
5073,Earbuds,Audio,3,Features are satisfactory,Neutral,4077.47,No,2025-01-06
5074,Router,Networking,5,"Amazing product, highly recommended",Positive,2935.4,Yes,2025-09-11
5075,Gaming Console,Gaming,5,Excellent product with great performance,Positive,51935.11,Yes,2025-02-04
5076,Smartwatch,Wearable,4,Good quality and easy to use,Positive,45150.21,Yes,2025-04-10
5077,Charger,Power,4,"Amazing product, highly recommended",Positive,697.82,Yes,2025-06-24
5078,Power Bank,Power,3,Product meets basic expectations,Neutral,7062.83,Yes,2025-10-08
5079,Laptop,Computing,4,Amazing quality and works perfectly,Positive,130223.68,Yes,2025-07-01
5080,External SSD,Storage,5,Fast performance and reliable,Positive,7560.16,Yes,2025-12-25
5081,Printer,Office Electronics,3,Performance is acceptable,Neutral,18038.14,Yes,2025-07-10
5082,Webcam,Computer Accessories,2,Frequent problems while using the product,Negative,4689.49,Yes,2025-04-03
5083,Laptop,Computing,2,Product has several issues,Negative,148394.77,Yes,2025-03-11
5084,Smartwatch,Wearable,1,Performance is slow and unreliable,Negative,36667.37,Yes,2025-10-14
5085,USB Flash Drive,Storage,5,Great product with impressive features,Positive,1730.72,Yes,2025-06-17
5086,Bluetooth Speaker,Audio,1,Product has several issues,Negative,2386.56,Yes,2025-08-09
5087,Camera,Camera,5,Really happy with the purchase,Positive,62966.67,No,2025-05-16
5088,Bluetooth Speaker,Audio,5,Great product with impressive features,Positive,19192.39,Yes,2025-04-10
5089,Headphones,Audio,5,Good quality and easy to use,Positive,3166.0,Yes,2025-08-07
5090,Camera,Camera,2,Build quality is poor,Negative,145704.74,Yes,2025-04-18
5091,Headphones,Audio,1,Not worth the price,Negative,18581.41,Yes,2025-12-31
5092,Tablet,Computing,5,Really happy with the purchase,Positive,71897.82,Yes,2025-09-25
5093,Power Bank,Power,4,Really happy with the purchase,Positive,1702.56,No,2025-10-27
5094,Smartwatch,Wearable,1,Very bad experience with this product,Negative,23795.74,Yes,2025-04-14
5095,Smartwatch,Wearable,5,Excellent product with great performance,Positive,23974.74,No,2025-01-11
5096,External SSD,Storage,5,Excellent build quality and smooth performance,Positive,25552.63,No,2025-01-18
5097,Power Bank,Power,4,Excellent product with great performance,Positive,4174.76,Yes,2025-11-10
5098,Power Bank,Power,1,Product stopped working after a few days,Negative,3728.93,Yes,2025-11-15
5099,Tablet,Computing,4,Works perfectly and looks premium,Positive,21111.44,Yes,2025-09-06
5100,Smartwatch,Wearable,5,Excellent build quality and smooth performance,Positive,35181.52,No,2025-08-03
5101,Monitor,Computing,5,"Amazing product, highly recommended",Positive,51864.42,No,2025-03-18
5102,Monitor,Computing,4,Very good product and worth the price,Positive,59054.29,Yes,2025-10-04
5103,Mouse,Accessories,1,Performance is slow and unreliable,Negative,6665.95,Yes,2025-07-08
5104,Tablet,Computing,5,Very good product and worth the price,Positive,88775.54,Yes,2025-08-09
5105,Printer,Office Electronics,5,Works perfectly and looks premium,Positive,44480.57,Yes,2025-01-09
5106,Monitor,Computing,2,Frequent problems while using the product,Negative,28768.56,Yes,2025-07-08
5107,USB Flash Drive,Storage,4,Fast performance and reliable,Positive,1157.34,Yes,2025-09-11
5108,Keyboard,Accessories,5,Really happy with the purchase,Positive,13933.92,No,2025-10-09
5109,Mouse,Accessories,4,Good quality and easy to use,Positive,7216.49,Yes,2025-02-23
5110,Tablet,Computing,2,Product has several issues,Negative,97387.97,Yes,2025-01-12
5111,Gaming Console,Gaming,4,Fast performance and reliable,Positive,52332.56,Yes,2025-11-09
5112,Laptop,Computing,3,Features are satisfactory,Neutral,174336.5,Yes,2025-04-24
5113,Router,Networking,4,Good quality and easy to use,Positive,3331.66,Yes,2025-06-22
5114,Printer,Office Electronics,5,Great product with impressive features,Positive,31566.41,Yes,2025-08-18
5115,Monitor,Computing,2,Frequent problems while using the product,Negative,42758.41,Yes,2025-06-29
5116,Printer,Office Electronics,4,Works perfectly and looks premium,Positive,5119.02,No,2025-12-11
5117,Gaming Console,Gaming,4,Excellent product with great performance,Positive,35609.43,Yes,2025-11-04
5118,Smartphone,Mobile,3,Average experience with this product,Neutral,25188.88,Yes,2025-05-24
5119,Headphones,Audio,5,Very good product and worth the price,Positive,2293.87,Yes,2025-03-11
5120,Camera,Camera,5,Works perfectly and looks premium,Positive,238333.54,Yes,2025-12-22
5121,Router,Networking,5,Good quality and easy to use,Positive,19341.98,Yes,2025-09-16
5122,Laptop,Computing,4,Good quality and easy to use,Positive,163762.5,Yes,2025-10-03
5123,Gaming Console,Gaming,5,Fast performance and reliable,Positive,79388.45,Yes,2025-06-19
5124,USB Flash Drive,Storage,5,Excellent product with great performance,Positive,4204.12,Yes,2025-06-26
5125,Laptop,Computing,4,Excellent build quality and smooth performance,Positive,169827.16,Yes,2025-03-08
5126,Printer,Office Electronics,3,Good enough for basic use,Neutral,13893.4,No,2025-06-06
5127,Power Bank,Power,3,"Average product, works as expected",Neutral,2649.56,Yes,2025-07-18
5128,Camera,Camera,4,Excellent product with great performance,Positive,218964.87,No,2025-02-17
5129,Laptop,Computing,4,Works perfectly and looks premium,Positive,101919.56,Yes,2025-08-20
5130,Camera,Camera,3,Decent quality but has some limitations,Neutral,186318.8,Yes,2025-08-13
5131,Mouse,Accessories,4,Excellent build quality and smooth performance,Positive,5750.52,Yes,2025-11-03
5132,Monitor,Computing,5,Excellent build quality and smooth performance,Positive,28617.27,No,2025-01-20
5133,External SSD,Storage,2,Product stopped working after a few days,Negative,10690.54,Yes,2025-03-24
5134,Headphones,Audio,2,Build quality is poor,Negative,22571.3,No,2025-06-06
5135,Laptop,Computing,4,Works perfectly and looks premium,Positive,109814.27,Yes,2025-11-18
5136,Mouse,Accessories,4,Great product with impressive features,Positive,3786.04,Yes,2025-03-28
5137,Router,Networking,4,Fast performance and reliable,Positive,12723.75,Yes,2025-12-21
5138,Tablet,Computing,2,Build quality is poor,Negative,47794.38,Yes,2025-12-16
5139,Smart TV,Home Entertainment,4,Great product with impressive features,Positive,102888.85,Yes,2025-02-04
5140,Gaming Console,Gaming,4,Excellent build quality and smooth performance,Positive,62285.03,Yes,2025-05-13
5141,Webcam,Computer Accessories,4,Excellent build quality and smooth performance,Positive,9701.34,No,2025-04-05
5142,Mouse,Accessories,4,Fast performance and reliable,Positive,9514.42,Yes,2025-06-28
5143,Tablet,Computing,3,Decent quality but has some limitations,Neutral,53667.34,Yes,2025-12-04
5144,Smartwatch,Wearable,1,Product stopped working after a few days,Negative,48148.41,Yes,2025-05-18
5145,Power Bank,Power,4,Very good product and worth the price,Positive,6903.35,Yes,2025-08-30
5146,Charger,Power,5,"Amazing product, highly recommended",Positive,4487.36,Yes,2025-02-20
5147,Router,Networking,4,Really happy with the purchase,Positive,15502.23,Yes,2025-07-28
5148,External SSD,Storage,5,Amazing quality and works perfectly,Positive,19322.19,Yes,2025-05-09
5149,External SSD,Storage,1,Build quality is poor,Negative,17382.03,Yes,2025-12-01
5150,Charger,Power,5,Excellent build quality and smooth performance,Positive,2892.78,Yes,2025-10-12
5151,Smartphone,Mobile,4,Works perfectly and looks premium,Positive,30562.93,Yes,2025-03-20
5152,Power Bank,Power,3,Product is okay for the price,Neutral,2343.64,Yes,2025-08-15
5153,USB Flash Drive,Storage,4,Excellent build quality and smooth performance,Positive,460.56,Yes,2025-05-05
5154,USB Flash Drive,Storage,4,Amazing quality and works perfectly,Positive,3804.13,Yes,2025-06-09
5155,USB Flash Drive,Storage,4,Amazing quality and works perfectly,Positive,886.86,Yes,2025-06-18
5156,Smartphone,Mobile,3,Performance is acceptable,Neutral,73200.7,Yes,2025-10-27
5157,Keyboard,Accessories,5,Great product with impressive features,Positive,2499.88,Yes,2025-04-16
5158,Camera,Camera,5,Excellent build quality and smooth performance,Positive,39973.01,Yes,2025-01-02
5159,Headphones,Audio,4,Very good product and worth the price,Positive,16241.03,Yes,2025-03-12
5160,Keyboard,Accessories,4,Excellent product with great performance,Positive,13159.89,Yes,2025-10-29
5161,Laptop,Computing,4,Fast performance and reliable,Positive,83402.17,No,2025-04-19
5162,Smartwatch,Wearable,5,Really happy with the purchase,Positive,46082.53,No,2025-01-22
5163,Smartphone,Mobile,5,Very good product and worth the price,Positive,9154.4,Yes,2025-05-27
5164,Smart TV,Home Entertainment,4,Fast performance and reliable,Positive,101161.72,Yes,2025-11-14
5165,Printer,Office Electronics,4,"Amazing product, highly recommended",Positive,11604.4,Yes,2025-11-15
5166,Keyboard,Accessories,3,Good enough for basic use,Neutral,5078.82,Yes,2025-12-12
5167,Smartphone,Mobile,5,Really happy with the purchase,Positive,10657.95,Yes,2025-09-07
5168,Bluetooth Speaker,Audio,3,Product meets basic expectations,Neutral,1832.15,Yes,2025-10-26
5169,Keyboard,Accessories,5,Great product with impressive features,Positive,10835.8,No,2025-10-10
5170,Smartwatch,Wearable,4,"Amazing product, highly recommended",Positive,33245.19,Yes,2025-01-08
5171,Gaming Console,Gaming,5,Great product with impressive features,Positive,36458.45,Yes,2025-06-02
5172,Smart TV,Home Entertainment,1,Battery life is very poor,Negative,181712.56,Yes,2025-07-12
5173,USB Flash Drive,Storage,3,Nothing special but it works fine,Neutral,3533.49,Yes,2025-06-19
5174,Printer,Office Electronics,3,Average experience with this product,Neutral,20127.79,Yes,2025-10-30
5175,USB Flash Drive,Storage,5,Fast performance and reliable,Positive,2215.97,Yes,2025-12-25
5176,Laptop,Computing,3,Decent quality but has some limitations,Neutral,73883.37,Yes,2025-07-18
5177,Charger,Power,4,Very good product and worth the price,Positive,4203.81,Yes,2025-02-05
5178,Charger,Power,5,Excellent product with great performance,Positive,2621.61,Yes,2025-05-12
5179,Tablet,Computing,3,Decent quality but has some limitations,Neutral,22177.68,Yes,2025-03-14
5180,Tablet,Computing,4,Works perfectly and looks premium,Positive,28154.24,Yes,2025-06-21
5181,Charger,Power,1,Product stopped working after a few days,Negative,1693.92,Yes,2025-03-27
5182,Router,Networking,2,Poor quality and disappointing performance,Negative,8659.91,Yes,2025-01-30
5183,Headphones,Audio,5,Excellent build quality and smooth performance,Positive,17982.88,No,2025-03-04
5184,Mouse,Accessories,4,Good quality and easy to use,Positive,9652.4,Yes,2025-07-01
5185,Laptop,Computing,3,Nothing special but it works fine,Neutral,69289.3,Yes,2025-02-21
5186,Tablet,Computing,3,Product meets basic expectations,Neutral,39556.32,Yes,2025-01-11
5187,Charger,Power,5,Excellent product with great performance,Positive,412.57,No,2025-04-13
5188,Charger,Power,3,Features are satisfactory,Neutral,2050.99,Yes,2025-08-24
5189,External SSD,Storage,4,Works perfectly and looks premium,Positive,21227.09,Yes,2025-08-19
5190,Webcam,Computer Accessories,3,Decent quality but has some limitations,Neutral,19298.16,Yes,2025-05-23
5191,Smartwatch,Wearable,5,Really happy with the purchase,Positive,37399.19,Yes,2025-08-31
5192,Bluetooth Speaker,Audio,5,Good quality and easy to use,Positive,4245.5,Yes,2025-03-11
5193,Printer,Office Electronics,4,Works perfectly and looks premium,Positive,45051.74,Yes,2025-09-21
5194,Laptop,Computing,5,Very good product and worth the price,Positive,155801.87,Yes,2025-01-07
5195,USB Flash Drive,Storage,4,"Amazing product, highly recommended",Positive,1188.41,Yes,2025-02-19
5196,Webcam,Computer Accessories,4,Amazing quality and works perfectly,Positive,18752.51,Yes,2025-12-03
5197,Laptop,Computing,4,Amazing quality and works perfectly,Positive,137114.86,Yes,2025-06-20
5198,Tablet,Computing,3,Features are satisfactory,Neutral,80453.56,Yes,2025-07-23
5199,Gaming Console,Gaming,5,Excellent product with great performance,Positive,50252.68,Yes,2025-05-26
5200,Mouse,Accessories,3,Performance is acceptable,Neutral,2246.63,Yes,2025-08-25
5201,Smart TV,Home Entertainment,2,Not worth the price,Negative,162834.46,Yes,2025-10-01
5202,Power Bank,Power,3,Product meets basic expectations,Neutral,4237.59,Yes,2025-10-12
5203,Gaming Console,Gaming,4,Amazing quality and works perfectly,Positive,78208.67,Yes,2025-04-01
5204,Headphones,Audio,4,Very good product and worth the price,Positive,5023.37,Yes,2025-08-17
5205,Bluetooth Speaker,Audio,5,Good quality and easy to use,Positive,11177.78,Yes,2025-10-14
5206,Smartwatch,Wearable,5,Excellent build quality and smooth performance,Positive,37174.03,Yes,2025-05-31
5207,Tablet,Computing,1,Frequent problems while using the product,Negative,61505.35,Yes,2025-05-20
5208,Tablet,Computing,4,Amazing quality and works perfectly,Positive,48994.76,Yes,2025-08-18
5209,Printer,Office Electronics,5,Good quality and easy to use,Positive,36572.47,Yes,2025-07-29
5210,Laptop,Computing,4,Very good product and worth the price,Positive,140002.66,Yes,2025-04-03
5211,Power Bank,Power,3,"Average product, works as expected",Neutral,4956.55,Yes,2025-12-16
5212,Power Bank,Power,4,Great product with impressive features,Positive,3097.54,Yes,2025-07-24
5213,Laptop,Computing,5,Good quality and easy to use,Positive,122813.92,Yes,2025-07-26
5214,USB Flash Drive,Storage,4,Really happy with the purchase,Positive,2862.64,No,2025-03-17
5215,Power Bank,Power,4,Works perfectly and looks premium,Positive,6543.12,Yes,2025-09-04
5216,Tablet,Computing,3,Performance is acceptable,Neutral,68811.21,Yes,2025-12-01
5217,Tablet,Computing,5,Good quality and easy to use,Positive,54709.46,No,2025-09-23
5218,Router,Networking,5,Very good product and worth the price,Positive,1355.39,Yes,2025-07-05
5219,Camera,Camera,2,Performance is slow and unreliable,Negative,62561.57,Yes,2025-08-21
5220,Keyboard,Accessories,2,Very disappointed with the purchase,Negative,5380.62,Yes,2025-03-27
5221,Keyboard,Accessories,5,Really happy with the purchase,Positive,9219.99,Yes,2025-01-23
5222,Smartphone,Mobile,2,Not worth the price,Negative,96744.18,Yes,2025-08-22
5223,Smartphone,Mobile,4,Excellent build quality and smooth performance,Positive,115514.86,No,2025-03-08
5224,Power Bank,Power,3,Good enough for basic use,Neutral,5118.6,Yes,2025-02-02
5225,Monitor,Computing,3,Decent quality but has some limitations,Neutral,59934.46,Yes,2025-10-10
5226,Earbuds,Audio,5,Fast performance and reliable,Positive,15725.31,No,2025-06-08
5227,Monitor,Computing,3,It is okay but could be improved,Neutral,37840.55,Yes,2025-11-08
5228,Camera,Camera,3,Product meets basic expectations,Neutral,162177.25,No,2025-11-13
5229,Earbuds,Audio,1,Performance is slow and unreliable,Negative,10316.49,Yes,2025-02-14
5230,Bluetooth Speaker,Audio,2,Build quality is poor,Negative,14046.27,Yes,2025-10-08
5231,Earbuds,Audio,3,Product is okay for the price,Neutral,22819.6,Yes,2025-05-03
5232,Gaming Console,Gaming,3,Average experience with this product,Neutral,56012.28,Yes,2025-09-14
5233,Laptop,Computing,3,"Average product, works as expected",Neutral,45061.64,No,2025-01-17
5234,Webcam,Computer Accessories,4,Fast performance and reliable,Positive,10951.55,Yes,2025-06-21
5235,Charger,Power,5,Amazing quality and works perfectly,Positive,4780.32,Yes,2025-08-18
5236,Headphones,Audio,4,Great product with impressive features,Positive,3451.26,No,2025-06-13
5237,External SSD,Storage,3,Features are satisfactory,Neutral,29222.06,Yes,2025-07-21
5238,Webcam,Computer Accessories,2,Frequent problems while using the product,Negative,19765.17,No,2025-01-05
5239,Laptop,Computing,3,Features are satisfactory,Neutral,114106.97,Yes,2025-01-03
5240,Headphones,Audio,5,"Amazing product, highly recommended",Positive,10306.94,Yes,2025-08-08
5241,Tablet,Computing,4,"Amazing product, highly recommended",Positive,10777.12,No,2025-06-01
5242,Laptop,Computing,2,Poor quality and disappointing performance,Negative,32325.75,Yes,2025-07-30
5243,Router,Networking,4,Excellent product with great performance,Positive,8373.81,Yes,2025-05-12
5244,Smartwatch,Wearable,4,Fast performance and reliable,Positive,39478.98,Yes,2025-01-02
5245,Monitor,Computing,1,Product has several issues,Negative,75735.64,Yes,2025-09-13
5246,USB Flash Drive,Storage,4,Amazing quality and works perfectly,Positive,1027.46,Yes,2025-02-20
5247,Camera,Camera,4,"Amazing product, highly recommended",Positive,134744.34,Yes,2025-10-14
5248,Gaming Console,Gaming,1,Poor quality and disappointing performance,Negative,52594.91,No,2025-01-05
5249,Laptop,Computing,3,Product meets basic expectations,Neutral,87045.51,Yes,2025-12-06
5250,Smart TV,Home Entertainment,4,Excellent product with great performance,Positive,114891.87,Yes,2025-04-03
5251,Laptop,Computing,2,Poor quality and disappointing performance,Negative,168753.33,Yes,2025-11-22
5252,Router,Networking,5,Good quality and easy to use,Positive,9332.05,Yes,2025-01-02
5253,Camera,Camera,5,Great product with impressive features,Positive,56000.44,No,2025-06-14
5254,Keyboard,Accessories,3,It is okay but could be improved,Neutral,10149.02,No,2025-06-02
5255,USB Flash Drive,Storage,1,Battery life is very poor,Negative,447.46,Yes,2025-03-01
5256,Printer,Office Electronics,5,Excellent build quality and smooth performance,Positive,47305.19,Yes,2025-06-23
5257,Laptop,Computing,1,Not worth the price,Negative,170983.15,Yes,2025-03-20
5258,Smart TV,Home Entertainment,3,Performance is acceptable,Neutral,32046.38,No,2025-06-09
5259,Headphones,Audio,3,Decent quality but has some limitations,Neutral,16751.16,Yes,2025-05-17
5260,External SSD,Storage,4,Fast performance and reliable,Positive,24529.54,Yes,2025-03-14
5261,USB Flash Drive,Storage,4,Really happy with the purchase,Positive,2483.52,Yes,2025-10-15
5262,Charger,Power,2,Product has several issues,Negative,2550.23,Yes,2025-07-11
5263,Printer,Office Electronics,2,Product has several issues,Negative,48659.0,Yes,2025-11-03
5264,USB Flash Drive,Storage,4,Excellent build quality and smooth performance,Positive,1383.39,Yes,2025-10-25
5265,Power Bank,Power,4,Amazing quality and works perfectly,Positive,4589.43,No,2025-04-06
5266,Smartwatch,Wearable,5,Excellent product with great performance,Positive,7075.96,Yes,2025-04-17
5267,Keyboard,Accessories,3,Performance is acceptable,Neutral,4885.38,No,2025-12-14
5268,Webcam,Computer Accessories,4,Excellent build quality and smooth performance,Positive,17167.18,Yes,2025-04-25
5269,Headphones,Audio,5,Excellent build quality and smooth performance,Positive,21635.24,Yes,2025-02-04
5270,Smart TV,Home Entertainment,5,Good quality and easy to use,Positive,128220.7,No,2025-07-18
5271,Smartwatch,Wearable,2,Very bad experience with this product,Negative,7023.6,Yes,2025-12-19
5272,Gaming Console,Gaming,5,Good quality and easy to use,Positive,71788.42,Yes,2025-03-27
5273,Camera,Camera,4,Amazing quality and works perfectly,Positive,92074.59,Yes,2025-08-21
5274,Smartwatch,Wearable,5,Excellent build quality and smooth performance,Positive,27446.67,Yes,2025-05-04
5275,Mouse,Accessories,2,Not worth the price,Negative,2564.7,Yes,2025-05-21
5276,Tablet,Computing,5,Really happy with the purchase,Positive,56866.29,No,2025-06-15
5277,Monitor,Computing,5,Fast performance and reliable,Positive,47598.33,No,2025-02-22
5278,Smart TV,Home Entertainment,5,Works perfectly and looks premium,Positive,77986.66,Yes,2025-05-22
5279,Laptop,Computing,1,Very disappointed with the purchase,Negative,105888.25,Yes,2025-04-10
5280,Printer,Office Electronics,4,Works perfectly and looks premium,Positive,23272.36,Yes,2025-10-26
5281,Gaming Console,Gaming,4,Good quality and easy to use,Positive,63362.25,Yes,2025-03-25
5282,Router,Networking,5,Excellent build quality and smooth performance,Positive,11333.94,Yes,2025-11-06
5283,Earbuds,Audio,4,Excellent product with great performance,Positive,22012.86,Yes,2025-01-07
5284,Webcam,Computer Accessories,2,Very disappointed with the purchase,Negative,1943.2,Yes,2025-05-28
5285,Earbuds,Audio,2,Frequent problems while using the product,Negative,1152.65,Yes,2025-04-08
5286,Power Bank,Power,1,Performance is slow and unreliable,Negative,2157.56,Yes,2025-06-13
5287,Smartphone,Mobile,4,Fast performance and reliable,Positive,21280.58,Yes,2025-10-09
5288,Printer,Office Electronics,4,Very good product and worth the price,Positive,28665.31,Yes,2025-12-16
5289,Router,Networking,1,Frequent problems while using the product,Negative,4802.55,Yes,2025-09-23
5290,Smartwatch,Wearable,4,Amazing quality and works perfectly,Positive,2278.36,Yes,2025-07-03
5291,Gaming Console,Gaming,3,Product is okay for the price,Neutral,40544.21,Yes,2025-07-07
5292,Smartwatch,Wearable,3,Decent quality but has some limitations,Neutral,26196.35,Yes,2025-12-29
5293,Keyboard,Accessories,3,"Average product, works as expected",Neutral,10856.7,Yes,2025-12-28
5294,Power Bank,Power,2,Not worth the price,Negative,3956.44,Yes,2025-10-06
5295,Webcam,Computer Accessories,3,"Average product, works as expected",Neutral,19291.57,Yes,2025-03-01
5296,Bluetooth Speaker,Audio,4,Good quality and easy to use,Positive,6624.02,No,2025-04-07
5297,Smartphone,Mobile,4,Amazing quality and works perfectly,Positive,65574.94,Yes,2025-04-10
5298,Keyboard,Accessories,5,Very good product and worth the price,Positive,4171.16,Yes,2025-03-25
5299,Webcam,Computer Accessories,4,"Amazing product, highly recommended",Positive,16326.69,Yes,2025-12-20
5300,External SSD,Storage,5,Very good product and worth the price,Positive,8069.48,Yes,2025-02-28
5301,Laptop,Computing,4,Good quality and easy to use,Positive,174240.16,Yes,2025-11-08
5302,Laptop,Computing,5,Good quality and easy to use,Positive,137490.97,Yes,2025-10-22
5303,External SSD,Storage,1,Not worth the price,Negative,18035.36,Yes,2025-07-12
5304,Router,Networking,4,"Amazing product, highly recommended",Positive,11114.61,Yes,2025-04-23
5305,Charger,Power,3,Nothing special but it works fine,Neutral,2003.61,No,2025-04-08
5306,Laptop,Computing,2,Product stopped working after a few days,Negative,33153.91,Yes,2025-09-04
5307,Earbuds,Audio,5,Fast performance and reliable,Positive,22920.53,Yes,2025-09-02
5308,USB Flash Drive,Storage,3,Product is okay for the price,Neutral,4036.21,Yes,2025-07-17
5309,Tablet,Computing,4,"Amazing product, highly recommended",Positive,22137.23,Yes,2025-07-27
5310,Headphones,Audio,2,Frequent problems while using the product,Negative,4101.35,Yes,2025-10-29
5311,Mouse,Accessories,5,Good quality and easy to use,Positive,3288.58,Yes,2025-10-03
5312,Router,Networking,5,Great product with impressive features,Positive,15499.65,Yes,2025-10-02
5313,USB Flash Drive,Storage,2,Very bad experience with this product,Negative,2664.88,Yes,2025-04-13
5314,Charger,Power,4,Excellent product with great performance,Positive,3374.79,Yes,2025-01-24
5315,Mouse,Accessories,2,Performance is slow and unreliable,Negative,360.08,No,2025-06-17
5316,Monitor,Computing,1,Build quality is poor,Negative,74354.14,Yes,2025-05-04
5317,Smartphone,Mobile,5,Good quality and easy to use,Positive,26556.81,Yes,2025-05-03
5318,Earbuds,Audio,5,"Amazing product, highly recommended",Positive,8313.08,Yes,2025-07-09
5319,Headphones,Audio,5,Really happy with the purchase,Positive,28440.94,No,2025-12-04
5320,Laptop,Computing,4,Works perfectly and looks premium,Positive,139934.03,Yes,2025-10-21
5321,Router,Networking,4,Amazing quality and works perfectly,Positive,10710.27,Yes,2025-09-04
5322,Monitor,Computing,5,"Amazing product, highly recommended",Positive,69855.79,Yes,2025-09-18
5323,Power Bank,Power,5,Good quality and easy to use,Positive,1241.09,Yes,2025-06-01
5324,Headphones,Audio,3,Features are satisfactory,Neutral,2750.64,Yes,2025-07-20
5325,Charger,Power,5,Good quality and easy to use,Positive,1029.26,Yes,2025-06-08
5326,Tablet,Computing,4,Works perfectly and looks premium,Positive,33811.39,Yes,2025-10-23
5327,Gaming Console,Gaming,5,Amazing quality and works perfectly,Positive,63996.63,Yes,2025-12-28
5328,Router,Networking,5,Great product with impressive features,Positive,11115.93,Yes,2025-06-08
5329,Bluetooth Speaker,Audio,2,Very bad experience with this product,Negative,13240.5,Yes,2025-09-21
5330,Headphones,Audio,1,Very disappointed with the purchase,Negative,23586.36,Yes,2025-01-21
5331,External SSD,Storage,3,Performance is acceptable,Neutral,11563.34,Yes,2025-05-27
5332,Headphones,Audio,4,Amazing quality and works perfectly,Positive,3021.0,Yes,2025-11-14
5333,Smartwatch,Wearable,3,Good enough for basic use,Neutral,20743.17,No,2025-09-08
5334,Bluetooth Speaker,Audio,4,Works perfectly and looks premium,Positive,23179.21,No,2025-07-12
5335,Smart TV,Home Entertainment,5,Works perfectly and looks premium,Positive,102705.86,Yes,2025-03-20
5336,Mouse,Accessories,1,Product stopped working after a few days,Negative,9778.33,Yes,2025-10-23
5337,Earbuds,Audio,5,Excellent product with great performance,Positive,21475.12,No,2025-12-21
5338,Power Bank,Power,4,Fast performance and reliable,Positive,6494.87,Yes,2025-05-24
5339,Bluetooth Speaker,Audio,5,Really happy with the purchase,Positive,23376.87,Yes,2025-10-23
5340,Gaming Console,Gaming,4,"Amazing product, highly recommended",Positive,56961.82,Yes,2025-08-03
5341,Keyboard,Accessories,5,Great product with impressive features,Positive,13566.67,No,2025-05-26
5342,Charger,Power,4,Fast performance and reliable,Positive,3072.4,Yes,2025-05-01
5343,Keyboard,Accessories,3,Decent quality but has some limitations,Neutral,5901.78,Yes,2025-07-03
5344,Mouse,Accessories,3,"Average product, works as expected",Neutral,2200.24,Yes,2025-05-30
5345,Keyboard,Accessories,5,Amazing quality and works perfectly,Positive,12289.88,Yes,2025-08-14
5346,Monitor,Computing,3,Features are satisfactory,Neutral,33464.16,Yes,2025-02-23
5347,Smart TV,Home Entertainment,4,Good quality and easy to use,Positive,161317.1,Yes,2025-06-24
5348,Earbuds,Audio,3,Product is okay for the price,Neutral,24583.57,Yes,2025-09-28
5349,USB Flash Drive,Storage,5,Amazing quality and works perfectly,Positive,2173.92,No,2025-11-05
5350,Router,Networking,3,Nothing special but it works fine,Neutral,7474.08,No,2025-04-13
5351,Power Bank,Power,4,Fast performance and reliable,Positive,2024.67,Yes,2025-08-08
5352,Bluetooth Speaker,Audio,5,Excellent build quality and smooth performance,Positive,14680.27,Yes,2025-04-21
5353,Mouse,Accessories,5,"Amazing product, highly recommended",Positive,6643.98,Yes,2025-10-16
5354,USB Flash Drive,Storage,4,Great product with impressive features,Positive,1770.1,Yes,2025-05-10
5355,Smartwatch,Wearable,3,Product is okay for the price,Neutral,25054.78,Yes,2025-09-03
5356,Charger,Power,3,Average experience with this product,Neutral,2824.24,Yes,2025-06-07
5357,External SSD,Storage,1,Frequent problems while using the product,Negative,10431.41,Yes,2025-04-08
5358,Camera,Camera,4,"Amazing product, highly recommended",Positive,30290.07,Yes,2025-07-30
5359,Tablet,Computing,4,Works perfectly and looks premium,Positive,29406.15,No,2025-08-16
5360,Power Bank,Power,5,Excellent product with great performance,Positive,6582.68,Yes,2025-09-07
5361,Smartwatch,Wearable,2,Poor quality and disappointing performance,Negative,14986.02,Yes,2025-10-16
5362,Webcam,Computer Accessories,5,Really happy with the purchase,Positive,1262.62,Yes,2025-09-04
5363,Monitor,Computing,4,Really happy with the purchase,Positive,37446.2,Yes,2025-11-07
5364,Keyboard,Accessories,3,It is okay but could be improved,Neutral,10395.83,No,2025-06-04
5365,Printer,Office Electronics,5,Very good product and worth the price,Positive,38858.42,Yes,2025-07-05
5366,Keyboard,Accessories,4,Works perfectly and looks premium,Positive,6501.53,Yes,2025-06-25
5367,Smartwatch,Wearable,4,Works perfectly and looks premium,Positive,29235.13,Yes,2025-07-31
5368,Printer,Office Electronics,5,Excellent build quality and smooth performance,Positive,38547.87,Yes,2025-02-21
5369,Camera,Camera,5,Fast performance and reliable,Positive,225079.34,Yes,2025-11-08
5370,Camera,Camera,5,Fast performance and reliable,Positive,168977.33,No,2025-07-10
5371,Laptop,Computing,4,Excellent product with great performance,Positive,133629.42,No,2025-07-21
5372,Keyboard,Accessories,3,Average experience with this product,Neutral,1930.79,Yes,2025-11-17
5373,Mouse,Accessories,5,Great product with impressive features,Positive,4378.37,No,2025-06-19
5374,Earbuds,Audio,4,"Amazing product, highly recommended",Positive,22279.49,No,2025-06-18
5375,Charger,Power,3,Product is okay for the price,Neutral,1055.38,Yes,2025-07-26
5376,Headphones,Audio,5,Great product with impressive features,Positive,9643.8,Yes,2025-12-09
5377,Mouse,Accessories,5,Excellent build quality and smooth performance,Positive,6876.25,Yes,2025-04-03
5378,USB Flash Drive,Storage,2,Battery life is very poor,Negative,4539.75,Yes,2025-02-26
5379,Router,Networking,4,"Amazing product, highly recommended",Positive,2121.77,Yes,2025-02-09
5380,Earbuds,Audio,5,Amazing quality and works perfectly,Positive,21827.05,Yes,2025-09-26
5381,Headphones,Audio,4,Amazing quality and works perfectly,Positive,6999.52,Yes,2025-01-04
5382,Smartphone,Mobile,3,Average experience with this product,Neutral,104415.85,Yes,2025-09-16
5383,Bluetooth Speaker,Audio,4,Fast performance and reliable,Positive,26765.68,Yes,2025-11-19
5384,Smartphone,Mobile,4,Works perfectly and looks premium,Positive,94854.03,No,2025-09-06
5385,Tablet,Computing,1,Very disappointed with the purchase,Negative,93143.49,Yes,2025-03-04
5386,Smart TV,Home Entertainment,5,Very good product and worth the price,Positive,192814.25,Yes,2025-08-30
5387,Printer,Office Electronics,5,Good quality and easy to use,Positive,46633.37,Yes,2025-06-11
5388,Charger,Power,4,Very good product and worth the price,Positive,2711.71,Yes,2025-01-09
5389,External SSD,Storage,1,Not worth the price,Negative,15519.27,Yes,2025-03-14
5390,Mouse,Accessories,2,Build quality is poor,Negative,1320.5,Yes,2025-09-28
5391,Camera,Camera,5,"Amazing product, highly recommended",Positive,73620.47,Yes,2025-07-24
5392,Webcam,Computer Accessories,2,Product has several issues,Negative,13394.94,Yes,2025-07-02
5393,Laptop,Computing,4,Very good product and worth the price,Positive,49101.27,Yes,2025-10-11
5394,Monitor,Computing,3,Product is okay for the price,Neutral,75736.16,Yes,2025-07-11
5395,Tablet,Computing,1,Battery life is very poor,Negative,30434.14,Yes,2025-12-20
5396,External SSD,Storage,5,Very good product and worth the price,Positive,5374.14,Yes,2025-01-19
5397,USB Flash Drive,Storage,1,Poor quality and disappointing performance,Negative,1405.65,Yes,2025-04-15
5398,Router,Networking,1,Very disappointed with the purchase,Negative,1929.32,Yes,2025-03-10
5399,Camera,Camera,4,Excellent build quality and smooth performance,Positive,62370.17,No,2025-06-01
5400,Mouse,Accessories,5,Really happy with the purchase,Positive,6000.54,Yes,2025-11-29
5401,Smartphone,Mobile,2,Frequent problems while using the product,Negative,40386.31,Yes,2025-05-30
5402,External SSD,Storage,5,Amazing quality and works perfectly,Positive,24631.33,Yes,2025-04-26
5403,Printer,Office Electronics,5,Very good product and worth the price,Positive,23213.02,Yes,2025-01-31
5404,Smart TV,Home Entertainment,1,Not worth the price,Negative,147083.45,Yes,2025-05-24
5405,Bluetooth Speaker,Audio,3,It is okay but could be improved,Neutral,21482.18,Yes,2025-03-25
5406,Headphones,Audio,4,"Amazing product, highly recommended",Positive,4505.46,No,2025-03-11
5407,Gaming Console,Gaming,4,Great product with impressive features,Positive,28111.98,Yes,2025-02-18
5408,Smartphone,Mobile,3,Decent quality but has some limitations,Neutral,102303.33,No,2025-08-19
5409,Laptop,Computing,5,Amazing quality and works perfectly,Positive,135127.65,Yes,2025-09-16
5410,USB Flash Drive,Storage,2,Frequent problems while using the product,Negative,1122.41,Yes,2025-09-28
5411,Smart TV,Home Entertainment,5,Very good product and worth the price,Positive,140798.5,Yes,2025-01-20
5412,Keyboard,Accessories,3,Average experience with this product,Neutral,5277.29,Yes,2025-12-03
5413,Power Bank,Power,4,Excellent build quality and smooth performance,Positive,1208.63,Yes,2025-07-05
5414,Power Bank,Power,3,Features are satisfactory,Neutral,2447.09,No,2025-07-25
5415,Tablet,Computing,4,Works perfectly and looks premium,Positive,78022.44,Yes,2025-11-17
5416,Headphones,Audio,2,Frequent problems while using the product,Negative,12026.45,Yes,2025-04-11
5417,Earbuds,Audio,5,Excellent product with great performance,Positive,13849.12,Yes,2025-07-03
5418,USB Flash Drive,Storage,4,Excellent build quality and smooth performance,Positive,941.75,Yes,2025-01-26
5419,Keyboard,Accessories,4,Very good product and worth the price,Positive,1843.58,No,2025-06-29
5420,Router,Networking,4,Good quality and easy to use,Positive,5545.79,Yes,2025-04-08
5421,Smartwatch,Wearable,4,Works perfectly and looks premium,Positive,24418.08,Yes,2025-03-08
5422,Smart TV,Home Entertainment,5,Works perfectly and looks premium,Positive,171693.37,Yes,2025-08-14
5423,Printer,Office Electronics,5,"Amazing product, highly recommended",Positive,39352.62,Yes,2025-02-17
5424,Mouse,Accessories,4,Very good product and worth the price,Positive,1852.62,Yes,2025-12-22
5425,Headphones,Audio,4,Excellent product with great performance,Positive,2608.41,Yes,2025-03-26
5426,Smart TV,Home Entertainment,5,Excellent product with great performance,Positive,56718.93,Yes,2025-01-29
5427,USB Flash Drive,Storage,3,Product is okay for the price,Neutral,4305.94,No,2025-06-13
5428,Power Bank,Power,3,Decent quality but has some limitations,Neutral,4514.1,No,2025-05-22
5429,Earbuds,Audio,3,Good enough for basic use,Neutral,20269.11,Yes,2025-08-29
5430,Camera,Camera,4,Excellent build quality and smooth performance,Positive,108156.0,Yes,2025-09-01
5431,Monitor,Computing,4,Works perfectly and looks premium,Positive,49692.79,Yes,2025-08-05
5432,Gaming Console,Gaming,3,Decent quality but has some limitations,Neutral,57710.31,Yes,2025-07-29
5433,USB Flash Drive,Storage,5,"Amazing product, highly recommended",Positive,3245.62,Yes,2025-10-11
5434,Mouse,Accessories,4,Excellent product with great performance,Positive,4860.47,Yes,2025-08-26
5435,Smartphone,Mobile,4,Good quality and easy to use,Positive,34794.84,Yes,2025-02-20
5436,Charger,Power,5,Great product with impressive features,Positive,2313.88,No,2025-06-19
5437,Printer,Office Electronics,4,Excellent build quality and smooth performance,Positive,48864.13,Yes,2025-09-09
5438,Headphones,Audio,5,Works perfectly and looks premium,Positive,8527.31,No,2025-04-08
5439,Smart TV,Home Entertainment,3,Features are satisfactory,Neutral,149093.24,Yes,2025-11-12
5440,Monitor,Computing,3,Decent quality but has some limitations,Neutral,75909.96,Yes,2025-06-26
5441,Gaming Console,Gaming,4,Great product with impressive features,Positive,56144.06,No,2025-04-28
5442,Router,Networking,3,Average experience with this product,Neutral,10297.38,Yes,2025-05-20
5443,Smartwatch,Wearable,3,It is okay but could be improved,Neutral,7360.63,Yes,2025-08-14
5444,Smartphone,Mobile,4,Excellent build quality and smooth performance,Positive,92365.93,Yes,2025-09-16
5445,Webcam,Computer Accessories,4,Great product with impressive features,Positive,18318.33,No,2025-04-04
5446,Router,Networking,3,It is okay but could be improved,Neutral,19633.01,Yes,2025-03-04
5447,Camera,Camera,4,"Amazing product, highly recommended",Positive,70372.94,No,2025-02-03
5448,Bluetooth Speaker,Audio,4,Works perfectly and looks premium,Positive,27665.62,Yes,2025-07-01
5449,Tablet,Computing,4,Amazing quality and works perfectly,Positive,43324.12,Yes,2025-12-05
5450,Earbuds,Audio,1,Build quality is poor,Negative,15669.24,No,2025-12-17
5451,Power Bank,Power,5,Good quality and easy to use,Positive,2410.28,Yes,2025-07-24
5452,Gaming Console,Gaming,4,Good quality and easy to use,Positive,38661.44,Yes,2025-07-14
5453,Bluetooth Speaker,Audio,4,Very good product and worth the price,Positive,18873.58,Yes,2025-07-03
5454,Headphones,Audio,3,Performance is acceptable,Neutral,14802.57,Yes,2025-03-28
5455,Headphones,Audio,5,"Amazing product, highly recommended",Positive,28949.75,Yes,2025-06-01
5456,Smart TV,Home Entertainment,1,Build quality is poor,Negative,63925.83,Yes,2025-12-08
5457,Camera,Camera,4,Amazing quality and works perfectly,Positive,222558.25,Yes,2025-08-13
5458,Smart TV,Home Entertainment,3,It is okay but could be improved,Neutral,100187.81,Yes,2025-03-31
5459,Smartphone,Mobile,4,Really happy with the purchase,Positive,23070.06,No,2025-02-01
5460,Mouse,Accessories,5,Good quality and easy to use,Positive,2619.53,Yes,2025-10-02
5461,Mouse,Accessories,4,Works perfectly and looks premium,Positive,7630.29,Yes,2025-11-26
5462,Keyboard,Accessories,2,Very disappointed with the purchase,Negative,12486.19,Yes,2025-02-09
5463,Monitor,Computing,5,"Amazing product, highly recommended",Positive,8927.69,Yes,2025-05-17
5464,Laptop,Computing,4,Works perfectly and looks premium,Positive,91504.45,Yes,2025-11-08
5465,Smartphone,Mobile,4,Fast performance and reliable,Positive,63347.34,Yes,2025-04-03
5466,External SSD,Storage,4,Very good product and worth the price,Positive,19605.9,Yes,2025-03-07
5467,Keyboard,Accessories,3,Performance is acceptable,Neutral,9933.95,Yes,2025-05-24
5468,Smartwatch,Wearable,5,Excellent product with great performance,Positive,41782.1,Yes,2025-05-24
5469,Bluetooth Speaker,Audio,3,Features are satisfactory,Neutral,8782.98,Yes,2025-06-25
5470,Webcam,Computer Accessories,3,Average experience with this product,Neutral,3126.63,No,2025-12-19
5471,Mouse,Accessories,3,Features are satisfactory,Neutral,2108.92,Yes,2025-12-21
5472,Smart TV,Home Entertainment,3,Performance is acceptable,Neutral,188316.55,Yes,2025-07-31
5473,Smartwatch,Wearable,4,Very good product and worth the price,Positive,28014.08,Yes,2025-01-28
5474,Tablet,Computing,4,Works perfectly and looks premium,Positive,29718.54,Yes,2025-04-07
5475,Charger,Power,5,Fast performance and reliable,Positive,3993.56,Yes,2025-03-07
5476,Gaming Console,Gaming,4,Good quality and easy to use,Positive,57285.41,Yes,2025-01-01
5477,Smart TV,Home Entertainment,3,"Average product, works as expected",Neutral,82955.64,Yes,2025-05-20
5478,Mouse,Accessories,5,Excellent product with great performance,Positive,477.53,Yes,2025-01-03
5479,Headphones,Audio,4,Amazing quality and works perfectly,Positive,23592.2,Yes,2025-07-29
5480,Power Bank,Power,5,Really happy with the purchase,Positive,5965.58,Yes,2025-04-11
5481,Bluetooth Speaker,Audio,3,It is okay but could be improved,Neutral,8453.51,Yes,2025-09-22
5482,Smartwatch,Wearable,3,Features are satisfactory,Neutral,14382.57,Yes,2025-07-12
5483,Laptop,Computing,5,Very good product and worth the price,Positive,70723.2,Yes,2025-12-14
5484,Router,Networking,2,Product stopped working after a few days,Negative,13737.98,No,2025-06-26
5485,Camera,Camera,4,Amazing quality and works perfectly,Positive,91189.89,Yes,2025-02-27
5486,Smartwatch,Wearable,5,Amazing quality and works perfectly,Positive,16552.59,Yes,2025-12-03
5487,Charger,Power,4,Amazing quality and works perfectly,Positive,2070.11,Yes,2025-04-23
5488,Printer,Office Electronics,3,Decent quality but has some limitations,Neutral,49109.06,Yes,2025-10-06
5489,USB Flash Drive,Storage,5,Excellent build quality and smooth performance,Positive,2462.46,Yes,2025-10-13
5490,Mouse,Accessories,5,Good quality and easy to use,Positive,3960.54,Yes,2025-12-04
5491,Laptop,Computing,2,Product has several issues,Negative,100503.45,Yes,2025-08-22
5492,Camera,Camera,4,Works perfectly and looks premium,Positive,186820.79,Yes,2025-07-06
5493,Power Bank,Power,4,Fast performance and reliable,Positive,7162.57,Yes,2025-05-21
5494,Webcam,Computer Accessories,1,Very bad experience with this product,Negative,19825.23,Yes,2025-06-13
5495,Charger,Power,5,Amazing quality and works perfectly,Positive,2584.5,Yes,2025-10-12
5496,Router,Networking,3,It is okay but could be improved,Neutral,9742.72,Yes,2025-07-26
5497,Power Bank,Power,5,Excellent build quality and smooth performance,Positive,3178.24,Yes,2025-01-18
5498,Power Bank,Power,2,Battery life is very poor,Negative,6409.47,Yes,2025-05-16
5499,Bluetooth Speaker,Audio,1,Performance is slow and unreliable,Negative,19943.12,Yes,2025-11-30
5500,Keyboard,Accessories,1,Very bad experience with this product,Negative,5768.79,Yes,2025-03-18
5501,Earbuds,Audio,4,Amazing quality and works perfectly,Positive,13204.27,Yes,2025-06-22
5502,Mouse,Accessories,5,Amazing quality and works perfectly,Positive,2296.46,Yes,2025-11-02
5503,Smart TV,Home Entertainment,5,Excellent product with great performance,Positive,143388.82,Yes,2025-04-16
5504,Bluetooth Speaker,Audio,3,Good enough for basic use,Neutral,8162.01,Yes,2025-09-06
5505,Mouse,Accessories,5,Good quality and easy to use,Positive,3690.6,Yes,2025-10-14
5506,Webcam,Computer Accessories,5,Very good product and worth the price,Positive,2294.25,Yes,2025-04-29
5507,Smartwatch,Wearable,4,Great product with impressive features,Positive,12163.72,Yes,2025-11-23
5508,Earbuds,Audio,2,Very bad experience with this product,Negative,5274.62,Yes,2025-06-12
5509,Mouse,Accessories,5,Really happy with the purchase,Positive,7432.47,Yes,2025-04-19
5510,Keyboard,Accessories,4,Works perfectly and looks premium,Positive,10569.78,Yes,2025-03-24
5511,Bluetooth Speaker,Audio,5,Good quality and easy to use,Positive,16513.8,Yes,2025-04-08
5512,External SSD,Storage,2,Product has several issues,Negative,13450.53,Yes,2025-07-25
5513,Mouse,Accessories,5,"Amazing product, highly recommended",Positive,8927.31,Yes,2025-03-24
5514,Monitor,Computing,4,Excellent build quality and smooth performance,Positive,71422.17,Yes,2025-05-11
5515,Mouse,Accessories,2,Very bad experience with this product,Negative,6147.5,Yes,2025-09-17
5516,Printer,Office Electronics,5,Works perfectly and looks premium,Positive,34607.66,Yes,2025-11-16
5517,Smart TV,Home Entertainment,3,Good enough for basic use,Neutral,162343.38,Yes,2025-09-05
5518,Headphones,Audio,4,Excellent build quality and smooth performance,Positive,21821.86,Yes,2025-07-12
5519,Smartphone,Mobile,5,Fast performance and reliable,Positive,33188.97,No,2025-09-12
5520,Smartphone,Mobile,3,It is okay but could be improved,Neutral,64376.4,Yes,2025-05-31
5521,Keyboard,Accessories,4,Excellent product with great performance,Positive,2702.35,No,2025-04-09
5522,Camera,Camera,4,Great product with impressive features,Positive,207110.69,Yes,2025-10-01
5523,Laptop,Computing,4,Great product with impressive features,Positive,128036.53,Yes,2025-02-19
5524,Power Bank,Power,2,Battery life is very poor,Negative,7849.46,Yes,2025-11-27
5525,Monitor,Computing,4,Excellent build quality and smooth performance,Positive,16101.72,No,2025-06-06
5526,Webcam,Computer Accessories,3,It is okay but could be improved,Neutral,10692.81,Yes,2025-10-26
5527,Camera,Camera,3,It is okay but could be improved,Neutral,187902.33,Yes,2025-02-06
5528,Keyboard,Accessories,5,Fast performance and reliable,Positive,13076.46,Yes,2025-06-30
5529,Charger,Power,4,Fast performance and reliable,Positive,4310.97,No,2025-06-04
5530,Tablet,Computing,4,Excellent product with great performance,Positive,28179.95,Yes,2025-05-11
5531,Mouse,Accessories,4,"Amazing product, highly recommended",Positive,9828.51,Yes,2025-07-06
5532,Bluetooth Speaker,Audio,3,Good enough for basic use,Neutral,29455.21,Yes,2025-08-30
5533,Smartwatch,Wearable,1,Battery life is very poor,Negative,48499.34,No,2025-12-10
5534,Monitor,Computing,5,Excellent build quality and smooth performance,Positive,51407.35,Yes,2025-10-26
5535,Camera,Camera,4,Works perfectly and looks premium,Positive,212185.43,Yes,2025-03-26
5536,Charger,Power,4,Very good product and worth the price,Positive,657.36,Yes,2025-12-24
5537,Smart TV,Home Entertainment,5,"Amazing product, highly recommended",Positive,62260.18,Yes,2025-07-01
5538,Earbuds,Audio,4,Amazing quality and works perfectly,Positive,2753.9,Yes,2025-06-16
5539,Gaming Console,Gaming,4,Good quality and easy to use,Positive,52805.84,Yes,2025-01-05
5540,Charger,Power,5,Excellent build quality and smooth performance,Positive,4834.23,Yes,2025-09-01
5541,Printer,Office Electronics,5,Very good product and worth the price,Positive,34212.68,Yes,2025-11-20
5542,Webcam,Computer Accessories,1,Very bad experience with this product,Negative,9763.79,Yes,2025-04-17
5543,Router,Networking,3,It is okay but could be improved,Neutral,16063.88,Yes,2025-11-13
5544,Keyboard,Accessories,4,Very good product and worth the price,Positive,8479.87,Yes,2025-02-01
5545,Power Bank,Power,5,Excellent product with great performance,Positive,4095.06,Yes,2025-12-19
5546,Gaming Console,Gaming,3,Product meets basic expectations,Neutral,59613.05,Yes,2025-04-03
5547,USB Flash Drive,Storage,4,Works perfectly and looks premium,Positive,2705.46,Yes,2025-06-25
5548,Headphones,Audio,4,Excellent product with great performance,Positive,19425.58,Yes,2025-01-06
5549,Printer,Office Electronics,1,Frequent problems while using the product,Negative,41118.67,Yes,2025-11-24
5550,USB Flash Drive,Storage,5,Works perfectly and looks premium,Positive,2473.37,Yes,2025-07-05
5551,Laptop,Computing,3,Product meets basic expectations,Neutral,92253.19,Yes,2025-12-21
5552,Earbuds,Audio,4,Good quality and easy to use,Positive,14187.31,Yes,2025-05-17
5553,Headphones,Audio,5,Fast performance and reliable,Positive,27190.23,Yes,2025-01-22
5554,Charger,Power,2,Performance is slow and unreliable,Negative,2288.02,Yes,2025-09-05
5555,Headphones,Audio,4,Works perfectly and looks premium,Positive,25508.62,Yes,2025-03-01
5556,Bluetooth Speaker,Audio,4,Excellent product with great performance,Positive,18821.16,Yes,2025-08-13
5557,Smartwatch,Wearable,3,Decent quality but has some limitations,Neutral,2101.26,Yes,2025-01-13
5558,Laptop,Computing,5,Good quality and easy to use,Positive,101430.39,Yes,2025-03-03
5559,Mouse,Accessories,2,Poor quality and disappointing performance,Negative,2342.19,Yes,2025-08-21
5560,Bluetooth Speaker,Audio,5,Really happy with the purchase,Positive,5190.7,Yes,2025-09-03
5561,Power Bank,Power,2,Product stopped working after a few days,Negative,2487.95,Yes,2025-02-25
5562,Headphones,Audio,4,Great product with impressive features,Positive,21516.37,Yes,2025-03-10
5563,Earbuds,Audio,3,Average experience with this product,Neutral,15870.88,Yes,2025-11-10
5564,Printer,Office Electronics,4,"Amazing product, highly recommended",Positive,29158.39,Yes,2025-01-03
5565,USB Flash Drive,Storage,4,Fast performance and reliable,Positive,2627.76,Yes,2025-03-25
5566,Earbuds,Audio,1,Battery life is very poor,Negative,10034.86,Yes,2025-12-21
5567,Smartwatch,Wearable,1,Frequent problems while using the product,Negative,44498.54,Yes,2025-07-19
5568,Smart TV,Home Entertainment,5,Works perfectly and looks premium,Positive,187504.03,No,2025-01-10
5569,Gaming Console,Gaming,5,Fast performance and reliable,Positive,67044.08,Yes,2025-11-22
5570,Mouse,Accessories,4,Amazing quality and works perfectly,Positive,3095.78,Yes,2025-05-05
5571,Gaming Console,Gaming,5,Amazing quality and works perfectly,Positive,75262.52,Yes,2025-09-19
5572,Headphones,Audio,2,Not worth the price,Negative,24664.49,No,2025-08-21
5573,Keyboard,Accessories,5,Excellent product with great performance,Positive,2298.38,No,2025-05-14
5574,Monitor,Computing,2,Battery life is very poor,Negative,31284.14,No,2025-05-16
5575,Router,Networking,5,Really happy with the purchase,Positive,7224.51,Yes,2025-07-20
5576,Smartwatch,Wearable,3,Nothing special but it works fine,Neutral,36907.27,No,2025-05-20
5577,Mouse,Accessories,4,"Amazing product, highly recommended",Positive,5381.82,Yes,2025-03-05
5578,USB Flash Drive,Storage,2,Product has several issues,Negative,1554.36,Yes,2025-09-21
5579,Smartwatch,Wearable,5,Great product with impressive features,Positive,12693.54,Yes,2025-09-04
5580,Tablet,Computing,2,Very bad experience with this product,Negative,51175.45,Yes,2025-08-08
5581,USB Flash Drive,Storage,4,Really happy with the purchase,Positive,3430.0,Yes,2025-09-28
5582,Printer,Office Electronics,3,Average experience with this product,Neutral,27892.67,Yes,2025-07-09
5583,Keyboard,Accessories,4,Very good product and worth the price,Positive,4284.99,No,2025-12-05
5584,Smartphone,Mobile,4,Good quality and easy to use,Positive,77438.33,Yes,2025-11-20
5585,Power Bank,Power,5,Amazing quality and works perfectly,Positive,7992.17,Yes,2025-12-25
5586,Earbuds,Audio,4,"Amazing product, highly recommended",Positive,4828.38,Yes,2025-02-09
5587,Charger,Power,4,Good quality and easy to use,Positive,2783.48,Yes,2025-02-07
5588,Tablet,Computing,4,Really happy with the purchase,Positive,43809.05,Yes,2025-06-21
5589,USB Flash Drive,Storage,2,Very disappointed with the purchase,Negative,1326.55,Yes,2025-09-10
5590,Gaming Console,Gaming,2,Very bad experience with this product,Negative,73152.07,Yes,2025-03-29
5591,Camera,Camera,4,Amazing quality and works perfectly,Positive,240498.36,No,2025-02-12
5592,Power Bank,Power,4,Works perfectly and looks premium,Positive,3321.41,Yes,2025-01-14
5593,Headphones,Audio,4,Great product with impressive features,Positive,10745.07,Yes,2025-07-22
5594,Webcam,Computer Accessories,4,Great product with impressive features,Positive,2743.48,Yes,2025-12-24
5595,Earbuds,Audio,4,Excellent build quality and smooth performance,Positive,15634.95,Yes,2025-06-19
5596,Monitor,Computing,5,Really happy with the purchase,Positive,7964.36,Yes,2025-09-25
5597,Webcam,Computer Accessories,1,Poor quality and disappointing performance,Negative,10428.0,Yes,2025-01-19
5598,Smartphone,Mobile,4,Great product with impressive features,Positive,25115.23,No,2025-03-20
5599,Tablet,Computing,5,"Amazing product, highly recommended",Positive,70508.65,Yes,2025-09-06
5600,External SSD,Storage,5,Works perfectly and looks premium,Positive,28080.57,No,2025-05-27
5601,Monitor,Computing,4,Good quality and easy to use,Positive,12569.92,Yes,2025-01-10
5602,Charger,Power,4,Amazing quality and works perfectly,Positive,3955.38,Yes,2025-03-24
5603,Charger,Power,5,Good quality and easy to use,Positive,4203.67,Yes,2025-10-17
5604,USB Flash Drive,Storage,5,Works perfectly and looks premium,Positive,1128.17,Yes,2025-09-07
5605,Camera,Camera,2,Product stopped working after a few days,Negative,232594.52,Yes,2025-10-23
5606,Keyboard,Accessories,5,Fast performance and reliable,Positive,9503.31,Yes,2025-05-08
5607,Power Bank,Power,4,Works perfectly and looks premium,Positive,4651.55,Yes,2025-12-06
5608,Router,Networking,4,Good quality and easy to use,Positive,13756.84,Yes,2025-12-02
5609,Monitor,Computing,4,Good quality and easy to use,Positive,27320.08,Yes,2025-05-15
5610,Smartwatch,Wearable,2,Product stopped working after a few days,Negative,2732.43,Yes,2025-03-17
5611,Mouse,Accessories,5,Good quality and easy to use,Positive,4587.9,No,2025-12-18
5612,Smart TV,Home Entertainment,5,Works perfectly and looks premium,Positive,152519.08,No,2025-05-08
5613,Tablet,Computing,3,"Average product, works as expected",Neutral,92678.54,Yes,2025-07-01
5614,Smartwatch,Wearable,3,"Average product, works as expected",Neutral,22360.04,Yes,2025-12-07
5615,Smart TV,Home Entertainment,5,Great product with impressive features,Positive,63774.82,No,2025-04-09
5616,USB Flash Drive,Storage,5,Good quality and easy to use,Positive,917.09,Yes,2025-11-19
5617,Tablet,Computing,3,Performance is acceptable,Neutral,94194.49,No,2025-02-28
5618,Headphones,Audio,5,Great product with impressive features,Positive,7312.88,Yes,2025-04-18
5619,Gaming Console,Gaming,3,Average experience with this product,Neutral,75108.92,No,2025-05-22
5620,External SSD,Storage,4,Works perfectly and looks premium,Positive,7961.42,Yes,2025-06-26
5621,Router,Networking,1,Product stopped working after a few days,Negative,1344.52,Yes,2025-03-30
5622,Printer,Office Electronics,5,Excellent product with great performance,Positive,15089.91,Yes,2025-11-19
5623,Power Bank,Power,4,"Amazing product, highly recommended",Positive,4348.08,Yes,2025-08-31
5624,Printer,Office Electronics,5,Fast performance and reliable,Positive,20691.72,Yes,2025-09-02
5625,Charger,Power,4,Excellent build quality and smooth performance,Positive,4566.29,Yes,2025-09-25
5626,Mouse,Accessories,5,Fast performance and reliable,Positive,5587.32,Yes,2025-08-21
5627,Camera,Camera,2,Frequent problems while using the product,Negative,51498.13,Yes,2025-08-23
5628,Keyboard,Accessories,3,Features are satisfactory,Neutral,9567.31,Yes,2025-08-30
5629,Camera,Camera,3,Nothing special but it works fine,Neutral,112513.04,Yes,2025-09-21
5630,USB Flash Drive,Storage,5,Really happy with the purchase,Positive,3491.02,Yes,2025-12-03
5631,Smart TV,Home Entertainment,1,Battery life is very poor,Negative,160442.69,No,2025-03-13
5632,Charger,Power,4,Really happy with the purchase,Positive,4932.09,Yes,2025-07-08
5633,Smartphone,Mobile,2,Very bad experience with this product,Negative,72584.36,Yes,2025-03-09
5634,Camera,Camera,5,Fast performance and reliable,Positive,107518.9,No,2025-03-08
5635,Earbuds,Audio,2,Product has several issues,Negative,11123.21,No,2025-12-13
5636,Headphones,Audio,5,Amazing quality and works perfectly,Positive,12377.34,Yes,2025-06-22
5637,Printer,Office Electronics,2,Build quality is poor,Negative,25274.18,Yes,2025-09-15
5638,Keyboard,Accessories,5,Excellent product with great performance,Positive,935.85,Yes,2025-09-24
5639,External SSD,Storage,5,Great product with impressive features,Positive,9677.86,Yes,2025-01-12
5640,Monitor,Computing,4,Good quality and easy to use,Positive,79094.3,No,2025-06-29
5641,Camera,Camera,5,Really happy with the purchase,Positive,233803.27,No,2025-03-07
5642,Gaming Console,Gaming,4,Good quality and easy to use,Positive,27655.89,Yes,2025-04-25
5643,Printer,Office Electronics,5,Very good product and worth the price,Positive,49081.14,Yes,2025-03-10
5644,Smartwatch,Wearable,4,Good quality and easy to use,Positive,39909.78,No,2025-09-01
5645,Charger,Power,4,Excellent product with great performance,Positive,312.91,No,2025-02-18
5646,Keyboard,Accessories,4,Great product with impressive features,Positive,13745.22,Yes,2025-06-14
5647,Mouse,Accessories,3,Performance is acceptable,Neutral,9615.58,Yes,2025-04-22
5648,USB Flash Drive,Storage,5,Really happy with the purchase,Positive,3255.16,Yes,2025-12-18
5649,Tablet,Computing,4,Fast performance and reliable,Positive,80949.61,Yes,2025-10-15
5650,Power Bank,Power,3,"Average product, works as expected",Neutral,3194.23,Yes,2025-05-09
5651,Monitor,Computing,3,Average experience with this product,Neutral,48351.77,Yes,2025-04-18
5652,Printer,Office Electronics,4,Fast performance and reliable,Positive,37919.75,Yes,2025-09-19
5653,Headphones,Audio,3,Product meets basic expectations,Neutral,17057.2,Yes,2025-08-19
5654,Headphones,Audio,1,Very disappointed with the purchase,Negative,9485.85,Yes,2025-07-22
5655,Laptop,Computing,2,Build quality is poor,Negative,127380.04,Yes,2025-01-27
5656,Keyboard,Accessories,4,"Amazing product, highly recommended",Positive,12657.07,Yes,2025-01-29
5657,Smartphone,Mobile,5,Good quality and easy to use,Positive,101632.92,Yes,2025-08-21
5658,Power Bank,Power,5,"Amazing product, highly recommended",Positive,1751.63,No,2025-06-21
5659,Headphones,Audio,1,Product stopped working after a few days,Negative,13639.91,Yes,2025-10-30
5660,Keyboard,Accessories,5,Fast performance and reliable,Positive,1061.72,Yes,2025-01-11
5661,Camera,Camera,3,Average experience with this product,Neutral,167372.49,Yes,2025-03-09
5662,Gaming Console,Gaming,4,Works perfectly and looks premium,Positive,38318.92,Yes,2025-10-16
5663,Laptop,Computing,5,"Amazing product, highly recommended",Positive,169553.23,Yes,2025-12-24
5664,Tablet,Computing,4,Good quality and easy to use,Positive,65643.03,Yes,2025-09-26
5665,Bluetooth Speaker,Audio,2,Battery life is very poor,Negative,12498.03,No,2025-01-05
5666,Power Bank,Power,4,Works perfectly and looks premium,Positive,6066.53,Yes,2025-01-19
5667,Printer,Office Electronics,1,Product has several issues,Negative,14332.63,No,2025-11-17
5668,Tablet,Computing,5,Excellent product with great performance,Positive,18228.86,Yes,2025-07-02
5669,Laptop,Computing,2,Very disappointed with the purchase,Negative,43107.23,Yes,2025-07-01
5670,Camera,Camera,4,Great product with impressive features,Positive,156131.16,No,2025-12-17
5671,Smart TV,Home Entertainment,3,Decent quality but has some limitations,Neutral,179440.68,Yes,2025-04-01
5672,USB Flash Drive,Storage,3,Average experience with this product,Neutral,1346.96,Yes,2025-04-14
5673,Charger,Power,5,Great product with impressive features,Positive,3872.23,Yes,2025-09-08
5674,Smartphone,Mobile,3,Product meets basic expectations,Neutral,12213.83,Yes,2025-11-27
5675,Charger,Power,4,Fast performance and reliable,Positive,1960.7,Yes,2025-05-14
5676,Mouse,Accessories,5,Great product with impressive features,Positive,6641.05,No,2025-02-25
5677,Keyboard,Accessories,4,Excellent product with great performance,Positive,12480.63,Yes,2025-01-21
5678,Mouse,Accessories,5,Great product with impressive features,Positive,9448.96,No,2025-01-03
5679,Charger,Power,2,Product has several issues,Negative,3273.08,Yes,2025-05-17
5680,Router,Networking,2,Build quality is poor,Negative,9790.81,Yes,2025-07-13
5681,Smartwatch,Wearable,4,Very good product and worth the price,Positive,4440.87,Yes,2025-06-28
5682,Laptop,Computing,5,Excellent build quality and smooth performance,Positive,71347.15,Yes,2025-03-29
5683,Laptop,Computing,4,Excellent build quality and smooth performance,Positive,168466.77,No,2025-09-04
5684,Keyboard,Accessories,5,Amazing quality and works perfectly,Positive,8952.0,Yes,2025-11-17
5685,Power Bank,Power,5,Very good product and worth the price,Positive,3267.28,Yes,2025-03-26
5686,External SSD,Storage,5,Good quality and easy to use,Positive,9718.06,Yes,2025-09-03
5687,Keyboard,Accessories,3,Average experience with this product,Neutral,2148.03,Yes,2025-07-18
5688,Power Bank,Power,1,Not worth the price,Negative,6211.56,Yes,2025-09-08
5689,Smart TV,Home Entertainment,2,Product has several issues,Negative,91289.59,Yes,2025-01-06
5690,Router,Networking,5,Works perfectly and looks premium,Positive,18794.44,Yes,2025-09-03
5691,Gaming Console,Gaming,3,Product meets basic expectations,Neutral,49991.54,Yes,2025-09-30
5692,Monitor,Computing,5,Amazing quality and works perfectly,Positive,66559.87,No,2025-09-05
5693,Smartwatch,Wearable,2,Battery life is very poor,Negative,7816.52,Yes,2025-11-03
5694,Webcam,Computer Accessories,2,Product stopped working after a few days,Negative,3867.24,No,2025-09-30
5695,Charger,Power,1,Product stopped working after a few days,Negative,1584.1,Yes,2025-12-26
5696,Laptop,Computing,5,Excellent build quality and smooth performance,Positive,58685.2,Yes,2025-09-02
5697,Mouse,Accessories,3,Average experience with this product,Neutral,9774.38,Yes,2025-06-12
5698,Laptop,Computing,5,Great product with impressive features,Positive,151221.26,Yes,2025-11-01
5699,Smart TV,Home Entertainment,4,Works perfectly and looks premium,Positive,79456.27,No,2025-09-11
5700,Power Bank,Power,4,Fast performance and reliable,Positive,4542.73,Yes,2025-07-23
5701,External SSD,Storage,4,Excellent build quality and smooth performance,Positive,17397.7,Yes,2025-07-31
5702,Mouse,Accessories,5,Good quality and easy to use,Positive,6189.93,Yes,2025-05-09
5703,Smartphone,Mobile,5,Very good product and worth the price,Positive,19605.08,Yes,2025-08-12
5704,Camera,Camera,2,Frequent problems while using the product,Negative,103520.54,Yes,2025-06-20
5705,Gaming Console,Gaming,4,"Amazing product, highly recommended",Positive,29726.14,Yes,2025-02-17
5706,Headphones,Audio,3,Features are satisfactory,Neutral,27612.42,No,2025-06-10
5707,Router,Networking,5,"Amazing product, highly recommended",Positive,8665.62,Yes,2025-12-13
5708,Headphones,Audio,3,Performance is acceptable,Neutral,21947.0,Yes,2025-05-02
5709,Gaming Console,Gaming,5,Amazing quality and works perfectly,Positive,75645.45,No,2025-09-05
5710,Router,Networking,4,Very good product and worth the price,Positive,6879.31,Yes,2025-06-01
5711,Tablet,Computing,3,Good enough for basic use,Neutral,17906.43,Yes,2025-04-15
5712,Earbuds,Audio,4,"Amazing product, highly recommended",Positive,8737.3,Yes,2025-05-21
5713,Smartwatch,Wearable,4,Amazing quality and works perfectly,Positive,34042.9,Yes,2025-12-17
5714,Router,Networking,4,Fast performance and reliable,Positive,10496.15,Yes,2025-02-10
5715,Headphones,Audio,5,Works perfectly and looks premium,Positive,2711.13,Yes,2025-09-01
5716,Camera,Camera,4,"Amazing product, highly recommended",Positive,40794.15,Yes,2025-10-31
5717,Keyboard,Accessories,5,Very good product and worth the price,Positive,10643.64,Yes,2025-03-09
5718,Laptop,Computing,1,Build quality is poor,Negative,140481.8,Yes,2025-10-04
5719,Printer,Office Electronics,3,Decent quality but has some limitations,Neutral,9927.85,Yes,2025-08-21
5720,Router,Networking,2,Not worth the price,Negative,16099.64,Yes,2025-05-04
5721,Earbuds,Audio,4,Amazing quality and works perfectly,Positive,8966.2,Yes,2025-03-06
5722,Printer,Office Electronics,4,Excellent build quality and smooth performance,Positive,8069.41,Yes,2025-12-11
5723,Router,Networking,1,Build quality is poor,Negative,7343.36,Yes,2025-03-13
5724,USB Flash Drive,Storage,3,Product meets basic expectations,Neutral,3733.23,Yes,2025-12-13
5725,Smartwatch,Wearable,2,Product stopped working after a few days,Negative,33305.24,Yes,2025-08-25
5726,Smartphone,Mobile,4,Really happy with the purchase,Positive,61924.74,Yes,2025-11-09
5727,Laptop,Computing,4,Excellent product with great performance,Positive,71947.9,Yes,2025-04-19
5728,Power Bank,Power,1,Build quality is poor,Negative,3809.1,Yes,2025-01-11
5729,External SSD,Storage,5,Excellent build quality and smooth performance,Positive,13303.49,Yes,2025-08-28
5730,Webcam,Computer Accessories,1,Performance is slow and unreliable,Negative,8410.43,Yes,2025-05-16
5731,Smart TV,Home Entertainment,5,Works perfectly and looks premium,Positive,105593.2,Yes,2025-07-20
5732,Charger,Power,4,Good quality and easy to use,Positive,2439.83,Yes,2025-06-16
5733,Camera,Camera,4,Excellent product with great performance,Positive,48055.5,Yes,2025-04-28
5734,Earbuds,Audio,4,Really happy with the purchase,Positive,7609.15,No,2025-09-20
5735,Smartphone,Mobile,1,Product stopped working after a few days,Negative,22460.24,Yes,2025-07-02
5736,Smartwatch,Wearable,5,Very good product and worth the price,Positive,30701.67,No,2025-08-20
5737,Laptop,Computing,4,Good quality and easy to use,Positive,93422.25,Yes,2025-09-03
5738,Gaming Console,Gaming,3,Nothing special but it works fine,Neutral,61955.91,No,2025-09-05
5739,Power Bank,Power,5,Good quality and easy to use,Positive,1430.74,Yes,2025-05-01
5740,External SSD,Storage,2,Product stopped working after a few days,Negative,12312.54,Yes,2025-10-08
5741,Tablet,Computing,2,Battery life is very poor,Negative,26231.66,Yes,2025-03-22
5742,Webcam,Computer Accessories,4,Fast performance and reliable,Positive,2749.67,Yes,2025-12-13
5743,Router,Networking,1,Not worth the price,Negative,15695.49,Yes,2025-10-23
5744,Webcam,Computer Accessories,4,Amazing quality and works perfectly,Positive,3487.8,Yes,2025-07-21
5745,Camera,Camera,4,Excellent build quality and smooth performance,Positive,64355.86,Yes,2025-03-07
5746,Bluetooth Speaker,Audio,2,Not worth the price,Negative,11509.91,Yes,2025-11-26
5747,Camera,Camera,5,Excellent product with great performance,Positive,90871.63,Yes,2025-07-22
5748,Camera,Camera,4,Works perfectly and looks premium,Positive,231959.2,Yes,2025-10-25
5749,Smartwatch,Wearable,2,Not worth the price,Negative,49449.35,Yes,2025-01-11
5750,Tablet,Computing,3,Good enough for basic use,Neutral,48016.06,No,2025-05-04
5751,Gaming Console,Gaming,1,Very disappointed with the purchase,Negative,36062.42,Yes,2025-04-20
5752,Laptop,Computing,5,Excellent build quality and smooth performance,Positive,104716.75,Yes,2025-10-24
5753,Tablet,Computing,4,"Amazing product, highly recommended",Positive,54610.17,Yes,2025-06-19
5754,Laptop,Computing,4,"Amazing product, highly recommended",Positive,99905.8,Yes,2025-02-12
5755,Camera,Camera,4,Excellent build quality and smooth performance,Positive,29575.65,Yes,2025-08-13
5756,Webcam,Computer Accessories,4,Excellent product with great performance,Positive,3439.16,Yes,2025-02-27
5757,Mouse,Accessories,2,Poor quality and disappointing performance,Negative,1667.78,Yes,2025-06-13
5758,Smartwatch,Wearable,3,Nothing special but it works fine,Neutral,18560.41,Yes,2025-12-29
5759,Power Bank,Power,4,Excellent product with great performance,Positive,4981.67,Yes,2025-06-08
5760,Mouse,Accessories,1,Build quality is poor,Negative,8815.08,Yes,2025-06-06
5761,Charger,Power,3,Average experience with this product,Neutral,1349.77,No,2025-01-15
5762,Keyboard,Accessories,1,Product has several issues,Negative,11682.4,Yes,2025-06-18
5763,Power Bank,Power,3,Decent quality but has some limitations,Neutral,2428.7,Yes,2025-12-16
5764,Bluetooth Speaker,Audio,3,Performance is acceptable,Neutral,1752.41,Yes,2025-12-14
5765,Webcam,Computer Accessories,4,Amazing quality and works perfectly,Positive,13347.31,Yes,2025-12-18
5766,Power Bank,Power,4,Very good product and worth the price,Positive,2345.36,No,2025-05-13
5767,Bluetooth Speaker,Audio,4,Excellent build quality and smooth performance,Positive,27653.93,Yes,2025-01-24
5768,Smartphone,Mobile,5,Excellent build quality and smooth performance,Positive,112542.97,Yes,2025-03-28
5769,Gaming Console,Gaming,5,Really happy with the purchase,Positive,30776.75,No,2025-03-19
5770,Monitor,Computing,3,Product is okay for the price,Neutral,20409.18,Yes,2025-01-29
5771,Headphones,Audio,3,Product is okay for the price,Neutral,6707.2,Yes,2025-09-16
5772,Mouse,Accessories,4,Amazing quality and works perfectly,Positive,9140.95,Yes,2025-07-10
5773,Mouse,Accessories,4,"Amazing product, highly recommended",Positive,1056.83,Yes,2025-09-21
5774,USB Flash Drive,Storage,3,Nothing special but it works fine,Neutral,3830.49,Yes,2025-03-14
5775,Power Bank,Power,3,It is okay but could be improved,Neutral,2871.47,Yes,2025-09-12
5776,Router,Networking,5,Works perfectly and looks premium,Positive,12066.26,Yes,2025-01-24
5777,Camera,Camera,1,Performance is slow and unreliable,Negative,64888.46,Yes,2025-09-21
5778,USB Flash Drive,Storage,4,Good quality and easy to use,Positive,4090.69,No,2025-10-24
5779,Smartphone,Mobile,4,Very good product and worth the price,Positive,83126.46,Yes,2025-04-03
5780,Monitor,Computing,5,Great product with impressive features,Positive,7564.86,Yes,2025-04-30
5781,Router,Networking,1,Poor quality and disappointing performance,Negative,5505.52,Yes,2025-06-08
5782,Tablet,Computing,5,Excellent build quality and smooth performance,Positive,51971.52,Yes,2025-07-31
5783,Keyboard,Accessories,2,Very bad experience with this product,Negative,8202.04,Yes,2025-07-13
5784,Keyboard,Accessories,5,Amazing quality and works perfectly,Positive,12495.44,No,2025-02-08
5785,USB Flash Drive,Storage,5,Very good product and worth the price,Positive,2118.73,Yes,2025-05-19
5786,Smart TV,Home Entertainment,5,Good quality and easy to use,Positive,186466.22,Yes,2025-07-04
5787,Tablet,Computing,4,Amazing quality and works perfectly,Positive,27449.69,No,2025-08-13
5788,Headphones,Audio,4,Amazing quality and works perfectly,Positive,25802.53,Yes,2025-08-19
5789,External SSD,Storage,5,Excellent build quality and smooth performance,Positive,27416.09,Yes,2025-09-01
5790,Smartwatch,Wearable,3,Product meets basic expectations,Neutral,31894.32,No,2025-06-14
5791,Mouse,Accessories,2,Performance is slow and unreliable,Negative,9684.98,Yes,2025-07-03
5792,Webcam,Computer Accessories,3,Features are satisfactory,Neutral,8801.16,Yes,2025-05-04
5793,Smart TV,Home Entertainment,1,Poor quality and disappointing performance,Negative,144367.39,No,2025-04-10
5794,Webcam,Computer Accessories,4,"Amazing product, highly recommended",Positive,1191.86,No,2025-04-24
5795,Tablet,Computing,3,Product is okay for the price,Neutral,34721.24,No,2025-06-10
5796,Tablet,Computing,1,Poor quality and disappointing performance,Negative,60973.21,Yes,2025-02-09
5797,Smartwatch,Wearable,5,Great product with impressive features,Positive,43982.79,No,2025-03-21
5798,External SSD,Storage,2,Performance is slow and unreliable,Negative,28728.99,Yes,2025-02-12
5799,Smartwatch,Wearable,3,Average experience with this product,Neutral,29602.52,Yes,2025-05-30
5800,Keyboard,Accessories,2,Battery life is very poor,Negative,12910.12,Yes,2025-06-30
5801,USB Flash Drive,Storage,3,Decent quality but has some limitations,Neutral,4056.39,Yes,2025-03-01
5802,Mouse,Accessories,3,Average experience with this product,Neutral,7804.64,Yes,2025-02-20
5803,Webcam,Computer Accessories,3,Performance is acceptable,Neutral,3117.72,No,2025-07-11
5804,Mouse,Accessories,4,Really happy with the purchase,Positive,4942.8,Yes,2025-03-23
5805,Monitor,Computing,2,Build quality is poor,Negative,41983.2,Yes,2025-11-13
5806,Smart TV,Home Entertainment,1,Poor quality and disappointing performance,Negative,160679.77,Yes,2025-03-02
5807,Power Bank,Power,3,Good enough for basic use,Neutral,5019.97,Yes,2025-06-25
5808,Smartwatch,Wearable,2,Frequent problems while using the product,Negative,41262.86,Yes,2025-10-20
5809,Camera,Camera,5,Excellent product with great performance,Positive,240201.38,Yes,2025-02-07
5810,External SSD,Storage,1,Frequent problems while using the product,Negative,17975.92,Yes,2025-06-14
5811,USB Flash Drive,Storage,1,Very bad experience with this product,Negative,4021.04,Yes,2025-06-22
5812,Smartphone,Mobile,1,Battery life is very poor,Negative,70782.72,Yes,2025-07-21
5813,Tablet,Computing,4,Works perfectly and looks premium,Positive,66313.24,Yes,2025-11-20
5814,Camera,Camera,5,Excellent product with great performance,Positive,132101.42,Yes,2025-08-01
5815,Router,Networking,4,"Amazing product, highly recommended",Positive,19232.31,Yes,2025-05-18
5816,Gaming Console,Gaming,5,Fast performance and reliable,Positive,69966.75,Yes,2025-05-25
5817,Monitor,Computing,4,Really happy with the purchase,Positive,61643.66,Yes,2025-08-16
5818,External SSD,Storage,5,Works perfectly and looks premium,Positive,11898.75,Yes,2025-04-19
5819,Charger,Power,3,Product is okay for the price,Neutral,2581.45,Yes,2025-09-07
5820,Webcam,Computer Accessories,3,Product is okay for the price,Neutral,17395.27,Yes,2025-05-20
5821,Monitor,Computing,3,"Average product, works as expected",Neutral,75292.36,Yes,2025-01-23
5822,External SSD,Storage,3,Average experience with this product,Neutral,29933.85,Yes,2025-07-15
5823,Tablet,Computing,4,Works perfectly and looks premium,Positive,76098.63,Yes,2025-04-02
5824,Router,Networking,3,Features are satisfactory,Neutral,14885.93,Yes,2025-05-11
5825,Router,Networking,4,Fast performance and reliable,Positive,2783.63,Yes,2025-04-29
5826,Earbuds,Audio,5,Excellent build quality and smooth performance,Positive,18912.75,Yes,2025-02-19
5827,Laptop,Computing,4,Really happy with the purchase,Positive,82011.2,Yes,2025-04-16
5828,Smart TV,Home Entertainment,4,Excellent product with great performance,Positive,174955.35,No,2025-11-30
5829,Laptop,Computing,2,Frequent problems while using the product,Negative,31687.62,Yes,2025-04-27
5830,Mouse,Accessories,4,Fast performance and reliable,Positive,9363.54,Yes,2025-09-25
5831,Smartphone,Mobile,4,Good quality and easy to use,Positive,62194.65,No,2025-05-30
5832,Keyboard,Accessories,5,Good quality and easy to use,Positive,2355.36,Yes,2025-01-25
5833,USB Flash Drive,Storage,5,Fast performance and reliable,Positive,3124.69,Yes,2025-11-02
5834,Power Bank,Power,5,Great product with impressive features,Positive,5782.66,Yes,2025-11-27
5835,Headphones,Audio,4,"Amazing product, highly recommended",Positive,23504.05,Yes,2025-03-28
5836,Monitor,Computing,5,Fast performance and reliable,Positive,57936.72,Yes,2025-03-04
5837,Laptop,Computing,2,Very disappointed with the purchase,Negative,113006.29,Yes,2025-12-06
5838,Charger,Power,3,Decent quality but has some limitations,Neutral,685.14,No,2025-02-05
5839,Smartphone,Mobile,2,Battery life is very poor,Negative,104644.62,Yes,2025-11-21
5840,Bluetooth Speaker,Audio,2,Very bad experience with this product,Negative,29515.41,Yes,2025-03-05
5841,Laptop,Computing,4,Excellent product with great performance,Positive,146701.05,Yes,2025-11-13
5842,Headphones,Audio,3,Product is okay for the price,Neutral,1524.89,No,2025-12-07
5843,Laptop,Computing,4,"Amazing product, highly recommended",Positive,143354.68,Yes,2025-03-29
5844,Webcam,Computer Accessories,4,Excellent build quality and smooth performance,Positive,6123.18,Yes,2025-03-22
5845,External SSD,Storage,5,Works perfectly and looks premium,Positive,28976.7,Yes,2025-02-08
5846,Webcam,Computer Accessories,4,Works perfectly and looks premium,Positive,2206.64,Yes,2025-10-15
5847,Gaming Console,Gaming,1,Product has several issues,Negative,30074.21,Yes,2025-05-08
5848,Mouse,Accessories,5,Amazing quality and works perfectly,Positive,2059.29,Yes,2025-08-23
5849,Smartwatch,Wearable,4,Really happy with the purchase,Positive,38028.17,Yes,2025-08-13
5850,Smart TV,Home Entertainment,4,Fast performance and reliable,Positive,135509.92,Yes,2025-07-09
5851,Webcam,Computer Accessories,2,Build quality is poor,Negative,14817.5,Yes,2025-03-30
5852,Keyboard,Accessories,5,Really happy with the purchase,Positive,5631.32,No,2025-05-14
5853,Headphones,Audio,5,Excellent product with great performance,Positive,26447.48,Yes,2025-07-02
5854,Monitor,Computing,4,Very good product and worth the price,Positive,39022.95,No,2025-02-03
5855,Monitor,Computing,2,Build quality is poor,Negative,15924.47,No,2025-05-28
5856,Webcam,Computer Accessories,3,It is okay but could be improved,Neutral,15582.01,Yes,2025-09-17
5857,Laptop,Computing,5,Amazing quality and works perfectly,Positive,109430.76,Yes,2025-06-03
5858,Camera,Camera,4,Very good product and worth the price,Positive,158517.48,Yes,2025-05-25
5859,External SSD,Storage,4,Really happy with the purchase,Positive,13398.26,Yes,2025-11-03
5860,External SSD,Storage,5,Excellent build quality and smooth performance,Positive,22189.43,Yes,2025-07-15
5861,Smartwatch,Wearable,5,Very good product and worth the price,Positive,3225.05,No,2025-09-27
5862,Keyboard,Accessories,3,Product meets basic expectations,Neutral,7622.05,Yes,2025-01-19
5863,Bluetooth Speaker,Audio,5,Great product with impressive features,Positive,13273.03,No,2025-12-05
5864,Keyboard,Accessories,4,Great product with impressive features,Positive,11323.93,Yes,2025-10-11
5865,Laptop,Computing,4,Great product with impressive features,Positive,69880.38,No,2025-10-29
5866,Laptop,Computing,2,Not worth the price,Negative,65056.71,Yes,2025-09-10
5867,Smartphone,Mobile,4,Amazing quality and works perfectly,Positive,43821.21,Yes,2025-07-16
5868,Smart TV,Home Entertainment,3,Product is okay for the price,Neutral,103900.56,No,2025-07-13
5869,Keyboard,Accessories,2,Product has several issues,Negative,3543.22,Yes,2025-08-16
5870,Headphones,Audio,5,Very good product and worth the price,Positive,20684.11,Yes,2025-07-01
5871,External SSD,Storage,4,Fast performance and reliable,Positive,11953.5,Yes,2025-09-24
5872,Mouse,Accessories,5,Excellent product with great performance,Positive,4388.81,No,2025-05-04
5873,Monitor,Computing,5,Works perfectly and looks premium,Positive,47261.91,Yes,2025-10-08
5874,Tablet,Computing,5,"Amazing product, highly recommended",Positive,43918.78,Yes,2025-05-05
5875,Monitor,Computing,5,Excellent build quality and smooth performance,Positive,57890.8,Yes,2025-06-23
5876,Camera,Camera,5,Great product with impressive features,Positive,172643.92,Yes,2025-01-25
5877,Camera,Camera,5,Excellent build quality and smooth performance,Positive,195287.85,Yes,2025-11-25
5878,Monitor,Computing,5,Excellent build quality and smooth performance,Positive,44702.34,Yes,2025-09-08
5879,Camera,Camera,5,Very good product and worth the price,Positive,107669.92,Yes,2025-04-02
5880,External SSD,Storage,5,Fast performance and reliable,Positive,8430.45,Yes,2025-01-17
5881,Webcam,Computer Accessories,4,Excellent product with great performance,Positive,9300.84,Yes,2025-11-07
5882,Power Bank,Power,4,Really happy with the purchase,Positive,7085.71,Yes,2025-01-01
5883,Headphones,Audio,5,Works perfectly and looks premium,Positive,4070.27,Yes,2025-06-25
5884,Tablet,Computing,5,"Amazing product, highly recommended",Positive,29386.16,Yes,2025-01-12
5885,Smartwatch,Wearable,5,Great product with impressive features,Positive,33764.42,Yes,2025-09-11
5886,Smartphone,Mobile,2,Product has several issues,Negative,72394.59,Yes,2025-03-16
5887,Charger,Power,5,Excellent product with great performance,Positive,4606.07,No,2025-06-05
5888,Headphones,Audio,4,Excellent product with great performance,Positive,1356.48,Yes,2025-07-28
5889,Headphones,Audio,2,Build quality is poor,Negative,26416.23,No,2025-05-16
5890,Router,Networking,4,Great product with impressive features,Positive,14784.31,Yes,2025-09-06
5891,Bluetooth Speaker,Audio,2,Build quality is poor,Negative,23445.09,Yes,2025-07-05
5892,USB Flash Drive,Storage,5,Good quality and easy to use,Positive,2079.74,Yes,2025-06-03
5893,Tablet,Computing,2,Build quality is poor,Negative,37659.27,Yes,2025-04-28
5894,Bluetooth Speaker,Audio,2,Not worth the price,Negative,1219.83,No,2025-05-30
5895,Laptop,Computing,2,Very bad experience with this product,Negative,148110.77,Yes,2025-04-28
5896,Power Bank,Power,4,Amazing quality and works perfectly,Positive,1963.18,Yes,2025-07-30
5897,Tablet,Computing,5,Excellent product with great performance,Positive,30351.63,Yes,2025-10-07
5898,Headphones,Audio,5,Great product with impressive features,Positive,8658.56,Yes,2025-08-06
5899,Router,Networking,4,Fast performance and reliable,Positive,17523.81,Yes,2025-01-12
5900,Printer,Office Electronics,5,Fast performance and reliable,Positive,17955.52,Yes,2025-11-05
5901,Power Bank,Power,4,Amazing quality and works perfectly,Positive,3864.92,No,2025-10-14
5902,Smart TV,Home Entertainment,2,Battery life is very poor,Negative,153258.74,Yes,2025-10-26
5903,External SSD,Storage,4,Excellent build quality and smooth performance,Positive,27091.32,Yes,2025-01-19
5904,External SSD,Storage,2,Build quality is poor,Negative,24361.93,Yes,2025-10-28
5905,Smart TV,Home Entertainment,5,Excellent product with great performance,Positive,114051.57,No,2025-06-20
5906,Laptop,Computing,3,It is okay but could be improved,Neutral,30326.88,No,2025-11-05
5907,Headphones,Audio,3,Average experience with this product,Neutral,5156.35,No,2025-10-13
5908,Keyboard,Accessories,4,Very good product and worth the price,Positive,4177.24,Yes,2025-11-18
5909,Camera,Camera,5,Really happy with the purchase,Positive,118097.25,Yes,2025-02-14
5910,Smart TV,Home Entertainment,1,Build quality is poor,Negative,82005.08,No,2025-07-22
5911,Laptop,Computing,4,Excellent build quality and smooth performance,Positive,107160.95,Yes,2025-09-23
5912,Headphones,Audio,4,Excellent product with great performance,Positive,12654.81,Yes,2025-08-06
5913,Earbuds,Audio,4,Really happy with the purchase,Positive,18288.63,No,2025-10-24
5914,Gaming Console,Gaming,4,Good quality and easy to use,Positive,27872.69,Yes,2025-09-23
5915,Smart TV,Home Entertainment,5,Very good product and worth the price,Positive,199024.71,Yes,2025-01-14
5916,Webcam,Computer Accessories,5,Excellent product with great performance,Positive,17018.12,Yes,2025-03-14
5917,Router,Networking,1,Very disappointed with the purchase,Negative,7364.37,Yes,2025-08-20
5918,External SSD,Storage,5,Excellent build quality and smooth performance,Positive,13713.66,No,2025-05-12
5919,Keyboard,Accessories,4,Good quality and easy to use,Positive,14473.75,Yes,2025-05-11
5920,Camera,Camera,4,Amazing quality and works perfectly,Positive,235555.97,Yes,2025-11-30
5921,Smartwatch,Wearable,5,Very good product and worth the price,Positive,20568.92,Yes,2025-02-02
5922,Power Bank,Power,4,Works perfectly and looks premium,Positive,1229.23,Yes,2025-07-10
5923,Earbuds,Audio,1,Battery life is very poor,Negative,24705.18,Yes,2025-04-24
5924,Webcam,Computer Accessories,2,Performance is slow and unreliable,Negative,13421.31,Yes,2025-01-19
5925,Monitor,Computing,1,Product stopped working after a few days,Negative,57282.13,Yes,2025-05-17
5926,Monitor,Computing,5,Great product with impressive features,Positive,26320.06,Yes,2025-05-29
5927,Keyboard,Accessories,1,Product stopped working after a few days,Negative,12371.21,Yes,2025-06-15
5928,Webcam,Computer Accessories,5,Fast performance and reliable,Positive,11592.16,Yes,2025-02-28
5929,Webcam,Computer Accessories,5,Very good product and worth the price,Positive,9934.6,No,2025-09-23
5930,Keyboard,Accessories,4,Very good product and worth the price,Positive,11247.43,No,2025-05-11
5931,Smart TV,Home Entertainment,2,Build quality is poor,Negative,83801.4,Yes,2025-07-29
5932,External SSD,Storage,3,Decent quality but has some limitations,Neutral,14593.93,No,2025-07-18
5933,USB Flash Drive,Storage,3,Product meets basic expectations,Neutral,3365.94,No,2025-07-26
5934,Webcam,Computer Accessories,2,Battery life is very poor,Negative,13152.14,Yes,2025-07-04
5935,Bluetooth Speaker,Audio,5,Amazing quality and works perfectly,Positive,29158.63,Yes,2025-04-20
5936,Charger,Power,3,Features are satisfactory,Neutral,2945.4,No,2025-06-29
5937,Earbuds,Audio,5,Fast performance and reliable,Positive,8364.14,Yes,2025-07-13
5938,Bluetooth Speaker,Audio,4,Very good product and worth the price,Positive,9193.22,Yes,2025-01-07
5939,Mouse,Accessories,5,"Amazing product, highly recommended",Positive,5479.98,No,2025-09-22
5940,Laptop,Computing,3,Nothing special but it works fine,Neutral,47933.84,Yes,2025-06-12
5941,Headphones,Audio,3,Decent quality but has some limitations,Neutral,17848.92,Yes,2025-04-17
5942,USB Flash Drive,Storage,4,Great product with impressive features,Positive,2134.2,Yes,2025-01-11
5943,Smartwatch,Wearable,4,Fast performance and reliable,Positive,18571.86,Yes,2025-04-22
5944,Camera,Camera,3,Nothing special but it works fine,Neutral,68307.4,No,2025-05-28
5945,External SSD,Storage,4,Works perfectly and looks premium,Positive,16376.16,Yes,2025-11-02
5946,Earbuds,Audio,5,Very good product and worth the price,Positive,1422.01,Yes,2025-08-25
5947,Mouse,Accessories,5,Really happy with the purchase,Positive,6189.68,Yes,2025-06-02
5948,Printer,Office Electronics,5,Really happy with the purchase,Positive,17849.71,No,2025-02-15
5949,USB Flash Drive,Storage,1,Poor quality and disappointing performance,Negative,4553.83,Yes,2025-04-11
5950,Webcam,Computer Accessories,4,Excellent build quality and smooth performance,Positive,11000.88,No,2025-12-01
5951,Camera,Camera,4,Very good product and worth the price,Positive,200632.13,Yes,2025-02-16
5952,Printer,Office Electronics,5,Fast performance and reliable,Positive,43303.5,No,2025-08-19
5953,Monitor,Computing,3,Features are satisfactory,Neutral,71044.76,Yes,2025-07-08
5954,Camera,Camera,4,Excellent build quality and smooth performance,Positive,220891.97,No,2025-03-21
5955,Gaming Console,Gaming,3,"Average product, works as expected",Neutral,37400.78,Yes,2025-11-15
5956,Smart TV,Home Entertainment,5,Amazing quality and works perfectly,Positive,71113.38,Yes,2025-05-24
5957,Monitor,Computing,5,Really happy with the purchase,Positive,58387.42,Yes,2025-08-30
5958,Printer,Office Electronics,3,It is okay but could be improved,Neutral,29192.83,Yes,2025-02-05
5959,Power Bank,Power,1,Build quality is poor,Negative,5187.19,Yes,2025-12-19
5960,Tablet,Computing,5,Really happy with the purchase,Positive,70995.64,Yes,2025-01-09
5961,Gaming Console,Gaming,2,Battery life is very poor,Negative,31283.89,Yes,2025-04-24
5962,Smart TV,Home Entertainment,1,Battery life is very poor,Negative,46136.69,No,2025-12-01
5963,Mouse,Accessories,5,"Amazing product, highly recommended",Positive,6487.01,Yes,2025-08-21
5964,Power Bank,Power,4,Fast performance and reliable,Positive,5302.67,Yes,2025-09-04
5965,Webcam,Computer Accessories,1,Product has several issues,Negative,16531.2,Yes,2025-04-25
5966,Webcam,Computer Accessories,4,Fast performance and reliable,Positive,14181.85,Yes,2025-10-12
5967,Keyboard,Accessories,2,Product stopped working after a few days,Negative,3511.31,Yes,2025-12-07
5968,External SSD,Storage,4,Very good product and worth the price,Positive,4891.95,Yes,2025-08-16
5969,Camera,Camera,3,Product is okay for the price,Neutral,112980.57,No,2025-03-21
5970,Camera,Camera,4,Works perfectly and looks premium,Positive,108536.28,Yes,2025-11-27
5971,Router,Networking,3,Decent quality but has some limitations,Neutral,15580.9,Yes,2025-01-02
5972,Bluetooth Speaker,Audio,4,Good quality and easy to use,Positive,20407.31,Yes,2025-11-24
5973,Bluetooth Speaker,Audio,1,Not worth the price,Negative,26268.31,Yes,2025-01-04
5974,Smartphone,Mobile,3,Good enough for basic use,Neutral,64477.32,Yes,2025-01-22
5975,Printer,Office Electronics,3,Decent quality but has some limitations,Neutral,17991.46,Yes,2025-01-16
5976,Earbuds,Audio,4,Fast performance and reliable,Positive,12854.13,Yes,2025-03-11
5977,Gaming Console,Gaming,3,Product is okay for the price,Neutral,36852.61,Yes,2025-09-23
5978,Gaming Console,Gaming,4,Amazing quality and works perfectly,Positive,28329.18,No,2025-05-25
5979,Router,Networking,3,Features are satisfactory,Neutral,10493.98,No,2025-01-29
5980,Printer,Office Electronics,4,Works perfectly and looks premium,Positive,23612.23,No,2025-05-05
5981,Printer,Office Electronics,5,"Amazing product, highly recommended",Positive,6450.31,Yes,2025-12-31
5982,Smartphone,Mobile,5,Excellent build quality and smooth performance,Positive,88782.66,Yes,2025-07-11
5983,USB Flash Drive,Storage,1,Battery life is very poor,Negative,3328.45,No,2025-09-24
5984,Headphones,Audio,1,Product stopped working after a few days,Negative,2677.16,Yes,2025-04-08
5985,Camera,Camera,1,Battery life is very poor,Negative,184755.3,Yes,2025-07-10
5986,Gaming Console,Gaming,5,Works perfectly and looks premium,Positive,29555.23,No,2025-10-19
5987,Laptop,Computing,4,Fast performance and reliable,Positive,107648.49,No,2025-09-04
5988,Earbuds,Audio,4,Great product with impressive features,Positive,15745.05,Yes,2025-01-03
5989,Webcam,Computer Accessories,4,Works perfectly and looks premium,Positive,10480.73,Yes,2025-08-10
5990,Tablet,Computing,4,"Amazing product, highly recommended",Positive,77266.53,Yes,2025-10-16
5991,Headphones,Audio,5,Great product with impressive features,Positive,11874.22,Yes,2025-02-19
5992,Laptop,Computing,5,Very good product and worth the price,Positive,61943.34,Yes,2025-05-24
5993,Smartwatch,Wearable,1,Battery life is very poor,Negative,25090.79,Yes,2025-08-24
5994,Camera,Camera,5,Excellent build quality and smooth performance,Positive,102003.31,Yes,2025-01-02
5995,USB Flash Drive,Storage,2,Very disappointed with the purchase,Negative,1011.0,Yes,2025-09-17
5996,Charger,Power,3,Product is okay for the price,Neutral,2514.09,No,2025-11-06
5997,Earbuds,Audio,4,"Amazing product, highly recommended",Positive,5435.04,Yes,2025-07-12
5998,Printer,Office Electronics,5,Works perfectly and looks premium,Positive,26163.33,Yes,2025-06-13
5999,Monitor,Computing,4,Amazing quality and works perfectly,Positive,49847.07,No,2025-02-03
6000,Bluetooth Speaker,Audio,4,Works perfectly and looks premium,Positive,23640.17,Yes,2025-09-22
6001,Power Bank,Power,5,Amazing quality and works perfectly,Positive,6942.8,Yes,2025-12-11
6002,Tablet,Computing,4,Very good product and worth the price,Positive,70134.7,Yes,2025-11-17
6003,Monitor,Computing,1,Not worth the price,Negative,72122.12,Yes,2025-07-20
6004,External SSD,Storage,5,Excellent product with great performance,Positive,18060.31,Yes,2025-01-13
6005,Camera,Camera,2,Very disappointed with the purchase,Negative,184847.26,Yes,2025-04-15
6006,Smart TV,Home Entertainment,4,Great product with impressive features,Positive,157517.08,Yes,2025-04-06
6007,External SSD,Storage,1,Not worth the price,Negative,25270.84,Yes,2025-01-03
6008,Monitor,Computing,4,Really happy with the purchase,Positive,61637.01,Yes,2025-02-13
6009,External SSD,Storage,5,Excellent product with great performance,Positive,27365.18,Yes,2025-07-29
6010,Printer,Office Electronics,5,Very good product and worth the price,Positive,26278.47,No,2025-02-05
6011,Camera,Camera,5,Very good product and worth the price,Positive,239533.47,No,2025-01-15
6012,External SSD,Storage,4,Good quality and easy to use,Positive,13807.74,Yes,2025-12-12
6013,Power Bank,Power,5,"Amazing product, highly recommended",Positive,1305.37,No,2025-08-09
6014,Webcam,Computer Accessories,3,Product meets basic expectations,Neutral,4460.19,Yes,2025-10-22
6015,Headphones,Audio,5,Good quality and easy to use,Positive,16968.84,Yes,2025-04-01
6016,Keyboard,Accessories,4,Works perfectly and looks premium,Positive,711.52,Yes,2025-05-14
6017,Earbuds,Audio,5,Very good product and worth the price,Positive,4356.16,Yes,2025-08-11
6018,Tablet,Computing,5,Great product with impressive features,Positive,43666.96,Yes,2025-09-08
6019,Camera,Camera,5,Works perfectly and looks premium,Positive,165466.85,Yes,2025-05-15
6020,Tablet,Computing,1,Poor quality and disappointing performance,Negative,24899.51,Yes,2025-12-02
6021,Headphones,Audio,3,Average experience with this product,Neutral,17458.49,Yes,2025-09-14
6022,External SSD,Storage,4,Works perfectly and looks premium,Positive,20904.93,Yes,2025-03-22
6023,Headphones,Audio,5,Excellent build quality and smooth performance,Positive,23027.95,Yes,2025-02-05
6024,Printer,Office Electronics,3,Nothing special but it works fine,Neutral,34721.54,Yes,2025-01-06
6025,Smartphone,Mobile,5,Excellent build quality and smooth performance,Positive,36009.27,Yes,2025-11-05
6026,Mouse,Accessories,3,Average experience with this product,Neutral,9974.39,Yes,2025-10-28
6027,Laptop,Computing,1,Product has several issues,Negative,163237.3,No,2025-06-24
6028,Laptop,Computing,2,Battery life is very poor,Negative,86027.84,Yes,2025-09-21
6029,External SSD,Storage,3,Features are satisfactory,Neutral,3788.12,Yes,2025-11-19
6030,Laptop,Computing,3,Good enough for basic use,Neutral,109306.23,Yes,2025-02-28
6031,Printer,Office Electronics,1,Performance is slow and unreliable,Negative,43933.54,Yes,2025-12-24
6032,Charger,Power,4,Very good product and worth the price,Positive,4163.13,No,2025-06-28
6033,Mouse,Accessories,5,Good quality and easy to use,Positive,9006.3,No,2025-06-09
6034,Webcam,Computer Accessories,2,Very bad experience with this product,Negative,19420.81,Yes,2025-02-28
6035,Monitor,Computing,4,Excellent product with great performance,Positive,58764.08,Yes,2025-09-03
6036,Monitor,Computing,5,Works perfectly and looks premium,Positive,18017.42,Yes,2025-08-08
6037,Keyboard,Accessories,5,Excellent build quality and smooth performance,Positive,1027.99,Yes,2025-01-11
6038,Gaming Console,Gaming,4,Works perfectly and looks premium,Positive,33327.4,No,2025-08-25
6039,USB Flash Drive,Storage,5,Amazing quality and works perfectly,Positive,1245.17,Yes,2025-02-21
6040,Power Bank,Power,5,Excellent product with great performance,Positive,1242.01,Yes,2025-04-11
6041,Earbuds,Audio,5,Great product with impressive features,Positive,11609.57,Yes,2025-08-12
6042,Printer,Office Electronics,4,Works perfectly and looks premium,Positive,40274.5,Yes,2025-10-13
6043,Charger,Power,5,Excellent build quality and smooth performance,Positive,319.98,No,2025-02-18
6044,USB Flash Drive,Storage,4,Amazing quality and works perfectly,Positive,4077.04,Yes,2025-06-22
6045,Keyboard,Accessories,3,Performance is acceptable,Neutral,13916.96,Yes,2025-04-15
6046,Smartwatch,Wearable,4,Great product with impressive features,Positive,8871.32,Yes,2025-09-15
6047,Webcam,Computer Accessories,3,Good enough for basic use,Neutral,1405.58,Yes,2025-10-30
6048,Gaming Console,Gaming,3,Decent quality but has some limitations,Neutral,51365.07,Yes,2025-08-22
6049,Bluetooth Speaker,Audio,4,Amazing quality and works perfectly,Positive,26161.08,Yes,2025-10-18
6050,USB Flash Drive,Storage,5,Good quality and easy to use,Positive,3763.11,Yes,2025-06-14
6051,Smartphone,Mobile,2,Very bad experience with this product,Negative,11886.3,Yes,2025-08-07
6052,Webcam,Computer Accessories,4,"Amazing product, highly recommended",Positive,13792.02,Yes,2025-04-17
6053,Charger,Power,1,Product has several issues,Negative,4143.4,No,2025-12-27
6054,Charger,Power,4,Excellent build quality and smooth performance,Positive,1573.93,Yes,2025-03-16
6055,Smartphone,Mobile,3,Product meets basic expectations,Neutral,81182.3,Yes,2025-12-03
6056,Smartwatch,Wearable,3,Product is okay for the price,Neutral,25456.52,Yes,2025-09-30
6057,Router,Networking,1,Poor quality and disappointing performance,Negative,4906.95,No,2025-12-27
6058,Charger,Power,3,"Average product, works as expected",Neutral,4537.09,Yes,2025-08-23
6059,Tablet,Computing,5,Excellent product with great performance,Positive,30070.75,Yes,2025-05-09
6060,Gaming Console,Gaming,4,Great product with impressive features,Positive,71226.15,Yes,2025-04-13
6061,Router,Networking,4,Excellent product with great performance,Positive,14331.45,Yes,2025-03-07
6062,Earbuds,Audio,2,Build quality is poor,Negative,5912.27,Yes,2025-12-19
6063,Gaming Console,Gaming,3,"Average product, works as expected",Neutral,64122.78,Yes,2025-02-08
6064,Smart TV,Home Entertainment,4,Very good product and worth the price,Positive,19810.91,Yes,2025-10-23
6065,Mouse,Accessories,4,Amazing quality and works perfectly,Positive,2591.83,Yes,2025-09-12
6066,Headphones,Audio,4,Excellent build quality and smooth performance,Positive,8919.45,No,2025-02-16
6067,Smart TV,Home Entertainment,5,Excellent build quality and smooth performance,Positive,179500.14,Yes,2025-12-01
6068,Webcam,Computer Accessories,4,Excellent build quality and smooth performance,Positive,18392.36,Yes,2025-03-01
6069,Mouse,Accessories,4,Very good product and worth the price,Positive,2928.62,No,2025-02-28
6070,Keyboard,Accessories,5,Fast performance and reliable,Positive,7382.55,Yes,2025-07-18
6071,USB Flash Drive,Storage,5,Excellent build quality and smooth performance,Positive,4913.63,Yes,2025-02-07
6072,Smartphone,Mobile,4,Very good product and worth the price,Positive,82589.48,Yes,2025-02-07
6073,Bluetooth Speaker,Audio,5,Works perfectly and looks premium,Positive,2835.6,Yes,2025-08-16
6074,Power Bank,Power,5,Excellent build quality and smooth performance,Positive,3618.31,Yes,2025-12-18
6075,Gaming Console,Gaming,3,Features are satisfactory,Neutral,48179.1,Yes,2025-01-20
6076,Camera,Camera,4,Really happy with the purchase,Positive,93939.25,Yes,2025-08-21
6077,Monitor,Computing,4,Really happy with the purchase,Positive,44473.58,Yes,2025-08-08
6078,Printer,Office Electronics,2,Very disappointed with the purchase,Negative,38120.93,Yes,2025-01-25
6079,Camera,Camera,4,Works perfectly and looks premium,Positive,180587.65,Yes,2025-02-24
6080,Power Bank,Power,5,Good quality and easy to use,Positive,3331.15,Yes,2025-06-11
6081,Webcam,Computer Accessories,4,Very good product and worth the price,Positive,14996.15,Yes,2025-09-11
6082,Laptop,Computing,5,Works perfectly and looks premium,Positive,110111.09,No,2025-03-23
6083,Router,Networking,3,Product is okay for the price,Neutral,15620.75,Yes,2025-06-08
6084,Webcam,Computer Accessories,5,"Amazing product, highly recommended",Positive,3163.89,Yes,2025-06-29
6085,Gaming Console,Gaming,3,Performance is acceptable,Neutral,47261.8,Yes,2025-09-17
6086,Charger,Power,3,Good enough for basic use,Neutral,2154.85,Yes,2025-04-01
6087,Monitor,Computing,4,Excellent product with great performance,Positive,32033.41,Yes,2025-09-09
6088,Earbuds,Audio,5,Excellent product with great performance,Positive,17601.83,No,2025-10-31
6089,Power Bank,Power,4,Amazing quality and works perfectly,Positive,4811.33,Yes,2025-08-01
6090,Printer,Office Electronics,1,Build quality is poor,Negative,22365.14,Yes,2025-09-21
6091,Mouse,Accessories,4,Amazing quality and works perfectly,Positive,5502.13,Yes,2025-03-03
6092,Tablet,Computing,4,Really happy with the purchase,Positive,73395.36,Yes,2025-11-27
6093,Mouse,Accessories,3,It is okay but could be improved,Neutral,6848.74,Yes,2025-04-20
6094,Laptop,Computing,4,Amazing quality and works perfectly,Positive,144101.12,Yes,2025-03-14
6095,Webcam,Computer Accessories,5,Fast performance and reliable,Positive,17178.03,Yes,2025-07-20
6096,Power Bank,Power,4,Very good product and worth the price,Positive,6123.62,Yes,2025-05-21
6097,Headphones,Audio,1,Product has several issues,Negative,5814.1,Yes,2025-06-18
6098,Camera,Camera,3,Features are satisfactory,Neutral,215480.25,Yes,2025-10-21
6099,Power Bank,Power,4,Excellent product with great performance,Positive,3190.57,Yes,2025-07-15
6100,Power Bank,Power,2,Very bad experience with this product,Negative,5595.02,Yes,2025-05-17
6101,Charger,Power,3,Performance is acceptable,Neutral,4957.56,Yes,2025-10-20
6102,Webcam,Computer Accessories,4,Excellent build quality and smooth performance,Positive,6598.2,No,2025-05-19
6103,Printer,Office Electronics,5,Fast performance and reliable,Positive,17159.49,Yes,2025-12-16
6104,Earbuds,Audio,5,Really happy with the purchase,Positive,4963.0,Yes,2025-12-26
6105,Headphones,Audio,4,Amazing quality and works perfectly,Positive,29530.3,Yes,2025-06-21
6106,Smart TV,Home Entertainment,3,Product is okay for the price,Neutral,93983.08,Yes,2025-10-09
6107,Camera,Camera,4,Excellent product with great performance,Positive,201369.73,Yes,2025-09-16
6108,Smartphone,Mobile,5,Excellent build quality and smooth performance,Positive,13514.82,Yes,2025-11-11
6109,Power Bank,Power,4,Works perfectly and looks premium,Positive,2099.05,Yes,2025-06-18
6110,Tablet,Computing,4,Great product with impressive features,Positive,15686.6,Yes,2025-05-29
6111,Smartphone,Mobile,4,Works perfectly and looks premium,Positive,99351.12,Yes,2025-04-11
6112,Smartwatch,Wearable,2,Not worth the price,Negative,6667.84,Yes,2025-08-02
6113,Earbuds,Audio,2,Frequent problems while using the product,Negative,23117.46,Yes,2025-08-13
6114,Laptop,Computing,2,Very bad experience with this product,Negative,129563.62,Yes,2025-06-14
6115,USB Flash Drive,Storage,4,Really happy with the purchase,Positive,4574.83,Yes,2025-04-24
6116,Keyboard,Accessories,2,Poor quality and disappointing performance,Negative,6428.45,Yes,2025-06-14
6117,Charger,Power,5,Works perfectly and looks premium,Positive,2770.59,Yes,2025-07-03
6118,Printer,Office Electronics,4,Works perfectly and looks premium,Positive,6240.75,Yes,2025-02-16
6119,USB Flash Drive,Storage,4,Great product with impressive features,Positive,2489.76,Yes,2025-08-29
6120,USB Flash Drive,Storage,1,Frequent problems while using the product,Negative,3076.37,Yes,2025-11-04
6121,Smartwatch,Wearable,4,Good quality and easy to use,Positive,6378.62,Yes,2025-04-28
6122,Router,Networking,4,Excellent product with great performance,Positive,19643.47,Yes,2025-05-23
6123,Smart TV,Home Entertainment,5,Very good product and worth the price,Positive,15812.34,Yes,2025-02-03
6124,Smartphone,Mobile,5,Fast performance and reliable,Positive,37954.47,No,2025-08-01
6125,Printer,Office Electronics,5,Fast performance and reliable,Positive,32702.97,Yes,2025-06-06
6126,Printer,Office Electronics,5,Good quality and easy to use,Positive,27393.72,Yes,2025-11-09
6127,USB Flash Drive,Storage,4,Good quality and easy to use,Positive,1424.23,Yes,2025-11-28
6128,Monitor,Computing,3,Nothing special but it works fine,Neutral,79019.77,Yes,2025-10-10
6129,Smartwatch,Wearable,4,Good quality and easy to use,Positive,10660.55,Yes,2025-03-18
6130,Router,Networking,4,Very good product and worth the price,Positive,11798.69,Yes,2025-03-14
6131,Camera,Camera,2,Very bad experience with this product,Negative,51073.92,Yes,2025-06-27
6132,Router,Networking,3,Average experience with this product,Neutral,2066.66,Yes,2025-08-14
6133,Earbuds,Audio,3,Features are satisfactory,Neutral,12452.86,No,2025-01-12
6134,Smartwatch,Wearable,2,Performance is slow and unreliable,Negative,40527.95,Yes,2025-06-30
6135,Webcam,Computer Accessories,5,Fast performance and reliable,Positive,11094.99,No,2025-02-01
6136,Power Bank,Power,3,Nothing special but it works fine,Neutral,2914.14,No,2025-04-05
6137,Printer,Office Electronics,1,Frequent problems while using the product,Negative,5752.84,Yes,2025-05-12
6138,Webcam,Computer Accessories,4,"Amazing product, highly recommended",Positive,18870.11,Yes,2025-01-15
6139,Mouse,Accessories,4,Very good product and worth the price,Positive,2355.28,Yes,2025-04-06
6140,Earbuds,Audio,5,Very good product and worth the price,Positive,14577.01,No,2025-08-18
6141,Printer,Office Electronics,5,Fast performance and reliable,Positive,5698.68,Yes,2025-12-31
6142,Router,Networking,2,Very bad experience with this product,Negative,2846.89,Yes,2025-10-12
6143,Gaming Console,Gaming,2,Battery life is very poor,Negative,34359.32,Yes,2025-04-22
6144,Smart TV,Home Entertainment,5,Excellent product with great performance,Positive,35778.07,No,2025-12-10
6145,Headphones,Audio,5,Works perfectly and looks premium,Positive,16157.23,Yes,2025-06-10
6146,Monitor,Computing,5,Works perfectly and looks premium,Positive,35381.95,Yes,2025-05-10
6147,Smartphone,Mobile,2,Battery life is very poor,Negative,97743.92,Yes,2025-11-06
6148,Monitor,Computing,3,It is okay but could be improved,Neutral,14599.11,Yes,2025-05-26
6149,Keyboard,Accessories,3,"Average product, works as expected",Neutral,6750.49,Yes,2025-09-27
6150,Mouse,Accessories,1,Not worth the price,Negative,4454.03,Yes,2025-03-01
6151,Smartwatch,Wearable,5,Works perfectly and looks premium,Positive,12694.37,Yes,2025-05-02
6152,USB Flash Drive,Storage,5,Works perfectly and looks premium,Positive,751.02,No,2025-12-26
6153,Mouse,Accessories,5,Very good product and worth the price,Positive,403.43,Yes,2025-03-31
6154,Keyboard,Accessories,1,Very bad experience with this product,Negative,773.0,Yes,2025-11-07
6155,Printer,Office Electronics,5,Fast performance and reliable,Positive,22938.13,Yes,2025-06-20
6156,Mouse,Accessories,5,Great product with impressive features,Positive,826.49,Yes,2025-12-16
6157,Printer,Office Electronics,2,Product stopped working after a few days,Negative,22755.09,Yes,2025-06-01
6158,Headphones,Audio,3,Performance is acceptable,Neutral,13403.58,Yes,2025-06-30
6159,Printer,Office Electronics,4,Amazing quality and works perfectly,Positive,25042.37,Yes,2025-05-25
6160,Smart TV,Home Entertainment,5,Fast performance and reliable,Positive,50456.26,Yes,2025-03-18
6161,External SSD,Storage,3,Product meets basic expectations,Neutral,16465.31,Yes,2025-11-04
6162,Printer,Office Electronics,1,Performance is slow and unreliable,Negative,22654.28,Yes,2025-07-29
6163,Router,Networking,3,It is okay but could be improved,Neutral,19801.01,Yes,2025-07-04
6164,Camera,Camera,4,Excellent build quality and smooth performance,Positive,35208.03,No,2025-05-16
6165,External SSD,Storage,4,Works perfectly and looks premium,Positive,4454.72,Yes,2025-10-09
6166,Smart TV,Home Entertainment,4,Excellent build quality and smooth performance,Positive,167538.03,Yes,2025-05-07
6167,Camera,Camera,5,Very good product and worth the price,Positive,84854.28,Yes,2025-03-28
6168,Gaming Console,Gaming,3,Decent quality but has some limitations,Neutral,35108.26,Yes,2025-01-31
6169,Laptop,Computing,5,"Amazing product, highly recommended",Positive,161172.79,Yes,2025-11-15
6170,Smart TV,Home Entertainment,5,Fast performance and reliable,Positive,113554.88,Yes,2025-01-27
6171,External SSD,Storage,3,Performance is acceptable,Neutral,19626.32,Yes,2025-11-05
6172,Smartwatch,Wearable,5,Great product with impressive features,Positive,1886.09,Yes,2025-05-19
6173,Earbuds,Audio,4,Good quality and easy to use,Positive,6888.4,Yes,2025-01-01
6174,Headphones,Audio,5,Really happy with the purchase,Positive,8146.49,Yes,2025-12-05
6175,Bluetooth Speaker,Audio,2,Frequent problems while using the product,Negative,23018.05,Yes,2025-09-28
6176,Printer,Office Electronics,5,Fast performance and reliable,Positive,22349.85,Yes,2025-09-21
6177,Mouse,Accessories,2,Battery life is very poor,Negative,5901.12,Yes,2025-07-19
6178,Keyboard,Accessories,4,Fast performance and reliable,Positive,14012.6,Yes,2025-10-05
6179,External SSD,Storage,5,Really happy with the purchase,Positive,29586.28,Yes,2025-02-18
6180,Monitor,Computing,5,Works perfectly and looks premium,Positive,15422.37,Yes,2025-03-27
6181,Printer,Office Electronics,1,Frequent problems while using the product,Negative,30014.02,Yes,2025-07-18
6182,External SSD,Storage,5,Fast performance and reliable,Positive,21876.83,Yes,2025-09-26
6183,Earbuds,Audio,4,Fast performance and reliable,Positive,19660.29,Yes,2025-08-03
6184,Camera,Camera,1,Not worth the price,Negative,232024.34,No,2025-05-29
6185,Mouse,Accessories,5,Amazing quality and works perfectly,Positive,7364.87,Yes,2025-09-03
6186,Bluetooth Speaker,Audio,3,"Average product, works as expected",Neutral,20946.11,Yes,2025-01-22
6187,Webcam,Computer Accessories,5,Great product with impressive features,Positive,2027.86,Yes,2025-07-05
6188,Monitor,Computing,5,Works perfectly and looks premium,Positive,46316.62,Yes,2025-05-25
6189,Tablet,Computing,4,Excellent product with great performance,Positive,63888.89,No,2025-07-01
6190,Keyboard,Accessories,4,Amazing quality and works perfectly,Positive,10599.22,Yes,2025-02-17
6191,Power Bank,Power,2,Not worth the price,Negative,5000.22,Yes,2025-11-26
6192,Tablet,Computing,4,"Amazing product, highly recommended",Positive,46850.51,Yes,2025-11-08
6193,Router,Networking,4,Amazing quality and works perfectly,Positive,10261.69,Yes,2025-12-11
6194,Headphones,Audio,4,Excellent product with great performance,Positive,29035.93,Yes,2025-11-03
6195,Laptop,Computing,5,"Amazing product, highly recommended",Positive,79365.58,Yes,2025-08-31
6196,Power Bank,Power,2,Frequent problems while using the product,Negative,6448.09,Yes,2025-04-15
6197,Smartwatch,Wearable,2,Build quality is poor,Negative,30960.85,Yes,2025-02-11
6198,External SSD,Storage,2,Very bad experience with this product,Negative,14983.44,Yes,2025-08-12
6199,Laptop,Computing,5,Amazing quality and works perfectly,Positive,92147.78,Yes,2025-12-12
6200,Keyboard,Accessories,2,Not worth the price,Negative,8289.79,Yes,2025-05-13
6201,Laptop,Computing,5,"Amazing product, highly recommended",Positive,149968.88,Yes,2025-12-29
6202,Monitor,Computing,3,Performance is acceptable,Neutral,15039.11,Yes,2025-02-26
6203,Webcam,Computer Accessories,4,Really happy with the purchase,Positive,18302.49,Yes,2025-04-14
6204,Gaming Console,Gaming,4,Excellent product with great performance,Positive,67578.08,Yes,2025-08-26
6205,Power Bank,Power,5,Great product with impressive features,Positive,3313.0,Yes,2025-06-29
6206,Smartwatch,Wearable,3,It is okay but could be improved,Neutral,1993.81,Yes,2025-10-05
6207,Bluetooth Speaker,Audio,4,Fast performance and reliable,Positive,3872.59,Yes,2025-05-06
6208,Monitor,Computing,4,Very good product and worth the price,Positive,16685.26,No,2025-10-10
6209,Charger,Power,3,It is okay but could be improved,Neutral,786.83,Yes,2025-04-20
6210,Headphones,Audio,2,Build quality is poor,Negative,3531.98,Yes,2025-02-24
6211,Smart TV,Home Entertainment,5,Really happy with the purchase,Positive,192626.86,Yes,2025-07-27
6212,Gaming Console,Gaming,3,Product meets basic expectations,Neutral,61215.3,Yes,2025-07-07
6213,Bluetooth Speaker,Audio,5,Amazing quality and works perfectly,Positive,24762.65,No,2025-07-26
6214,Tablet,Computing,5,Excellent product with great performance,Positive,60653.24,Yes,2025-01-09
6215,Charger,Power,3,Nothing special but it works fine,Neutral,3211.58,Yes,2025-05-31
6216,Keyboard,Accessories,4,Amazing quality and works perfectly,Positive,13274.48,Yes,2025-02-02
6217,Gaming Console,Gaming,4,Fast performance and reliable,Positive,39408.31,No,2025-10-21
6218,Charger,Power,4,Great product with impressive features,Positive,3564.27,Yes,2025-01-30
6219,Camera,Camera,1,Build quality is poor,Negative,227344.52,Yes,2025-12-07
6220,USB Flash Drive,Storage,4,Excellent product with great performance,Positive,4700.57,Yes,2025-01-21
6221,Power Bank,Power,4,Really happy with the purchase,Positive,3997.15,Yes,2025-08-11
6222,Router,Networking,3,"Average product, works as expected",Neutral,17277.53,Yes,2025-05-02
6223,Monitor,Computing,4,Excellent build quality and smooth performance,Positive,43285.61,Yes,2025-02-10
6224,Webcam,Computer Accessories,5,Good quality and easy to use,Positive,5899.83,Yes,2025-05-11
6225,Keyboard,Accessories,4,"Amazing product, highly recommended",Positive,4138.91,Yes,2025-01-15
6226,Gaming Console,Gaming,4,Great product with impressive features,Positive,49847.16,Yes,2025-09-12
6227,Smart TV,Home Entertainment,3,Product is okay for the price,Neutral,62709.38,Yes,2025-11-14
6228,Bluetooth Speaker,Audio,1,Poor quality and disappointing performance,Negative,1675.38,No,2025-05-01
6229,Tablet,Computing,5,Excellent build quality and smooth performance,Positive,19499.23,Yes,2025-06-10
6230,Headphones,Audio,4,Very good product and worth the price,Positive,25551.99,Yes,2025-02-21
6231,Headphones,Audio,4,Excellent product with great performance,Positive,26534.01,Yes,2025-06-25
6232,Laptop,Computing,5,Excellent build quality and smooth performance,Positive,160956.58,Yes,2025-12-12
6233,Power Bank,Power,4,Fast performance and reliable,Positive,4786.73,No,2025-07-16
6234,Earbuds,Audio,5,Excellent product with great performance,Positive,23412.83,Yes,2025-11-16
6235,Laptop,Computing,4,Good quality and easy to use,Positive,104863.89,Yes,2025-10-12
6236,Tablet,Computing,5,Excellent build quality and smooth performance,Positive,51629.02,Yes,2025-02-15
6237,Earbuds,Audio,4,Amazing quality and works perfectly,Positive,12122.36,Yes,2025-01-20
6238,Monitor,Computing,5,Excellent build quality and smooth performance,Positive,24804.28,Yes,2025-05-13
6239,Smart TV,Home Entertainment,4,Great product with impressive features,Positive,128498.12,Yes,2025-12-10
6240,Router,Networking,1,Not worth the price,Negative,9530.07,Yes,2025-03-03
6241,Router,Networking,3,Product is okay for the price,Neutral,19518.5,Yes,2025-01-17
6242,Gaming Console,Gaming,4,Really happy with the purchase,Positive,34458.98,No,2025-12-17
6243,USB Flash Drive,Storage,4,Excellent product with great performance,Positive,660.51,Yes,2025-03-14
6244,Bluetooth Speaker,Audio,3,Features are satisfactory,Neutral,11053.28,No,2025-05-10
6245,Laptop,Computing,5,Really happy with the purchase,Positive,62332.49,Yes,2025-10-12
6246,Power Bank,Power,5,"Amazing product, highly recommended",Positive,7941.71,No,2025-02-05
6247,Smartphone,Mobile,5,Very good product and worth the price,Positive,70560.77,Yes,2025-03-04
6248,Headphones,Audio,2,Very disappointed with the purchase,Negative,11111.67,Yes,2025-09-23
6249,External SSD,Storage,4,Amazing quality and works perfectly,Positive,20354.01,Yes,2025-01-03
6250,Power Bank,Power,4,Works perfectly and looks premium,Positive,4062.4,Yes,2025-09-17
6251,Gaming Console,Gaming,3,Average experience with this product,Neutral,36485.38,Yes,2025-07-17
6252,Power Bank,Power,2,Product has several issues,Negative,3640.54,No,2025-03-29
6253,Power Bank,Power,3,Product is okay for the price,Neutral,2861.75,Yes,2025-08-12
6254,Bluetooth Speaker,Audio,4,Amazing quality and works perfectly,Positive,19417.7,Yes,2025-04-28
6255,Headphones,Audio,4,Works perfectly and looks premium,Positive,24588.77,No,2025-12-13
6256,Earbuds,Audio,5,Really happy with the purchase,Positive,6933.14,No,2025-06-01
6257,External SSD,Storage,4,Fast performance and reliable,Positive,19775.82,Yes,2025-10-01
6258,Smart TV,Home Entertainment,5,Great product with impressive features,Positive,146068.77,Yes,2025-04-08
6259,Laptop,Computing,5,Very good product and worth the price,Positive,85501.62,No,2025-11-01
6260,Power Bank,Power,1,Product stopped working after a few days,Negative,4310.26,Yes,2025-04-16
6261,Mouse,Accessories,4,Really happy with the purchase,Positive,3780.52,Yes,2025-07-05
6262,Charger,Power,4,"Amazing product, highly recommended",Positive,2052.65,Yes,2025-10-20
6263,Headphones,Audio,3,Product is okay for the price,Neutral,13663.39,Yes,2025-12-05
6264,Smartphone,Mobile,4,Fast performance and reliable,Positive,41087.37,Yes,2025-10-02
6265,Headphones,Audio,4,"Amazing product, highly recommended",Positive,14905.73,No,2025-09-01
6266,Smartwatch,Wearable,5,"Amazing product, highly recommended",Positive,37983.89,Yes,2025-09-10
6267,Laptop,Computing,4,Amazing quality and works perfectly,Positive,89144.66,Yes,2025-05-29
6268,Monitor,Computing,4,Good quality and easy to use,Positive,75962.4,Yes,2025-09-08
6269,Gaming Console,Gaming,4,Good quality and easy to use,Positive,36989.75,Yes,2025-07-29
6270,Smart TV,Home Entertainment,5,Really happy with the purchase,Positive,98158.38,Yes,2025-07-10
6271,Gaming Console,Gaming,4,Fast performance and reliable,Positive,58092.68,Yes,2025-04-25
6272,Smartwatch,Wearable,2,Performance is slow and unreliable,Negative,27848.32,Yes,2025-05-09
6273,Monitor,Computing,5,"Amazing product, highly recommended",Positive,76073.61,Yes,2025-02-15
6274,Bluetooth Speaker,Audio,3,Good enough for basic use,Neutral,10270.38,Yes,2025-09-20
6275,Headphones,Audio,3,"Average product, works as expected",Neutral,11640.15,Yes,2025-01-09
6276,Smart TV,Home Entertainment,5,Very good product and worth the price,Positive,125201.09,Yes,2025-02-12
6277,Gaming Console,Gaming,5,Fast performance and reliable,Positive,57800.18,Yes,2025-04-17
6278,Mouse,Accessories,4,Great product with impressive features,Positive,7938.18,No,2025-02-21
6279,Keyboard,Accessories,5,Good quality and easy to use,Positive,12020.48,Yes,2025-10-01
6280,Bluetooth Speaker,Audio,5,Great product with impressive features,Positive,1117.43,Yes,2025-02-16
6281,Keyboard,Accessories,1,Performance is slow and unreliable,Negative,11580.89,No,2025-06-16
6282,Camera,Camera,4,Excellent product with great performance,Positive,186520.45,No,2025-09-25
6283,Webcam,Computer Accessories,3,Decent quality but has some limitations,Neutral,12129.63,Yes,2025-08-04
6284,Mouse,Accessories,5,Good quality and easy to use,Positive,3374.77,No,2025-08-04
6285,Smartwatch,Wearable,2,Product stopped working after a few days,Negative,45492.22,No,2025-05-06
6286,Smart TV,Home Entertainment,4,Really happy with the purchase,Positive,151570.63,Yes,2025-06-14
6287,Bluetooth Speaker,Audio,5,Very good product and worth the price,Positive,8312.79,Yes,2025-10-07
6288,Laptop,Computing,3,Nothing special but it works fine,Neutral,75783.03,Yes,2025-06-23
6289,Power Bank,Power,4,Good quality and easy to use,Positive,5915.28,No,2025-09-13
6290,External SSD,Storage,5,Really happy with the purchase,Positive,27776.67,Yes,2025-10-30
6291,Earbuds,Audio,4,Works perfectly and looks premium,Positive,12518.26,Yes,2025-03-31
6292,Earbuds,Audio,5,Very good product and worth the price,Positive,22040.39,Yes,2025-02-14
6293,Earbuds,Audio,4,Great product with impressive features,Positive,9861.81,Yes,2025-06-19
6294,USB Flash Drive,Storage,4,Amazing quality and works perfectly,Positive,2157.27,Yes,2025-05-20
6295,Smart TV,Home Entertainment,5,Great product with impressive features,Positive,141899.12,Yes,2025-02-24
6296,USB Flash Drive,Storage,3,Features are satisfactory,Neutral,537.53,Yes,2025-10-05
6297,Headphones,Audio,5,Excellent build quality and smooth performance,Positive,4598.19,No,2025-08-16
6298,USB Flash Drive,Storage,4,Very good product and worth the price,Positive,3723.6,No,2025-08-29
6299,Bluetooth Speaker,Audio,4,Very good product and worth the price,Positive,7868.9,Yes,2025-09-16
6300,Printer,Office Electronics,3,Decent quality but has some limitations,Neutral,12878.56,No,2025-06-08
6301,Smart TV,Home Entertainment,5,Excellent build quality and smooth performance,Positive,31474.75,Yes,2025-07-06
6302,Router,Networking,5,Very good product and worth the price,Positive,5272.23,Yes,2025-03-23
6303,Smart TV,Home Entertainment,4,Excellent product with great performance,Positive,61337.12,No,2025-09-24
6304,Tablet,Computing,2,Build quality is poor,Negative,40704.52,No,2025-12-12
6305,Gaming Console,Gaming,3,"Average product, works as expected",Neutral,76608.13,Yes,2025-11-15
6306,Laptop,Computing,4,Amazing quality and works perfectly,Positive,126692.78,Yes,2025-05-29
6307,Gaming Console,Gaming,5,Excellent build quality and smooth performance,Positive,63132.25,Yes,2025-01-19
6308,Bluetooth Speaker,Audio,1,Very disappointed with the purchase,Negative,4676.25,Yes,2025-11-17
6309,Smart TV,Home Entertainment,3,Product is okay for the price,Neutral,50643.34,Yes,2025-07-29
6310,Mouse,Accessories,5,Amazing quality and works perfectly,Positive,9017.11,Yes,2025-10-11
6311,External SSD,Storage,3,It is okay but could be improved,Neutral,20126.35,Yes,2025-04-20
6312,Bluetooth Speaker,Audio,4,Very good product and worth the price,Positive,24441.81,Yes,2025-11-11
6313,Laptop,Computing,4,Great product with impressive features,Positive,83619.39,Yes,2025-11-02
6314,Router,Networking,4,Very good product and worth the price,Positive,11966.93,No,2025-01-07
6315,Headphones,Audio,2,Battery life is very poor,Negative,15315.12,Yes,2025-07-26
6316,Router,Networking,2,Poor quality and disappointing performance,Negative,4902.83,No,2025-06-24
6317,Mouse,Accessories,3,Decent quality but has some limitations,Neutral,8300.26,Yes,2025-08-29
6318,Smart TV,Home Entertainment,4,Works perfectly and looks premium,Positive,76744.9,Yes,2025-04-05
6319,Monitor,Computing,5,Good quality and easy to use,Positive,40549.67,No,2025-02-05
6320,Keyboard,Accessories,5,Excellent build quality and smooth performance,Positive,2428.4,Yes,2025-04-11
6321,Router,Networking,5,Great product with impressive features,Positive,13128.78,Yes,2025-07-11
6322,External SSD,Storage,5,Excellent build quality and smooth performance,Positive,24360.66,Yes,2025-04-09
6323,Tablet,Computing,4,Good quality and easy to use,Positive,46934.95,Yes,2025-06-19
6324,Router,Networking,3,Features are satisfactory,Neutral,19584.51,No,2025-05-23
6325,Mouse,Accessories,4,Excellent product with great performance,Positive,2798.56,Yes,2025-09-11
6326,Smart TV,Home Entertainment,5,Great product with impressive features,Positive,176519.91,Yes,2025-05-30
6327,Camera,Camera,5,Good quality and easy to use,Positive,187273.49,Yes,2025-02-22
6328,External SSD,Storage,5,Excellent build quality and smooth performance,Positive,28036.06,Yes,2025-08-20
6329,Bluetooth Speaker,Audio,5,Really happy with the purchase,Positive,22426.93,Yes,2025-03-19
6330,Earbuds,Audio,2,Build quality is poor,Negative,12623.88,Yes,2025-04-20
6331,External SSD,Storage,2,Frequent problems while using the product,Negative,14163.7,No,2025-09-15
6332,Smartphone,Mobile,2,Poor quality and disappointing performance,Negative,100892.74,Yes,2025-04-10
6333,Charger,Power,5,Really happy with the purchase,Positive,4249.71,Yes,2025-01-23
6334,Smart TV,Home Entertainment,4,Very good product and worth the price,Positive,123947.22,Yes,2025-05-12
6335,Smart TV,Home Entertainment,4,Great product with impressive features,Positive,144893.0,Yes,2025-05-22
6336,Router,Networking,3,Good enough for basic use,Neutral,9794.29,Yes,2025-09-08
6337,Mouse,Accessories,4,"Amazing product, highly recommended",Positive,2418.2,Yes,2025-09-16
6338,USB Flash Drive,Storage,4,Good quality and easy to use,Positive,534.91,Yes,2025-01-01
6339,Smartphone,Mobile,2,Performance is slow and unreliable,Negative,81215.0,Yes,2025-10-04
6340,External SSD,Storage,1,Frequent problems while using the product,Negative,21068.75,No,2025-09-30
6341,Smartwatch,Wearable,4,Very good product and worth the price,Positive,33765.28,Yes,2025-03-05
6342,Router,Networking,3,Nothing special but it works fine,Neutral,11685.74,Yes,2025-05-04
6343,Bluetooth Speaker,Audio,5,Really happy with the purchase,Positive,10798.11,Yes,2025-10-07
6344,External SSD,Storage,5,Amazing quality and works perfectly,Positive,9534.99,No,2025-07-30
6345,Camera,Camera,5,Really happy with the purchase,Positive,39783.59,Yes,2025-05-04
6346,Webcam,Computer Accessories,3,Performance is acceptable,Neutral,3812.17,Yes,2025-10-05
6347,External SSD,Storage,2,Very disappointed with the purchase,Negative,19964.05,Yes,2025-08-19
6348,Webcam,Computer Accessories,4,Works perfectly and looks premium,Positive,15593.36,Yes,2025-07-06
6349,Smartwatch,Wearable,1,Very disappointed with the purchase,Negative,45519.71,Yes,2025-01-03
6350,Monitor,Computing,2,Build quality is poor,Negative,12209.84,Yes,2025-08-25
6351,Keyboard,Accessories,4,Amazing quality and works perfectly,Positive,12303.38,Yes,2025-03-07
6352,Smartphone,Mobile,2,Build quality is poor,Negative,74911.02,No,2025-12-02
6353,Smartphone,Mobile,5,Amazing quality and works perfectly,Positive,41747.44,No,2025-03-10
6354,Smartphone,Mobile,4,Very good product and worth the price,Positive,89288.79,Yes,2025-01-11
6355,External SSD,Storage,4,Really happy with the purchase,Positive,29712.56,Yes,2025-05-18
6356,Keyboard,Accessories,4,Works perfectly and looks premium,Positive,6001.56,Yes,2025-05-08
6357,External SSD,Storage,5,"Amazing product, highly recommended",Positive,19940.82,Yes,2025-05-09
6358,USB Flash Drive,Storage,5,Excellent build quality and smooth performance,Positive,1525.91,Yes,2025-12-05
6359,Smartphone,Mobile,3,Decent quality but has some limitations,Neutral,30963.14,Yes,2025-04-11
6360,USB Flash Drive,Storage,2,Frequent problems while using the product,Negative,1000.92,Yes,2025-11-02
6361,Headphones,Audio,5,"Amazing product, highly recommended",Positive,1448.53,Yes,2025-03-01
6362,Keyboard,Accessories,4,Works perfectly and looks premium,Positive,10995.25,Yes,2025-08-14
6363,Smart TV,Home Entertainment,4,Excellent product with great performance,Positive,42002.41,Yes,2025-02-17
6364,Bluetooth Speaker,Audio,3,Average experience with this product,Neutral,20547.17,Yes,2025-03-25
6365,Webcam,Computer Accessories,4,"Amazing product, highly recommended",Positive,17522.57,Yes,2025-02-24
6366,Power Bank,Power,4,Good quality and easy to use,Positive,6895.52,Yes,2025-05-01
6367,Smartphone,Mobile,2,Product has several issues,Negative,41484.08,Yes,2025-06-17
6368,USB Flash Drive,Storage,2,Product has several issues,Negative,884.71,Yes,2025-11-10
6369,Smartphone,Mobile,4,Excellent product with great performance,Positive,57623.22,No,2025-10-04
6370,Camera,Camera,2,Battery life is very poor,Negative,65790.07,No,2025-09-12
6371,Mouse,Accessories,1,Frequent problems while using the product,Negative,3923.03,No,2025-06-28
6372,Tablet,Computing,4,Excellent build quality and smooth performance,Positive,61193.92,No,2025-04-15
6373,Power Bank,Power,4,Really happy with the purchase,Positive,5439.3,Yes,2025-04-19
6374,Monitor,Computing,4,Good quality and easy to use,Positive,22155.96,No,2025-02-18
6375,Laptop,Computing,2,Build quality is poor,Negative,64094.42,Yes,2025-08-31
6376,Charger,Power,4,Excellent product with great performance,Positive,4370.05,Yes,2025-10-12
6377,Smartphone,Mobile,4,Works perfectly and looks premium,Positive,113827.43,Yes,2025-07-19
6378,Power Bank,Power,3,Average experience with this product,Neutral,5425.61,Yes,2025-07-30
6379,Headphones,Audio,5,Excellent build quality and smooth performance,Positive,16926.28,Yes,2025-05-16
6380,USB Flash Drive,Storage,4,Excellent product with great performance,Positive,3392.94,Yes,2025-12-18
6381,Smart TV,Home Entertainment,2,Poor quality and disappointing performance,Negative,38794.79,No,2025-11-20
6382,Webcam,Computer Accessories,4,Good quality and easy to use,Positive,18043.74,Yes,2025-05-29
6383,Webcam,Computer Accessories,5,Fast performance and reliable,Positive,4963.32,No,2025-10-03
6384,Tablet,Computing,4,Excellent product with great performance,Positive,70271.25,Yes,2025-05-08
6385,Power Bank,Power,2,Battery life is very poor,Negative,2398.19,No,2025-02-15
6386,Headphones,Audio,2,Not worth the price,Negative,21320.85,Yes,2025-04-17
6387,Laptop,Computing,1,Product stopped working after a few days,Negative,143015.07,No,2025-11-01
6388,Monitor,Computing,1,Frequent problems while using the product,Negative,60837.4,Yes,2025-06-25
6389,Keyboard,Accessories,3,Average experience with this product,Neutral,6716.13,Yes,2025-11-12
6390,Earbuds,Audio,5,"Amazing product, highly recommended",Positive,15372.3,Yes,2025-04-28
6391,Tablet,Computing,5,Excellent product with great performance,Positive,63818.98,Yes,2025-06-17
6392,Keyboard,Accessories,4,Excellent build quality and smooth performance,Positive,10944.54,Yes,2025-01-27
6393,Smartwatch,Wearable,5,Works perfectly and looks premium,Positive,25701.54,Yes,2025-10-13
6394,Smartphone,Mobile,5,Amazing quality and works perfectly,Positive,64816.9,No,2025-04-24
6395,Mouse,Accessories,2,Battery life is very poor,Negative,6938.76,Yes,2025-02-03
6396,Laptop,Computing,4,Works perfectly and looks premium,Positive,55522.64,No,2025-03-21
6397,Smart TV,Home Entertainment,4,Very good product and worth the price,Positive,135708.77,Yes,2025-08-31
6398,USB Flash Drive,Storage,2,Performance is slow and unreliable,Negative,996.69,Yes,2025-10-25
6399,Webcam,Computer Accessories,3,Good enough for basic use,Neutral,14771.87,Yes,2025-12-15
6400,Tablet,Computing,4,Fast performance and reliable,Positive,45002.18,No,2025-03-27
6401,Mouse,Accessories,4,Fast performance and reliable,Positive,8443.95,Yes,2025-08-04
6402,USB Flash Drive,Storage,4,Amazing quality and works perfectly,Positive,715.54,Yes,2025-06-17
6403,Charger,Power,4,"Amazing product, highly recommended",Positive,2464.46,No,2025-09-19
6404,Bluetooth Speaker,Audio,5,Amazing quality and works perfectly,Positive,5682.75,Yes,2025-09-03
6405,USB Flash Drive,Storage,4,Amazing quality and works perfectly,Positive,4383.66,No,2025-01-26
6406,Bluetooth Speaker,Audio,5,Great product with impressive features,Positive,4457.24,Yes,2025-02-24
6407,Smart TV,Home Entertainment,3,Good enough for basic use,Neutral,104761.13,Yes,2025-08-04
6408,Tablet,Computing,4,Works perfectly and looks premium,Positive,19472.61,Yes,2025-07-13
6409,Router,Networking,4,Really happy with the purchase,Positive,16156.54,Yes,2025-11-20
6410,Smartphone,Mobile,1,Product stopped working after a few days,Negative,39588.43,Yes,2025-11-06
6411,Webcam,Computer Accessories,4,Amazing quality and works perfectly,Positive,12287.12,Yes,2025-01-22
6412,Monitor,Computing,1,Poor quality and disappointing performance,Negative,18590.63,Yes,2025-08-02
6413,Smartphone,Mobile,4,Works perfectly and looks premium,Positive,47379.86,Yes,2025-05-29
6414,USB Flash Drive,Storage,2,Frequent problems while using the product,Negative,834.38,Yes,2025-06-26
6415,Smart TV,Home Entertainment,5,Excellent build quality and smooth performance,Positive,116903.74,Yes,2025-01-24
6416,Webcam,Computer Accessories,5,Works perfectly and looks premium,Positive,1065.61,Yes,2025-11-03
6417,Mouse,Accessories,5,Amazing quality and works perfectly,Positive,9932.79,Yes,2025-03-02
6418,Laptop,Computing,3,Features are satisfactory,Neutral,92441.83,Yes,2025-12-12
6419,Headphones,Audio,3,Decent quality but has some limitations,Neutral,19068.69,Yes,2025-12-06
6420,Smartphone,Mobile,4,Works perfectly and looks premium,Positive,40119.47,Yes,2025-10-27
6421,Smartphone,Mobile,5,Fast performance and reliable,Positive,36363.79,No,2025-02-12
6422,Smartwatch,Wearable,3,It is okay but could be improved,Neutral,42537.54,No,2025-05-30
6423,Charger,Power,3,Performance is acceptable,Neutral,3863.46,Yes,2025-01-09
6424,External SSD,Storage,1,Not worth the price,Negative,20368.88,Yes,2025-08-12
6425,Charger,Power,4,Good quality and easy to use,Positive,3835.83,Yes,2025-11-12
6426,Headphones,Audio,4,"Amazing product, highly recommended",Positive,5671.74,No,2025-07-12
6427,Camera,Camera,3,Product meets basic expectations,Neutral,235170.76,Yes,2025-01-09
6428,Headphones,Audio,2,Frequent problems while using the product,Negative,13914.99,Yes,2025-04-21
6429,Mouse,Accessories,5,Works perfectly and looks premium,Positive,8726.5,Yes,2025-03-04
6430,Printer,Office Electronics,5,Amazing quality and works perfectly,Positive,38122.56,No,2025-06-08
6431,Tablet,Computing,4,Great product with impressive features,Positive,35732.91,Yes,2025-05-16
6432,Printer,Office Electronics,4,Really happy with the purchase,Positive,30619.26,No,2025-10-30
6433,Earbuds,Audio,3,"Average product, works as expected",Neutral,24182.82,Yes,2025-03-22
6434,Gaming Console,Gaming,5,Really happy with the purchase,Positive,27039.85,Yes,2025-04-20
6435,Earbuds,Audio,5,Excellent build quality and smooth performance,Positive,10948.8,No,2025-03-28
6436,Smartwatch,Wearable,4,Amazing quality and works perfectly,Positive,31596.17,Yes,2025-11-21
6437,Mouse,Accessories,5,Really happy with the purchase,Positive,3596.99,No,2025-04-18
6438,Monitor,Computing,4,"Amazing product, highly recommended",Positive,29525.79,Yes,2025-12-28
6439,Power Bank,Power,1,Frequent problems while using the product,Negative,6190.58,Yes,2025-09-01
6440,Headphones,Audio,4,Works perfectly and looks premium,Positive,27531.64,No,2025-04-22
6441,Smart TV,Home Entertainment,3,Performance is acceptable,Neutral,114461.24,Yes,2025-08-05
6442,Gaming Console,Gaming,3,Features are satisfactory,Neutral,77151.54,Yes,2025-02-14
6443,USB Flash Drive,Storage,5,Great product with impressive features,Positive,776.01,Yes,2025-11-26
6444,External SSD,Storage,5,Excellent product with great performance,Positive,9141.7,Yes,2025-12-16
6445,Router,Networking,5,Works perfectly and looks premium,Positive,2666.53,No,2025-04-18
6446,Tablet,Computing,5,Works perfectly and looks premium,Positive,49198.09,Yes,2025-03-04
6447,Charger,Power,5,Great product with impressive features,Positive,3245.56,Yes,2025-06-06
6448,Printer,Office Electronics,5,Very good product and worth the price,Positive,14021.24,Yes,2025-10-09
6449,Laptop,Computing,5,Great product with impressive features,Positive,97280.8,Yes,2025-08-17
6450,Mouse,Accessories,4,Great product with impressive features,Positive,6938.63,Yes,2025-01-15
6451,Smartwatch,Wearable,2,Battery life is very poor,Negative,32515.13,Yes,2025-01-04
6452,External SSD,Storage,5,Great product with impressive features,Positive,19990.61,Yes,2025-03-27
6453,Webcam,Computer Accessories,4,Amazing quality and works perfectly,Positive,12514.61,No,2025-10-03
6454,Laptop,Computing,4,Really happy with the purchase,Positive,177991.55,Yes,2025-04-05
6455,USB Flash Drive,Storage,1,Product has several issues,Negative,3655.43,No,2025-11-23
6456,Monitor,Computing,3,It is okay but could be improved,Neutral,73167.8,Yes,2025-04-19
6457,Smart TV,Home Entertainment,2,Product has several issues,Negative,191070.09,No,2025-11-22
6458,Smartphone,Mobile,5,Excellent product with great performance,Positive,104284.03,Yes,2025-12-02
6459,Smartwatch,Wearable,5,Really happy with the purchase,Positive,6115.65,Yes,2025-09-23
6460,Router,Networking,2,Poor quality and disappointing performance,Negative,11055.65,Yes,2025-03-05
6461,External SSD,Storage,4,Excellent product with great performance,Positive,13300.84,No,2025-01-27
6462,Laptop,Computing,5,Amazing quality and works perfectly,Positive,44560.27,No,2025-03-05
6463,Smartwatch,Wearable,1,Product has several issues,Negative,28864.13,Yes,2025-08-19
6464,Bluetooth Speaker,Audio,4,Great product with impressive features,Positive,7014.48,No,2025-09-10
6465,Smartphone,Mobile,4,Very good product and worth the price,Positive,73154.57,No,2025-12-26
6466,External SSD,Storage,2,Performance is slow and unreliable,Negative,25069.5,Yes,2025-12-14
6467,Gaming Console,Gaming,3,Performance is acceptable,Neutral,46661.09,Yes,2025-04-23
6468,Router,Networking,2,Poor quality and disappointing performance,Negative,19046.74,Yes,2025-05-23
6469,Mouse,Accessories,5,Excellent product with great performance,Positive,7734.74,Yes,2025-10-09
6470,Camera,Camera,3,Decent quality but has some limitations,Neutral,205963.47,Yes,2025-10-10
6471,Charger,Power,2,Performance is slow and unreliable,Negative,827.77,Yes,2025-04-25
6472,Gaming Console,Gaming,5,Fast performance and reliable,Positive,76803.02,Yes,2025-01-12
6473,Mouse,Accessories,5,Really happy with the purchase,Positive,634.93,Yes,2025-02-05
6474,Gaming Console,Gaming,5,Good quality and easy to use,Positive,71414.24,Yes,2025-10-28
6475,Camera,Camera,4,Excellent product with great performance,Positive,31671.4,Yes,2025-05-08
6476,Camera,Camera,5,"Amazing product, highly recommended",Positive,61552.92,Yes,2025-09-22
6477,Printer,Office Electronics,1,Not worth the price,Negative,19190.53,Yes,2025-10-20
6478,Bluetooth Speaker,Audio,3,Nothing special but it works fine,Neutral,22342.61,Yes,2025-11-24
6479,Printer,Office Electronics,2,Not worth the price,Negative,45473.92,No,2025-06-29
6480,Smartphone,Mobile,1,Very disappointed with the purchase,Negative,82647.86,Yes,2025-08-21
6481,Mouse,Accessories,5,"Amazing product, highly recommended",Positive,7359.35,Yes,2025-03-13
6482,Keyboard,Accessories,4,Works perfectly and looks premium,Positive,4701.71,Yes,2025-12-10
6483,Printer,Office Electronics,3,Performance is acceptable,Neutral,48891.94,Yes,2025-11-19
6484,Smartphone,Mobile,5,Good quality and easy to use,Positive,53666.23,Yes,2025-05-23
6485,Headphones,Audio,3,Decent quality but has some limitations,Neutral,27430.96,Yes,2025-05-15
6486,Mouse,Accessories,4,Very good product and worth the price,Positive,7858.77,Yes,2025-09-25
6487,USB Flash Drive,Storage,5,Fast performance and reliable,Positive,2026.15,Yes,2025-06-01
6488,Mouse,Accessories,3,Decent quality but has some limitations,Neutral,3628.41,Yes,2025-09-22
6489,Camera,Camera,5,Excellent build quality and smooth performance,Positive,177883.23,Yes,2025-02-02
6490,Smartwatch,Wearable,1,Battery life is very poor,Negative,47112.86,No,2025-04-09
6491,Webcam,Computer Accessories,4,Good quality and easy to use,Positive,13774.54,Yes,2025-10-12
6492,External SSD,Storage,2,Poor quality and disappointing performance,Negative,26150.53,Yes,2025-12-03
6493,Smartphone,Mobile,4,Very good product and worth the price,Positive,116223.68,No,2025-01-10
6494,Router,Networking,4,Good quality and easy to use,Positive,7270.05,Yes,2025-10-12
6495,Tablet,Computing,4,Amazing quality and works perfectly,Positive,58464.24,Yes,2025-01-26
6496,Charger,Power,4,Great product with impressive features,Positive,3162.81,Yes,2025-11-13
6497,Router,Networking,5,Excellent product with great performance,Positive,5126.36,No,2025-04-03
6498,Webcam,Computer Accessories,4,Fast performance and reliable,Positive,16153.43,Yes,2025-05-13
6499,Laptop,Computing,5,Really happy with the purchase,Positive,69263.72,Yes,2025-09-19
6500,Earbuds,Audio,2,Very disappointed with the purchase,Negative,17818.43,Yes,2025-11-04
6501,Gaming Console,Gaming,5,Works perfectly and looks premium,Positive,53810.33,Yes,2025-06-01
6502,Earbuds,Audio,3,Product meets basic expectations,Neutral,20998.44,Yes,2025-04-25
6503,Router,Networking,1,Very disappointed with the purchase,Negative,10719.55,Yes,2025-12-24
6504,Smartwatch,Wearable,4,Good quality and easy to use,Positive,29953.36,No,2025-12-19
6505,Smartwatch,Wearable,5,Excellent product with great performance,Positive,10282.01,Yes,2025-07-11
6506,Power Bank,Power,1,Build quality is poor,Negative,6618.94,Yes,2025-01-09
6507,Gaming Console,Gaming,3,Average experience with this product,Neutral,47116.84,Yes,2025-12-20
6508,Headphones,Audio,1,Very disappointed with the purchase,Negative,17602.46,Yes,2025-08-15
6509,Printer,Office Electronics,5,Works perfectly and looks premium,Positive,43072.64,Yes,2025-07-21
6510,Printer,Office Electronics,4,Very good product and worth the price,Positive,26572.51,Yes,2025-02-10
6511,Laptop,Computing,4,Works perfectly and looks premium,Positive,71169.7,Yes,2025-12-29
6512,Bluetooth Speaker,Audio,4,Very good product and worth the price,Positive,8549.9,Yes,2025-09-20
6513,Charger,Power,4,Really happy with the purchase,Positive,2961.73,No,2025-03-21
6514,Mouse,Accessories,3,"Average product, works as expected",Neutral,3124.68,Yes,2025-05-13
6515,Earbuds,Audio,5,Excellent product with great performance,Positive,8794.47,Yes,2025-05-06
6516,Power Bank,Power,4,Fast performance and reliable,Positive,2490.6,Yes,2025-11-14
6517,Smart TV,Home Entertainment,5,Amazing quality and works perfectly,Positive,97563.06,Yes,2025-06-23
6518,Bluetooth Speaker,Audio,2,Battery life is very poor,Negative,14409.6,Yes,2025-11-15
6519,Headphones,Audio,4,"Amazing product, highly recommended",Positive,16014.66,Yes,2025-09-09
6520,Router,Networking,5,Good quality and easy to use,Positive,12264.24,Yes,2025-05-15
6521,Charger,Power,2,Frequent problems while using the product,Negative,3063.15,Yes,2025-05-29
6522,Gaming Console,Gaming,4,Great product with impressive features,Positive,45198.85,No,2025-10-23
6523,Camera,Camera,3,Product is okay for the price,Neutral,227652.79,Yes,2025-07-02
6524,External SSD,Storage,4,Great product with impressive features,Positive,16814.73,Yes,2025-09-06
6525,Router,Networking,3,Average experience with this product,Neutral,16810.21,Yes,2025-02-14
6526,Camera,Camera,3,Performance is acceptable,Neutral,150410.21,Yes,2025-06-05
6527,Mouse,Accessories,5,Good quality and easy to use,Positive,3894.95,No,2025-07-30
6528,Mouse,Accessories,2,Product stopped working after a few days,Negative,7464.89,Yes,2025-05-06
6529,Earbuds,Audio,1,Very disappointed with the purchase,Negative,4835.52,No,2025-11-06
6530,Keyboard,Accessories,2,Poor quality and disappointing performance,Negative,14560.36,Yes,2025-03-18
6531,Camera,Camera,4,"Amazing product, highly recommended",Positive,153768.08,Yes,2025-11-07
6532,Router,Networking,3,"Average product, works as expected",Neutral,2979.15,Yes,2025-01-24
6533,External SSD,Storage,1,Battery life is very poor,Negative,14376.67,Yes,2025-06-05
6534,Monitor,Computing,1,Performance is slow and unreliable,Negative,58727.83,Yes,2025-07-08
6535,Router,Networking,4,Amazing quality and works perfectly,Positive,2294.08,Yes,2025-04-03
6536,Keyboard,Accessories,5,Good quality and easy to use,Positive,4290.02,Yes,2025-07-17
6537,Monitor,Computing,3,Product is okay for the price,Neutral,74403.69,Yes,2025-11-25
6538,Smartwatch,Wearable,4,"Amazing product, highly recommended",Positive,18775.84,Yes,2025-06-12
6539,Earbuds,Audio,1,Poor quality and disappointing performance,Negative,4399.48,No,2025-07-16
6540,Gaming Console,Gaming,5,Really happy with the purchase,Positive,30411.05,No,2025-12-13
6541,Headphones,Audio,3,Nothing special but it works fine,Neutral,18762.35,Yes,2025-12-04
6542,Laptop,Computing,4,Excellent build quality and smooth performance,Positive,113719.97,Yes,2025-01-05
6543,Earbuds,Audio,1,Very bad experience with this product,Negative,16369.67,Yes,2025-09-23
6544,Smart TV,Home Entertainment,2,Product has several issues,Negative,192236.8,No,2025-11-07
6545,Tablet,Computing,1,Frequent problems while using the product,Negative,15410.64,Yes,2025-12-10
6546,Tablet,Computing,4,Excellent product with great performance,Positive,27790.39,No,2025-10-20
6547,Keyboard,Accessories,5,Fast performance and reliable,Positive,3890.45,No,2025-01-31
6548,Monitor,Computing,5,"Amazing product, highly recommended",Positive,37604.58,Yes,2025-10-04
6549,Webcam,Computer Accessories,4,Good quality and easy to use,Positive,3299.5,Yes,2025-11-05
6550,Headphones,Audio,4,Really happy with the purchase,Positive,12591.16,Yes,2025-07-11
6551,Keyboard,Accessories,1,Very disappointed with the purchase,Negative,12334.82,Yes,2025-01-08
6552,Earbuds,Audio,4,Works perfectly and looks premium,Positive,4509.62,No,2025-03-11
6553,Headphones,Audio,4,Good quality and easy to use,Positive,27539.12,Yes,2025-04-11
6554,Bluetooth Speaker,Audio,5,Great product with impressive features,Positive,27408.6,No,2025-11-11
6555,Earbuds,Audio,3,Good enough for basic use,Neutral,13068.19,Yes,2025-02-15
6556,Router,Networking,5,Fast performance and reliable,Positive,17342.99,No,2025-09-29
6557,External SSD,Storage,5,Really happy with the purchase,Positive,22210.52,No,2025-03-07
6558,Smartwatch,Wearable,2,Poor quality and disappointing performance,Negative,18801.82,Yes,2025-10-31
6559,Mouse,Accessories,4,Excellent product with great performance,Positive,5748.99,Yes,2025-01-05
6560,Earbuds,Audio,5,"Amazing product, highly recommended",Positive,3357.11,Yes,2025-03-28
6561,Printer,Office Electronics,4,"Amazing product, highly recommended",Positive,27309.31,Yes,2025-02-07
6562,Tablet,Computing,2,Product stopped working after a few days,Negative,84698.11,Yes,2025-07-22
6563,Keyboard,Accessories,4,Great product with impressive features,Positive,8985.98,Yes,2025-10-13
6564,Bluetooth Speaker,Audio,4,Very good product and worth the price,Positive,11955.29,Yes,2025-06-01
6565,Monitor,Computing,5,Really happy with the purchase,Positive,55103.41,Yes,2025-07-14
6566,Webcam,Computer Accessories,3,Performance is acceptable,Neutral,19560.25,No,2025-08-22
6567,Power Bank,Power,1,Frequent problems while using the product,Negative,1285.87,Yes,2025-06-16
6568,Monitor,Computing,4,Very good product and worth the price,Positive,30446.96,Yes,2025-10-02
6569,USB Flash Drive,Storage,3,Features are satisfactory,Neutral,1032.91,Yes,2025-04-14
6570,External SSD,Storage,2,Battery life is very poor,Negative,28837.58,Yes,2025-03-05
6571,Tablet,Computing,2,Product has several issues,Negative,59131.17,Yes,2025-03-10
6572,Mouse,Accessories,4,Good quality and easy to use,Positive,1557.79,Yes,2025-03-05
6573,Keyboard,Accessories,4,Amazing quality and works perfectly,Positive,9376.47,Yes,2025-01-14
6574,Keyboard,Accessories,2,Build quality is poor,Negative,7756.09,Yes,2025-01-16
6575,Bluetooth Speaker,Audio,4,Very good product and worth the price,Positive,2532.16,Yes,2025-01-20
6576,USB Flash Drive,Storage,5,Excellent product with great performance,Positive,4363.22,Yes,2025-02-27
6577,Smart TV,Home Entertainment,1,Product has several issues,Negative,146201.31,Yes,2025-08-20
6578,Smartphone,Mobile,1,Performance is slow and unreliable,Negative,8586.75,Yes,2025-03-29
6579,Printer,Office Electronics,5,Excellent build quality and smooth performance,Positive,48185.25,Yes,2025-08-02
6580,Printer,Office Electronics,5,Amazing quality and works perfectly,Positive,12167.07,Yes,2025-01-27
6581,Monitor,Computing,1,Product has several issues,Negative,6019.39,Yes,2025-10-20
6582,Mouse,Accessories,4,"Amazing product, highly recommended",Positive,4444.53,No,2025-05-10
6583,Tablet,Computing,3,Features are satisfactory,Neutral,22670.42,Yes,2025-06-11
6584,Monitor,Computing,3,Decent quality but has some limitations,Neutral,48190.95,No,2025-09-04
6585,Headphones,Audio,5,Good quality and easy to use,Positive,9687.17,Yes,2025-12-31
6586,Webcam,Computer Accessories,2,Very disappointed with the purchase,Negative,4518.38,Yes,2025-10-17
6587,Tablet,Computing,3,It is okay but could be improved,Neutral,98681.05,No,2025-05-27
6588,Bluetooth Speaker,Audio,2,Product stopped working after a few days,Negative,10515.69,Yes,2025-05-07
6589,Mouse,Accessories,4,Really happy with the purchase,Positive,4322.91,Yes,2025-05-04
6590,Smart TV,Home Entertainment,3,Performance is acceptable,Neutral,69434.43,Yes,2025-01-31
6591,USB Flash Drive,Storage,5,Very good product and worth the price,Positive,4233.84,No,2025-05-04
6592,Webcam,Computer Accessories,5,Fast performance and reliable,Positive,4738.9,Yes,2025-10-05
6593,Bluetooth Speaker,Audio,1,Poor quality and disappointing performance,Negative,4527.6,Yes,2025-04-11
6594,Earbuds,Audio,4,Works perfectly and looks premium,Positive,22095.72,Yes,2025-05-23
6595,Charger,Power,4,Excellent product with great performance,Positive,1161.79,Yes,2025-01-26
6596,Bluetooth Speaker,Audio,5,Excellent product with great performance,Positive,25851.79,Yes,2025-04-02
6597,Smartphone,Mobile,4,Works perfectly and looks premium,Positive,72755.91,Yes,2025-01-26
6598,USB Flash Drive,Storage,4,"Amazing product, highly recommended",Positive,4169.85,Yes,2025-06-21
6599,Laptop,Computing,5,Really happy with the purchase,Positive,40523.71,Yes,2025-04-19
6600,Smartwatch,Wearable,5,Good quality and easy to use,Positive,48235.61,Yes,2025-12-21
6601,Webcam,Computer Accessories,3,Performance is acceptable,Neutral,6695.49,Yes,2025-08-04
6602,Router,Networking,5,Very good product and worth the price,Positive,2113.91,Yes,2025-05-17
6603,Camera,Camera,4,Good quality and easy to use,Positive,197099.3,Yes,2025-07-16
6604,Tablet,Computing,5,Great product with impressive features,Positive,26060.84,Yes,2025-12-17
6605,Earbuds,Audio,4,Works perfectly and looks premium,Positive,9102.24,No,2025-03-07
6606,Headphones,Audio,3,Features are satisfactory,Neutral,18042.36,Yes,2025-04-03
6607,Camera,Camera,5,Excellent build quality and smooth performance,Positive,40438.69,Yes,2025-07-19
6608,Power Bank,Power,4,Amazing quality and works perfectly,Positive,2253.92,Yes,2025-02-08
6609,Monitor,Computing,5,Very good product and worth the price,Positive,42191.35,Yes,2025-07-09
6610,Router,Networking,3,Decent quality but has some limitations,Neutral,9016.16,No,2025-02-27
6611,External SSD,Storage,3,Performance is acceptable,Neutral,18054.48,Yes,2025-11-12
6612,Router,Networking,4,Great product with impressive features,Positive,14844.02,Yes,2025-10-10
6613,Tablet,Computing,2,Frequent problems while using the product,Negative,41769.3,No,2025-01-18
6614,Camera,Camera,3,Product meets basic expectations,Neutral,115991.28,Yes,2025-07-16
6615,Headphones,Audio,4,Great product with impressive features,Positive,8535.25,No,2025-03-18
6616,Earbuds,Audio,1,Build quality is poor,Negative,8822.58,Yes,2025-08-01
6617,Smart TV,Home Entertainment,2,Battery life is very poor,Negative,24440.4,Yes,2025-07-18
6618,Keyboard,Accessories,4,Works perfectly and looks premium,Positive,8911.8,Yes,2025-12-20
6619,External SSD,Storage,1,Product stopped working after a few days,Negative,7665.03,Yes,2025-03-06
6620,Headphones,Audio,4,Fast performance and reliable,Positive,21630.46,Yes,2025-07-04
6621,Smart TV,Home Entertainment,1,Frequent problems while using the product,Negative,22805.79,Yes,2025-12-19
6622,Earbuds,Audio,4,Good quality and easy to use,Positive,1966.96,Yes,2025-02-12
6623,Smartwatch,Wearable,3,Decent quality but has some limitations,Neutral,15307.44,Yes,2025-04-03
6624,Bluetooth Speaker,Audio,3,Product meets basic expectations,Neutral,13601.4,Yes,2025-09-20
6625,Smartwatch,Wearable,3,"Average product, works as expected",Neutral,35140.01,Yes,2025-02-09
6626,Charger,Power,5,Very good product and worth the price,Positive,3553.26,Yes,2025-03-17
6627,Tablet,Computing,5,Good quality and easy to use,Positive,97604.12,Yes,2025-12-16
6628,Headphones,Audio,3,It is okay but could be improved,Neutral,10873.51,Yes,2025-08-01
6629,Router,Networking,5,Excellent build quality and smooth performance,Positive,2127.67,No,2025-01-21
6630,Smartphone,Mobile,3,Average experience with this product,Neutral,104461.61,Yes,2025-11-08
6631,Keyboard,Accessories,1,Frequent problems while using the product,Negative,11094.25,Yes,2025-07-11
6632,Gaming Console,Gaming,3,Product meets basic expectations,Neutral,28746.71,Yes,2025-06-24
6633,Keyboard,Accessories,4,Amazing quality and works perfectly,Positive,1708.41,Yes,2025-12-29
6634,Smartphone,Mobile,1,Build quality is poor,Negative,61383.23,Yes,2025-04-25
6635,Smartwatch,Wearable,5,Excellent build quality and smooth performance,Positive,18069.78,Yes,2025-05-19
6636,Smart TV,Home Entertainment,4,"Amazing product, highly recommended",Positive,125328.83,Yes,2025-07-30
6637,External SSD,Storage,4,Good quality and easy to use,Positive,8917.34,Yes,2025-03-30
6638,Monitor,Computing,5,Really happy with the purchase,Positive,76991.1,Yes,2025-02-16
6639,Printer,Office Electronics,2,Poor quality and disappointing performance,Negative,28046.08,No,2025-02-20
6640,Smartphone,Mobile,3,Nothing special but it works fine,Neutral,92080.51,No,2025-04-23
6641,Smartphone,Mobile,4,Fast performance and reliable,Positive,22087.86,Yes,2025-01-30
6642,Printer,Office Electronics,2,Performance is slow and unreliable,Negative,32761.63,Yes,2025-07-04
6643,Gaming Console,Gaming,5,Good quality and easy to use,Positive,72584.89,Yes,2025-12-29
6644,Charger,Power,1,Poor quality and disappointing performance,Negative,408.06,Yes,2025-04-03
6645,Bluetooth Speaker,Audio,3,Good enough for basic use,Neutral,16567.6,Yes,2025-01-15
6646,USB Flash Drive,Storage,2,Not worth the price,Negative,1459.78,Yes,2025-01-15
6647,Camera,Camera,4,"Amazing product, highly recommended",Positive,132637.48,Yes,2025-03-02
6648,Keyboard,Accessories,2,Frequent problems while using the product,Negative,12331.93,Yes,2025-08-02
6649,Monitor,Computing,5,Great product with impressive features,Positive,57065.23,Yes,2025-06-21
6650,Monitor,Computing,4,Excellent build quality and smooth performance,Positive,61832.94,Yes,2025-05-27
6651,Charger,Power,2,Build quality is poor,Negative,1294.91,Yes,2025-10-03
6652,Gaming Console,Gaming,5,Fast performance and reliable,Positive,70788.6,Yes,2025-05-23
6653,USB Flash Drive,Storage,2,Frequent problems while using the product,Negative,3185.76,Yes,2025-08-13
6654,Keyboard,Accessories,3,Product is okay for the price,Neutral,1504.88,Yes,2025-12-30
6655,Earbuds,Audio,1,Very bad experience with this product,Negative,21636.38,No,2025-03-03
6656,Charger,Power,4,Works perfectly and looks premium,Positive,562.05,No,2025-02-10
6657,Charger,Power,4,Fast performance and reliable,Positive,435.22,Yes,2025-03-21
6658,Earbuds,Audio,5,Works perfectly and looks premium,Positive,20926.81,Yes,2025-02-26
6659,Laptop,Computing,5,Good quality and easy to use,Positive,31953.56,Yes,2025-10-30
6660,Bluetooth Speaker,Audio,3,Performance is acceptable,Neutral,3382.28,Yes,2025-11-16
6661,Laptop,Computing,3,Nothing special but it works fine,Neutral,32542.95,Yes,2025-07-24
6662,Laptop,Computing,3,Performance is acceptable,Neutral,162041.81,Yes,2025-02-17
6663,Smart TV,Home Entertainment,2,Very bad experience with this product,Negative,23268.67,No,2025-11-07
6664,External SSD,Storage,4,Excellent build quality and smooth performance,Positive,13062.35,Yes,2025-12-01
6665,Smartphone,Mobile,3,Features are satisfactory,Neutral,32303.15,Yes,2025-05-29
6666,Bluetooth Speaker,Audio,3,Product is okay for the price,Neutral,10776.5,No,2025-09-03
6667,Earbuds,Audio,4,Excellent product with great performance,Positive,7619.52,Yes,2025-08-11
6668,Smart TV,Home Entertainment,5,Fast performance and reliable,Positive,179256.27,Yes,2025-07-12
6669,Keyboard,Accessories,3,Nothing special but it works fine,Neutral,11646.23,No,2025-05-09
6670,Earbuds,Audio,3,"Average product, works as expected",Neutral,22182.91,Yes,2025-04-12
6671,Camera,Camera,2,Very bad experience with this product,Negative,187009.59,Yes,2025-04-11
6672,Mouse,Accessories,5,Excellent build quality and smooth performance,Positive,3504.38,Yes,2025-05-12
6673,Smartwatch,Wearable,2,Build quality is poor,Negative,10513.49,Yes,2025-10-05
6674,Bluetooth Speaker,Audio,5,Excellent build quality and smooth performance,Positive,16269.56,Yes,2025-10-29
6675,Tablet,Computing,4,Excellent product with great performance,Positive,42100.15,Yes,2025-02-11
6676,Gaming Console,Gaming,2,Poor quality and disappointing performance,Negative,60387.71,Yes,2025-01-21
6677,Smart TV,Home Entertainment,5,Works perfectly and looks premium,Positive,22202.53,No,2025-06-24
6678,USB Flash Drive,Storage,4,Amazing quality and works perfectly,Positive,3651.02,Yes,2025-10-08
6679,Monitor,Computing,5,Really happy with the purchase,Positive,28167.38,No,2025-07-24
6680,Mouse,Accessories,5,Very good product and worth the price,Positive,4783.73,Yes,2025-10-30
6681,Laptop,Computing,2,Product has several issues,Negative,176792.09,Yes,2025-09-18
6682,Monitor,Computing,3,Decent quality but has some limitations,Neutral,21952.58,No,2025-09-15
6683,Smartphone,Mobile,5,Great product with impressive features,Positive,21177.43,Yes,2025-07-16
6684,Router,Networking,2,Product stopped working after a few days,Negative,4986.46,Yes,2025-01-20
6685,Webcam,Computer Accessories,5,Amazing quality and works perfectly,Positive,7678.57,Yes,2025-03-07
6686,Smartwatch,Wearable,5,Amazing quality and works perfectly,Positive,27507.41,Yes,2025-09-29
6687,Gaming Console,Gaming,4,Great product with impressive features,Positive,78912.44,Yes,2025-04-23
6688,Charger,Power,5,Great product with impressive features,Positive,4388.45,Yes,2025-09-21
6689,Keyboard,Accessories,5,Works perfectly and looks premium,Positive,10866.87,Yes,2025-05-04
6690,Router,Networking,5,Amazing quality and works perfectly,Positive,14690.06,Yes,2025-01-05
6691,Gaming Console,Gaming,5,Excellent build quality and smooth performance,Positive,40608.09,Yes,2025-09-04
6692,Earbuds,Audio,4,"Amazing product, highly recommended",Positive,23235.24,Yes,2025-11-22
6693,External SSD,Storage,4,Excellent build quality and smooth performance,Positive,17567.91,Yes,2025-06-12
6694,Gaming Console,Gaming,1,Build quality is poor,Negative,33938.63,Yes,2025-02-18
6695,Bluetooth Speaker,Audio,4,Excellent build quality and smooth performance,Positive,28548.83,Yes,2025-06-01
6696,Router,Networking,4,Good quality and easy to use,Positive,10623.99,No,2025-12-17
6697,Camera,Camera,3,Good enough for basic use,Neutral,59990.23,Yes,2025-04-27
6698,Tablet,Computing,4,Really happy with the purchase,Positive,76170.89,No,2025-01-26
6699,Smartwatch,Wearable,4,Works perfectly and looks premium,Positive,12838.82,No,2025-10-08
6700,Bluetooth Speaker,Audio,5,Works perfectly and looks premium,Positive,6279.87,Yes,2025-03-28
6701,Smartphone,Mobile,1,Not worth the price,Negative,37970.25,Yes,2025-01-14
6702,Keyboard,Accessories,4,Excellent product with great performance,Positive,8885.01,No,2025-09-09
6703,Mouse,Accessories,4,"Amazing product, highly recommended",Positive,3138.12,Yes,2025-05-04
6704,External SSD,Storage,2,Very disappointed with the purchase,Negative,4101.96,Yes,2025-02-20
6705,Smartwatch,Wearable,1,Very disappointed with the purchase,Negative,20293.61,Yes,2025-01-20
6706,Charger,Power,5,Excellent build quality and smooth performance,Positive,1401.62,Yes,2025-03-09
6707,Gaming Console,Gaming,5,Fast performance and reliable,Positive,53129.6,Yes,2025-02-24
6708,Keyboard,Accessories,4,"Amazing product, highly recommended",Positive,7163.64,No,2025-01-05
6709,Webcam,Computer Accessories,5,Really happy with the purchase,Positive,2483.58,Yes,2025-05-16
6710,Bluetooth Speaker,Audio,4,Excellent product with great performance,Positive,7963.17,Yes,2025-10-29
6711,Keyboard,Accessories,5,Excellent product with great performance,Positive,4581.52,Yes,2025-05-25
6712,Smartphone,Mobile,5,Excellent build quality and smooth performance,Positive,62290.5,Yes,2025-01-14
6713,Keyboard,Accessories,3,Decent quality but has some limitations,Neutral,12422.17,Yes,2025-11-18
6714,Smartphone,Mobile,4,Amazing quality and works perfectly,Positive,32483.5,Yes,2025-08-19
6715,Smart TV,Home Entertainment,5,Really happy with the purchase,Positive,44264.53,Yes,2025-12-18
6716,Headphones,Audio,5,Excellent build quality and smooth performance,Positive,530.14,No,2025-08-01
6717,USB Flash Drive,Storage,2,Not worth the price,Negative,3150.56,Yes,2025-06-24
6718,Tablet,Computing,4,Fast performance and reliable,Positive,39307.59,Yes,2025-07-06
6719,Earbuds,Audio,2,Poor quality and disappointing performance,Negative,16918.81,Yes,2025-01-03
6720,Tablet,Computing,5,Fast performance and reliable,Positive,72112.82,Yes,2025-05-17
6721,Monitor,Computing,4,Works perfectly and looks premium,Positive,9308.06,Yes,2025-06-11
6722,Camera,Camera,2,Product stopped working after a few days,Negative,119142.63,Yes,2025-04-20
6723,Keyboard,Accessories,5,Amazing quality and works perfectly,Positive,14535.75,Yes,2025-11-02
6724,Camera,Camera,5,Good quality and easy to use,Positive,86907.35,No,2025-12-16
6725,USB Flash Drive,Storage,4,"Amazing product, highly recommended",Positive,2788.89,Yes,2025-06-24
6726,Smartphone,Mobile,2,Very disappointed with the purchase,Negative,68235.12,Yes,2025-10-14
6727,Keyboard,Accessories,4,Good quality and easy to use,Positive,4277.99,Yes,2025-03-23
6728,Charger,Power,2,Not worth the price,Negative,3962.5,Yes,2025-12-03
6729,Power Bank,Power,2,Build quality is poor,Negative,826.52,No,2025-09-14
6730,Tablet,Computing,5,Good quality and easy to use,Positive,30411.15,Yes,2025-09-25
6731,Headphones,Audio,4,Fast performance and reliable,Positive,17979.55,Yes,2025-08-06
6732,Monitor,Computing,5,Excellent product with great performance,Positive,73879.73,No,2025-10-30
6733,Gaming Console,Gaming,2,Very bad experience with this product,Negative,25524.21,Yes,2025-07-14
6734,Smart TV,Home Entertainment,5,Very good product and worth the price,Positive,126160.55,Yes,2025-12-18
6735,Monitor,Computing,5,Really happy with the purchase,Positive,6249.14,Yes,2025-08-30
6736,Power Bank,Power,5,Works perfectly and looks premium,Positive,5284.29,Yes,2025-06-15
6737,Bluetooth Speaker,Audio,4,Excellent product with great performance,Positive,12818.59,No,2025-03-18
6738,Smartphone,Mobile,3,Decent quality but has some limitations,Neutral,56658.88,No,2025-11-28
6739,Monitor,Computing,5,Really happy with the purchase,Positive,77595.71,No,2025-01-21
6740,Bluetooth Speaker,Audio,3,Product meets basic expectations,Neutral,20721.59,No,2025-01-16
6741,Smartwatch,Wearable,3,Nothing special but it works fine,Neutral,11026.11,Yes,2025-01-12
6742,Gaming Console,Gaming,3,Decent quality but has some limitations,Neutral,79853.55,Yes,2025-02-09
6743,Earbuds,Audio,5,Really happy with the purchase,Positive,6788.6,Yes,2025-04-01
6744,Headphones,Audio,4,Excellent product with great performance,Positive,20734.25,Yes,2025-06-28
6745,Monitor,Computing,5,Amazing quality and works perfectly,Positive,56341.83,Yes,2025-04-11
6746,Smart TV,Home Entertainment,4,Great product with impressive features,Positive,172199.13,Yes,2025-06-15
6747,Camera,Camera,3,"Average product, works as expected",Neutral,114745.05,Yes,2025-06-13
6748,Keyboard,Accessories,3,"Average product, works as expected",Neutral,10591.49,Yes,2025-06-09
6749,USB Flash Drive,Storage,2,Poor quality and disappointing performance,Negative,3241.92,Yes,2025-01-22
6750,Smartphone,Mobile,2,Battery life is very poor,Negative,56879.03,No,2025-07-16
6751,Bluetooth Speaker,Audio,3,Decent quality but has some limitations,Neutral,27545.96,Yes,2025-04-20
6752,Power Bank,Power,5,Excellent product with great performance,Positive,2613.89,Yes,2025-07-16
6753,Mouse,Accessories,2,Product stopped working after a few days,Negative,2475.45,No,2025-01-23
6754,Gaming Console,Gaming,5,Excellent build quality and smooth performance,Positive,59671.35,Yes,2025-11-14
6755,Router,Networking,2,Performance is slow and unreliable,Negative,4615.07,Yes,2025-09-21
6756,Mouse,Accessories,5,Really happy with the purchase,Positive,8350.95,No,2025-05-07
6757,Webcam,Computer Accessories,4,Very good product and worth the price,Positive,7453.83,Yes,2025-05-12
6758,Webcam,Computer Accessories,5,Very good product and worth the price,Positive,9000.89,Yes,2025-04-26
6759,Mouse,Accessories,4,Good quality and easy to use,Positive,6918.46,Yes,2025-12-28
6760,Webcam,Computer Accessories,1,Very bad experience with this product,Negative,17816.93,Yes,2025-09-14
6761,Camera,Camera,1,Very bad experience with this product,Negative,180242.68,Yes,2025-06-17
6762,Tablet,Computing,3,Product meets basic expectations,Neutral,18478.47,Yes,2025-08-25
6763,Tablet,Computing,2,Not worth the price,Negative,40425.49,Yes,2025-01-24
6764,Laptop,Computing,5,Great product with impressive features,Positive,142509.44,Yes,2025-10-30
6765,Headphones,Audio,1,Poor quality and disappointing performance,Negative,27278.64,No,2025-08-06
6766,Bluetooth Speaker,Audio,4,Excellent product with great performance,Positive,19307.75,Yes,2025-04-23
6767,Laptop,Computing,4,Excellent product with great performance,Positive,119423.25,Yes,2025-09-10
6768,Camera,Camera,5,Really happy with the purchase,Positive,110324.4,Yes,2025-01-03
6769,Keyboard,Accessories,1,Battery life is very poor,Negative,7431.75,Yes,2025-06-28
6770,Camera,Camera,3,Performance is acceptable,Neutral,122251.2,Yes,2025-12-11
6771,Power Bank,Power,3,Decent quality but has some limitations,Neutral,1197.27,Yes,2025-10-05
6772,Earbuds,Audio,5,Really happy with the purchase,Positive,1035.4,Yes,2025-01-17
6773,Camera,Camera,3,It is okay but could be improved,Neutral,163915.86,Yes,2025-08-04
6774,Smart TV,Home Entertainment,2,Frequent problems while using the product,Negative,109320.17,No,2025-09-06
6775,Bluetooth Speaker,Audio,4,Excellent build quality and smooth performance,Positive,7950.81,Yes,2025-07-12
6776,Bluetooth Speaker,Audio,4,Excellent build quality and smooth performance,Positive,26868.33,Yes,2025-04-28
6777,Power Bank,Power,2,Frequent problems while using the product,Negative,2287.48,Yes,2025-09-05
6778,USB Flash Drive,Storage,5,Works perfectly and looks premium,Positive,3592.34,Yes,2025-06-04
6779,Power Bank,Power,5,"Amazing product, highly recommended",Positive,6476.21,Yes,2025-12-13
6780,USB Flash Drive,Storage,2,Very disappointed with the purchase,Negative,4249.07,Yes,2025-11-02
6781,Laptop,Computing,4,Works perfectly and looks premium,Positive,155929.49,Yes,2025-11-28
6782,Laptop,Computing,5,Excellent build quality and smooth performance,Positive,149127.26,Yes,2025-06-03
6783,Keyboard,Accessories,2,Product stopped working after a few days,Negative,7138.1,Yes,2025-09-05
6784,Headphones,Audio,4,Very good product and worth the price,Positive,18905.39,No,2025-02-22
6785,Smartphone,Mobile,2,Build quality is poor,Negative,104063.67,Yes,2025-10-02
6786,Headphones,Audio,3,Features are satisfactory,Neutral,12898.54,Yes,2025-10-03
6787,Earbuds,Audio,4,Great product with impressive features,Positive,16935.95,No,2025-10-11
6788,Webcam,Computer Accessories,4,"Amazing product, highly recommended",Positive,4031.19,Yes,2025-01-08
6789,External SSD,Storage,3,Decent quality but has some limitations,Neutral,18246.7,Yes,2025-06-16
6790,Monitor,Computing,1,Poor quality and disappointing performance,Negative,16437.4,Yes,2025-04-11
6791,Smart TV,Home Entertainment,2,Not worth the price,Negative,137153.83,No,2025-11-30
6792,USB Flash Drive,Storage,3,Average experience with this product,Neutral,2071.11,Yes,2025-07-16
6793,Earbuds,Audio,3,Average experience with this product,Neutral,6082.15,Yes,2025-08-12
6794,Mouse,Accessories,5,Very good product and worth the price,Positive,3799.21,Yes,2025-06-09
6795,Webcam,Computer Accessories,2,Not worth the price,Negative,14326.93,Yes,2025-02-11
6796,Mouse,Accessories,4,Excellent build quality and smooth performance,Positive,9107.92,Yes,2025-08-15
6797,Monitor,Computing,1,Very bad experience with this product,Negative,6834.79,Yes,2025-08-11
6798,Webcam,Computer Accessories,2,Product has several issues,Negative,4189.11,Yes,2025-05-20
6799,Gaming Console,Gaming,4,Works perfectly and looks premium,Positive,63815.33,Yes,2025-08-18
6800,Keyboard,Accessories,5,Good quality and easy to use,Positive,8746.66,Yes,2025-05-23
6801,Printer,Office Electronics,4,"Amazing product, highly recommended",Positive,19363.24,Yes,2025-08-29
6802,Router,Networking,4,Fast performance and reliable,Positive,13383.5,No,2025-05-08
6803,Bluetooth Speaker,Audio,4,Good quality and easy to use,Positive,26121.88,Yes,2025-10-10
6804,Keyboard,Accessories,4,Fast performance and reliable,Positive,4240.69,Yes,2025-11-20
6805,Smartphone,Mobile,4,Really happy with the purchase,Positive,62395.28,Yes,2025-06-26
6806,Tablet,Computing,3,Decent quality but has some limitations,Neutral,11869.06,Yes,2025-01-07
6807,Smart TV,Home Entertainment,3,Features are satisfactory,Neutral,190009.26,Yes,2025-09-06
6808,Laptop,Computing,4,Excellent product with great performance,Positive,150246.56,No,2025-12-09
6809,USB Flash Drive,Storage,1,Poor quality and disappointing performance,Negative,2673.93,Yes,2025-09-17
6810,Headphones,Audio,5,Great product with impressive features,Positive,29763.94,Yes,2025-05-11
6811,Power Bank,Power,4,Excellent product with great performance,Positive,2385.57,Yes,2025-07-25
6812,Router,Networking,1,Not worth the price,Negative,15135.44,No,2025-05-14
6813,Smart TV,Home Entertainment,1,Poor quality and disappointing performance,Negative,157358.71,Yes,2025-10-10
6814,Monitor,Computing,5,Good quality and easy to use,Positive,67483.33,Yes,2025-09-22
6815,Webcam,Computer Accessories,5,Good quality and easy to use,Positive,14016.83,Yes,2025-08-17
6816,Mouse,Accessories,5,Good quality and easy to use,Positive,2148.73,Yes,2025-05-22
6817,Printer,Office Electronics,5,Really happy with the purchase,Positive,9110.04,Yes,2025-03-04
6818,Tablet,Computing,5,Fast performance and reliable,Positive,26232.15,Yes,2025-08-14
6819,Earbuds,Audio,1,Performance is slow and unreliable,Negative,21528.8,Yes,2025-05-04
6820,Camera,Camera,3,"Average product, works as expected",Neutral,115448.9,No,2025-11-26
6821,Router,Networking,4,Works perfectly and looks premium,Positive,11377.16,Yes,2025-01-24
6822,USB Flash Drive,Storage,3,Features are satisfactory,Neutral,419.25,Yes,2025-11-05
6823,Monitor,Computing,3,Product meets basic expectations,Neutral,42365.71,Yes,2025-10-12
6824,Camera,Camera,3,Features are satisfactory,Neutral,117085.59,No,2025-07-08
6825,Camera,Camera,5,Excellent product with great performance,Positive,145276.05,Yes,2025-12-29
6826,Smart TV,Home Entertainment,3,Product is okay for the price,Neutral,84425.59,Yes,2025-09-19
6827,Tablet,Computing,4,Works perfectly and looks premium,Positive,16789.8,Yes,2025-01-16
6828,Smartphone,Mobile,1,Product stopped working after a few days,Negative,12923.56,Yes,2025-05-24
6829,Charger,Power,3,Features are satisfactory,Neutral,4764.05,Yes,2025-11-03
6830,Smartphone,Mobile,3,Performance is acceptable,Neutral,75627.69,No,2025-10-11
6831,Smartwatch,Wearable,5,Works perfectly and looks premium,Positive,32704.72,Yes,2025-02-28
6832,Power Bank,Power,4,Excellent product with great performance,Positive,7391.02,Yes,2025-03-04
6833,Earbuds,Audio,1,Not worth the price,Negative,13996.11,Yes,2025-12-04
6834,Earbuds,Audio,5,Works perfectly and looks premium,Positive,15581.04,Yes,2025-01-17
6835,Bluetooth Speaker,Audio,5,Fast performance and reliable,Positive,16072.73,Yes,2025-12-13
6836,Gaming Console,Gaming,3,It is okay but could be improved,Neutral,34678.6,Yes,2025-07-17
6837,Monitor,Computing,4,Amazing quality and works perfectly,Positive,29051.81,Yes,2025-10-22
6838,External SSD,Storage,5,Excellent build quality and smooth performance,Positive,26877.18,No,2025-03-20
6839,Smartwatch,Wearable,4,Really happy with the purchase,Positive,23027.42,Yes,2025-05-06
6840,Tablet,Computing,5,Excellent build quality and smooth performance,Positive,28373.46,Yes,2025-09-23
6841,Smartwatch,Wearable,5,Amazing quality and works perfectly,Positive,41659.96,No,2025-03-01
6842,Webcam,Computer Accessories,1,Product has several issues,Negative,2658.79,Yes,2025-02-06
6843,Earbuds,Audio,3,Product meets basic expectations,Neutral,16168.49,Yes,2025-08-11
6844,Smartphone,Mobile,4,Excellent build quality and smooth performance,Positive,86413.94,Yes,2025-01-04
6845,Bluetooth Speaker,Audio,4,Very good product and worth the price,Positive,9670.03,Yes,2025-12-09
6846,Gaming Console,Gaming,5,Very good product and worth the price,Positive,34178.66,No,2025-09-04
6847,Monitor,Computing,3,Features are satisfactory,Neutral,39173.66,Yes,2025-09-18
6848,Monitor,Computing,5,Good quality and easy to use,Positive,61872.39,No,2025-07-02
6849,Laptop,Computing,4,Very good product and worth the price,Positive,163003.73,Yes,2025-08-16
6850,Gaming Console,Gaming,2,Very bad experience with this product,Negative,69843.53,Yes,2025-12-14
6851,Headphones,Audio,2,Battery life is very poor,Negative,3731.11,Yes,2025-01-02
6852,Laptop,Computing,4,Fast performance and reliable,Positive,63416.49,Yes,2025-04-01
6853,Router,Networking,1,Very disappointed with the purchase,Negative,12722.73,Yes,2025-09-12
6854,Webcam,Computer Accessories,4,Works perfectly and looks premium,Positive,14488.29,No,2025-02-14
6855,Camera,Camera,5,Fast performance and reliable,Positive,26966.1,Yes,2025-03-31
6856,Webcam,Computer Accessories,5,Really happy with the purchase,Positive,3708.9,Yes,2025-01-09
6857,Keyboard,Accessories,2,Very bad experience with this product,Negative,1863.25,Yes,2025-01-21
6858,Power Bank,Power,5,Amazing quality and works perfectly,Positive,3255.99,Yes,2025-06-12
6859,Monitor,Computing,5,Very good product and worth the price,Positive,56379.37,Yes,2025-08-29
6860,Power Bank,Power,2,Performance is slow and unreliable,Negative,7591.0,Yes,2025-02-06
6861,Printer,Office Electronics,3,"Average product, works as expected",Neutral,9028.55,Yes,2025-12-25
6862,Camera,Camera,5,Fast performance and reliable,Positive,138870.55,Yes,2025-10-11
6863,Smartphone,Mobile,3,Product meets basic expectations,Neutral,49716.26,Yes,2025-08-30
6864,Charger,Power,4,Excellent product with great performance,Positive,2172.11,Yes,2025-01-27
6865,Monitor,Computing,5,"Amazing product, highly recommended",Positive,11035.43,Yes,2025-07-09
6866,Power Bank,Power,4,Really happy with the purchase,Positive,2875.91,Yes,2025-12-03
6867,Charger,Power,5,"Amazing product, highly recommended",Positive,1486.54,Yes,2025-03-28
6868,Charger,Power,4,Very good product and worth the price,Positive,3676.0,Yes,2025-07-17
6869,Printer,Office Electronics,4,Works perfectly and looks premium,Positive,33883.62,Yes,2025-07-25
6870,Printer,Office Electronics,5,Great product with impressive features,Positive,33633.97,Yes,2025-09-12
6871,Smart TV,Home Entertainment,4,Amazing quality and works perfectly,Positive,111062.78,Yes,2025-12-02
6872,Camera,Camera,2,Build quality is poor,Negative,101969.17,No,2025-02-17
6873,Earbuds,Audio,5,Amazing quality and works perfectly,Positive,6472.91,Yes,2025-01-23
6874,Smartwatch,Wearable,1,Battery life is very poor,Negative,2047.26,Yes,2025-02-02
6875,USB Flash Drive,Storage,4,Good quality and easy to use,Positive,995.26,Yes,2025-04-08
6876,Webcam,Computer Accessories,5,Great product with impressive features,Positive,5177.75,Yes,2025-05-10
6877,Smartphone,Mobile,5,Excellent product with great performance,Positive,117263.12,Yes,2025-11-17
6878,Headphones,Audio,3,Product meets basic expectations,Neutral,29128.32,Yes,2025-07-09
6879,Gaming Console,Gaming,4,Excellent build quality and smooth performance,Positive,67221.64,Yes,2025-09-29
6880,Smartwatch,Wearable,4,Works perfectly and looks premium,Positive,31100.81,No,2025-07-30
6881,Laptop,Computing,5,Fast performance and reliable,Positive,130321.26,No,2025-12-14
6882,Smart TV,Home Entertainment,3,Average experience with this product,Neutral,126101.57,Yes,2025-05-01
6883,Laptop,Computing,4,Excellent build quality and smooth performance,Positive,127024.52,Yes,2025-09-02
6884,Headphones,Audio,1,Product stopped working after a few days,Negative,6967.49,Yes,2025-04-10
6885,Smart TV,Home Entertainment,3,Performance is acceptable,Neutral,195689.85,Yes,2025-03-27
6886,Tablet,Computing,3,Product is okay for the price,Neutral,78097.47,No,2025-12-25
6887,External SSD,Storage,5,Fast performance and reliable,Positive,9324.58,Yes,2025-01-09
6888,Charger,Power,5,Excellent build quality and smooth performance,Positive,2714.15,Yes,2025-04-10
6889,Power Bank,Power,4,Good quality and easy to use,Positive,6482.36,Yes,2025-05-21
6890,USB Flash Drive,Storage,2,Poor quality and disappointing performance,Negative,4582.45,Yes,2025-02-20
6891,Smartphone,Mobile,5,Great product with impressive features,Positive,50990.58,Yes,2025-10-09
6892,Laptop,Computing,5,Good quality and easy to use,Positive,102559.54,Yes,2025-05-12
6893,Smartwatch,Wearable,3,Decent quality but has some limitations,Neutral,16529.31,Yes,2025-06-17
6894,Mouse,Accessories,5,Fast performance and reliable,Positive,3952.82,Yes,2025-04-21
6895,Smart TV,Home Entertainment,5,Fast performance and reliable,Positive,57126.23,Yes,2025-11-22
6896,Laptop,Computing,5,Excellent product with great performance,Positive,34486.76,No,2025-06-03
6897,Keyboard,Accessories,4,Works perfectly and looks premium,Positive,6536.8,Yes,2025-10-15
6898,Keyboard,Accessories,4,"Amazing product, highly recommended",Positive,7323.39,Yes,2025-08-16
6899,Smartwatch,Wearable,4,Good quality and easy to use,Positive,39325.0,Yes,2025-12-15
6900,Bluetooth Speaker,Audio,5,Excellent build quality and smooth performance,Positive,16060.55,Yes,2025-08-09
6901,Headphones,Audio,3,Performance is acceptable,Neutral,10128.72,No,2025-12-26
6902,Tablet,Computing,4,Really happy with the purchase,Positive,51691.85,Yes,2025-09-12
6903,Power Bank,Power,5,Very good product and worth the price,Positive,6532.16,No,2025-01-22
6904,Webcam,Computer Accessories,4,Really happy with the purchase,Positive,10138.07,Yes,2025-02-27
6905,Keyboard,Accessories,4,Excellent build quality and smooth performance,Positive,8550.15,Yes,2025-10-16
6906,Camera,Camera,4,Good quality and easy to use,Positive,63924.76,Yes,2025-01-17
6907,Gaming Console,Gaming,5,Really happy with the purchase,Positive,25419.94,No,2025-03-11
6908,USB Flash Drive,Storage,4,"Amazing product, highly recommended",Positive,4669.48,No,2025-10-16
6909,USB Flash Drive,Storage,2,Frequent problems while using the product,Negative,1559.43,Yes,2025-05-10
6910,Webcam,Computer Accessories,1,Not worth the price,Negative,7603.93,Yes,2025-03-21
6911,USB Flash Drive,Storage,3,Product meets basic expectations,Neutral,839.78,Yes,2025-03-14
6912,Webcam,Computer Accessories,4,Fast performance and reliable,Positive,10746.96,Yes,2025-04-26
6913,Smart TV,Home Entertainment,4,Excellent product with great performance,Positive,151363.29,Yes,2025-11-02
6914,Router,Networking,3,It is okay but could be improved,Neutral,14035.27,No,2025-06-16
6915,Mouse,Accessories,1,Build quality is poor,Negative,8599.34,No,2025-12-15
6916,Bluetooth Speaker,Audio,3,Product is okay for the price,Neutral,9167.85,Yes,2025-09-19
6917,Charger,Power,5,"Amazing product, highly recommended",Positive,1778.92,Yes,2025-04-08
6918,USB Flash Drive,Storage,4,Fast performance and reliable,Positive,4838.2,Yes,2025-03-01
6919,External SSD,Storage,3,It is okay but could be improved,Neutral,15328.19,No,2025-12-11
6920,Power Bank,Power,1,Build quality is poor,Negative,6808.5,Yes,2025-11-26
6921,Laptop,Computing,4,Really happy with the purchase,Positive,121725.31,No,2025-02-14
6922,Earbuds,Audio,1,Not worth the price,Negative,4931.19,Yes,2025-04-28
6923,Charger,Power,5,Really happy with the purchase,Positive,4799.96,Yes,2025-09-29
6924,Monitor,Computing,3,Features are satisfactory,Neutral,30008.77,Yes,2025-12-25
6925,Mouse,Accessories,4,"Amazing product, highly recommended",Positive,6525.38,Yes,2025-11-26
6926,Bluetooth Speaker,Audio,2,Not worth the price,Negative,8231.86,Yes,2025-04-15
6927,Laptop,Computing,2,Build quality is poor,Negative,116350.22,Yes,2025-11-24
6928,Mouse,Accessories,5,Good quality and easy to use,Positive,5548.81,Yes,2025-09-22
6929,Keyboard,Accessories,4,Really happy with the purchase,Positive,4285.05,Yes,2025-06-18
6930,External SSD,Storage,4,Great product with impressive features,Positive,29696.81,Yes,2025-05-18
6931,Tablet,Computing,4,Amazing quality and works perfectly,Positive,22661.52,No,2025-10-24
6932,Mouse,Accessories,4,Excellent product with great performance,Positive,4597.22,Yes,2025-11-02
6933,Printer,Office Electronics,5,Fast performance and reliable,Positive,6411.99,Yes,2025-11-30
6934,Earbuds,Audio,5,"Amazing product, highly recommended",Positive,17226.7,Yes,2025-06-18
6935,Bluetooth Speaker,Audio,2,Not worth the price,Negative,14293.42,Yes,2025-04-08
6936,Laptop,Computing,4,Great product with impressive features,Positive,114013.88,Yes,2025-11-14
6937,Charger,Power,3,Product is okay for the price,Neutral,3582.98,Yes,2025-04-21
6938,Printer,Office Electronics,5,Very good product and worth the price,Positive,39380.39,Yes,2025-10-03
6939,Mouse,Accessories,4,Works perfectly and looks premium,Positive,9668.53,No,2025-07-05
6940,Keyboard,Accessories,3,Good enough for basic use,Neutral,13027.94,Yes,2025-08-02
6941,Router,Networking,4,Fast performance and reliable,Positive,7152.29,No,2025-03-18
6942,Keyboard,Accessories,2,Poor quality and disappointing performance,Negative,11045.34,Yes,2025-04-02
6943,Monitor,Computing,4,Excellent build quality and smooth performance,Positive,11621.37,No,2025-08-27
6944,External SSD,Storage,5,Excellent build quality and smooth performance,Positive,6677.59,Yes,2025-04-05
6945,Earbuds,Audio,4,Good quality and easy to use,Positive,11760.51,Yes,2025-09-02
6946,USB Flash Drive,Storage,1,Poor quality and disappointing performance,Negative,2460.24,Yes,2025-12-28
6947,Earbuds,Audio,5,Works perfectly and looks premium,Positive,12890.89,Yes,2025-01-31
6948,Power Bank,Power,2,Battery life is very poor,Negative,4221.42,Yes,2025-12-04
6949,Earbuds,Audio,4,Great product with impressive features,Positive,16213.78,Yes,2025-03-04
6950,Camera,Camera,4,Very good product and worth the price,Positive,239727.73,Yes,2025-02-20
6951,Keyboard,Accessories,4,Really happy with the purchase,Positive,3003.99,No,2025-11-01
6952,Headphones,Audio,5,Amazing quality and works perfectly,Positive,11045.14,No,2025-03-16
6953,Router,Networking,4,Works perfectly and looks premium,Positive,2411.04,Yes,2025-08-25
6954,Webcam,Computer Accessories,1,Not worth the price,Negative,4799.68,Yes,2025-02-08
6955,Smartphone,Mobile,4,Good quality and easy to use,Positive,118578.17,No,2025-02-01
6956,Charger,Power,4,Very good product and worth the price,Positive,485.92,No,2025-03-15
6957,Router,Networking,3,Average experience with this product,Neutral,5059.88,Yes,2025-07-10
6958,Router,Networking,3,It is okay but could be improved,Neutral,9103.58,Yes,2025-04-16
6959,Headphones,Audio,5,Great product with impressive features,Positive,9133.75,No,2025-03-23
6960,Tablet,Computing,4,Works perfectly and looks premium,Positive,59070.09,Yes,2025-11-02
6961,Power Bank,Power,3,Average experience with this product,Neutral,7931.22,Yes,2025-03-05
6962,Camera,Camera,5,Excellent build quality and smooth performance,Positive,183384.99,Yes,2025-02-04
6963,Earbuds,Audio,4,Works perfectly and looks premium,Positive,10443.58,Yes,2025-02-10
6964,Monitor,Computing,1,Build quality is poor,Negative,56537.32,Yes,2025-11-18
6965,Power Bank,Power,5,Works perfectly and looks premium,Positive,7080.25,Yes,2025-06-23
6966,Mouse,Accessories,1,Poor quality and disappointing performance,Negative,2521.33,Yes,2025-12-21
6967,Mouse,Accessories,3,Average experience with this product,Neutral,7254.22,No,2025-10-22
6968,Gaming Console,Gaming,5,Really happy with the purchase,Positive,58767.27,Yes,2025-04-13
6969,Smart TV,Home Entertainment,5,Very good product and worth the price,Positive,150756.75,No,2025-10-16
6970,External SSD,Storage,3,Product is okay for the price,Neutral,5272.32,Yes,2025-06-16
6971,Smartphone,Mobile,5,"Amazing product, highly recommended",Positive,90089.46,Yes,2025-07-24
6972,Bluetooth Speaker,Audio,2,Build quality is poor,Negative,23810.35,No,2025-07-13
6973,Smartphone,Mobile,4,Fast performance and reliable,Positive,84970.0,Yes,2025-10-04
6974,Printer,Office Electronics,5,Good quality and easy to use,Positive,13875.82,Yes,2025-03-17
6975,Camera,Camera,4,Amazing quality and works perfectly,Positive,61302.5,Yes,2025-01-22
6976,Headphones,Audio,5,Excellent product with great performance,Positive,22282.11,Yes,2025-09-25
6977,USB Flash Drive,Storage,3,Average experience with this product,Neutral,3344.23,Yes,2025-12-15
6978,Charger,Power,4,"Amazing product, highly recommended",Positive,4923.09,No,2025-07-31
6979,Laptop,Computing,2,Very bad experience with this product,Negative,98211.8,Yes,2025-02-12
6980,Smartwatch,Wearable,3,Nothing special but it works fine,Neutral,12621.85,Yes,2025-02-10
6981,USB Flash Drive,Storage,3,Performance is acceptable,Neutral,3917.69,Yes,2025-07-18
6982,Earbuds,Audio,5,Great product with impressive features,Positive,18838.87,No,2025-11-24
6983,Power Bank,Power,5,Very good product and worth the price,Positive,4563.46,Yes,2025-08-13
6984,Printer,Office Electronics,1,Very bad experience with this product,Negative,38572.21,Yes,2025-04-21
6985,Earbuds,Audio,4,Really happy with the purchase,Positive,8109.51,Yes,2025-08-15
6986,Smartphone,Mobile,2,Performance is slow and unreliable,Negative,32160.68,Yes,2025-02-27
6987,Laptop,Computing,5,Amazing quality and works perfectly,Positive,48914.3,Yes,2025-06-24
6988,Webcam,Computer Accessories,1,Product has several issues,Negative,6519.08,Yes,2025-12-25
6989,Charger,Power,5,"Amazing product, highly recommended",Positive,3376.46,Yes,2025-08-18
6990,Bluetooth Speaker,Audio,3,Good enough for basic use,Neutral,8346.16,Yes,2025-02-07
6991,Laptop,Computing,4,Amazing quality and works perfectly,Positive,162515.84,Yes,2025-03-15
6992,Gaming Console,Gaming,1,Battery life is very poor,Negative,38736.97,Yes,2025-01-22
6993,Smartphone,Mobile,5,Very good product and worth the price,Positive,84658.15,Yes,2025-05-27
6994,Laptop,Computing,3,Good enough for basic use,Neutral,109134.7,Yes,2025-03-28
6995,Charger,Power,4,Very good product and worth the price,Positive,1294.27,Yes,2025-12-24
6996,Camera,Camera,4,Works perfectly and looks premium,Positive,150144.33,No,2025-04-27
6997,Charger,Power,5,Fast performance and reliable,Positive,4787.25,Yes,2025-01-13
6998,Webcam,Computer Accessories,3,Product meets basic expectations,Neutral,18939.37,Yes,2025-06-08
6999,Earbuds,Audio,4,"Amazing product, highly recommended",Positive,7644.05,Yes,2025-09-27
7000,Charger,Power,5,Good quality and easy to use,Positive,2821.5,Yes,2025-09-08
7001,Bluetooth Speaker,Audio,3,Features are satisfactory,Neutral,5204.99,Yes,2025-12-23
7002,Monitor,Computing,2,Poor quality and disappointing performance,Negative,40708.64,Yes,2025-05-14
7003,Smartwatch,Wearable,4,"Amazing product, highly recommended",Positive,17092.5,Yes,2025-07-10
7004,External SSD,Storage,5,Fast performance and reliable,Positive,28096.04,Yes,2025-07-24
7005,Router,Networking,4,Works perfectly and looks premium,Positive,13020.95,Yes,2025-01-09
7006,Router,Networking,1,Poor quality and disappointing performance,Negative,4513.62,Yes,2025-01-03
7007,Tablet,Computing,5,Excellent product with great performance,Positive,99310.51,No,2025-10-18
7008,Tablet,Computing,5,Great product with impressive features,Positive,72475.79,No,2025-05-21
7009,External SSD,Storage,2,Poor quality and disappointing performance,Negative,6636.24,Yes,2025-09-09
7010,Gaming Console,Gaming,5,Really happy with the purchase,Positive,68975.34,Yes,2025-12-11
7011,Smartphone,Mobile,2,Not worth the price,Negative,70446.54,Yes,2025-03-31
7012,Gaming Console,Gaming,4,Excellent product with great performance,Positive,47014.37,No,2025-10-10
7013,Smart TV,Home Entertainment,4,Really happy with the purchase,Positive,51318.69,Yes,2025-03-20
7014,External SSD,Storage,5,Works perfectly and looks premium,Positive,10504.05,Yes,2025-09-28
7015,Earbuds,Audio,5,Amazing quality and works perfectly,Positive,4597.81,No,2025-02-28
7016,Bluetooth Speaker,Audio,4,Excellent product with great performance,Positive,24257.97,Yes,2025-04-22
7017,External SSD,Storage,5,Excellent build quality and smooth performance,Positive,10370.32,No,2025-06-21
7018,Keyboard,Accessories,5,Really happy with the purchase,Positive,7314.45,Yes,2025-06-28
7019,Router,Networking,4,Amazing quality and works perfectly,Positive,19390.37,Yes,2025-01-12
7020,Smart TV,Home Entertainment,4,Amazing quality and works perfectly,Positive,198993.08,Yes,2025-11-05
7021,Keyboard,Accessories,4,Works perfectly and looks premium,Positive,11973.39,No,2025-01-03
7022,Charger,Power,3,"Average product, works as expected",Neutral,4054.88,Yes,2025-11-18
7023,Mouse,Accessories,5,Very good product and worth the price,Positive,9465.01,Yes,2025-03-17
7024,Power Bank,Power,3,Product is okay for the price,Neutral,6537.12,No,2025-09-17
7025,Laptop,Computing,4,Very good product and worth the price,Positive,97642.7,Yes,2025-09-17
7026,Smart TV,Home Entertainment,4,Fast performance and reliable,Positive,26157.52,Yes,2025-06-16
7027,Power Bank,Power,5,Great product with impressive features,Positive,2300.26,Yes,2025-07-16
7028,Headphones,Audio,4,Works perfectly and looks premium,Positive,13614.2,Yes,2025-01-27
7029,Charger,Power,2,Product has several issues,Negative,1547.43,Yes,2025-11-25
7030,Monitor,Computing,3,Features are satisfactory,Neutral,30359.52,Yes,2025-02-13
7031,USB Flash Drive,Storage,5,Very good product and worth the price,Positive,576.97,Yes,2025-08-29
7032,External SSD,Storage,4,Great product with impressive features,Positive,17907.48,Yes,2025-01-01
7033,Monitor,Computing,4,Great product with impressive features,Positive,32016.92,Yes,2025-09-30
7034,Router,Networking,5,Great product with impressive features,Positive,5917.97,Yes,2025-05-12
7035,Smartphone,Mobile,3,Decent quality but has some limitations,Neutral,76361.79,Yes,2025-06-25
7036,Smart TV,Home Entertainment,1,Product has several issues,Negative,66203.78,Yes,2025-01-09
7037,Power Bank,Power,5,Great product with impressive features,Positive,4229.1,No,2025-03-21
7038,Gaming Console,Gaming,4,Works perfectly and looks premium,Positive,38552.12,No,2025-06-08
7039,Camera,Camera,1,Product has several issues,Negative,178115.69,Yes,2025-09-19
7040,Bluetooth Speaker,Audio,5,"Amazing product, highly recommended",Positive,25741.27,Yes,2025-08-07
7041,Gaming Console,Gaming,3,It is okay but could be improved,Neutral,29494.08,Yes,2025-04-06
7042,Monitor,Computing,5,Great product with impressive features,Positive,66668.92,Yes,2025-08-06
7043,Gaming Console,Gaming,2,Not worth the price,Negative,71843.4,Yes,2025-03-23
7044,Laptop,Computing,4,Good quality and easy to use,Positive,174739.17,No,2025-07-22
7045,Tablet,Computing,2,Frequent problems while using the product,Negative,84505.41,Yes,2025-07-17
7046,Webcam,Computer Accessories,3,Product meets basic expectations,Neutral,11495.43,Yes,2025-03-24
7047,Router,Networking,5,Really happy with the purchase,Positive,2334.83,Yes,2025-03-15
7048,Tablet,Computing,4,Great product with impressive features,Positive,16700.39,Yes,2025-07-09
7049,Headphones,Audio,4,Excellent build quality and smooth performance,Positive,6302.67,Yes,2025-08-03
7050,Power Bank,Power,5,Really happy with the purchase,Positive,4019.12,Yes,2025-12-24
7051,Smartphone,Mobile,4,Really happy with the purchase,Positive,115009.24,No,2025-06-30
7052,Keyboard,Accessories,4,Fast performance and reliable,Positive,3042.63,No,2025-06-12
7053,Bluetooth Speaker,Audio,3,Features are satisfactory,Neutral,16532.88,No,2025-06-23
7054,Tablet,Computing,5,Excellent product with great performance,Positive,99826.38,Yes,2025-11-16
7055,Earbuds,Audio,4,Really happy with the purchase,Positive,837.56,Yes,2025-04-23
7056,Earbuds,Audio,4,Great product with impressive features,Positive,1651.06,Yes,2025-05-20
7057,Laptop,Computing,4,Very good product and worth the price,Positive,70486.86,No,2025-05-15
7058,Camera,Camera,4,Good quality and easy to use,Positive,75658.35,Yes,2025-08-16
7059,Earbuds,Audio,5,Good quality and easy to use,Positive,12715.73,Yes,2025-09-13
7060,Smartphone,Mobile,4,Amazing quality and works perfectly,Positive,55090.62,Yes,2025-06-25
7061,Smartphone,Mobile,1,Battery life is very poor,Negative,73368.06,No,2025-04-07
7062,Smart TV,Home Entertainment,4,"Amazing product, highly recommended",Positive,42209.32,Yes,2025-09-09
7063,Tablet,Computing,4,Excellent build quality and smooth performance,Positive,71725.84,Yes,2025-04-11
7064,Webcam,Computer Accessories,4,"Amazing product, highly recommended",Positive,5079.18,Yes,2025-11-24
7065,Smartwatch,Wearable,3,Performance is acceptable,Neutral,23421.61,Yes,2025-08-16
7066,Laptop,Computing,1,Performance is slow and unreliable,Negative,35002.52,No,2025-06-10
7067,Power Bank,Power,5,Very good product and worth the price,Positive,6544.6,No,2025-03-27
7068,Printer,Office Electronics,5,Fast performance and reliable,Positive,33219.82,Yes,2025-10-04
7069,Laptop,Computing,5,Excellent build quality and smooth performance,Positive,61315.91,Yes,2025-08-11
7070,Bluetooth Speaker,Audio,4,Fast performance and reliable,Positive,18371.15,Yes,2025-11-19
7071,External SSD,Storage,2,Performance is slow and unreliable,Negative,14799.2,Yes,2025-09-15
7072,Laptop,Computing,5,Excellent build quality and smooth performance,Positive,153940.16,Yes,2025-10-16
7073,Smartwatch,Wearable,5,Works perfectly and looks premium,Positive,49210.44,No,2025-02-03
7074,Bluetooth Speaker,Audio,3,Features are satisfactory,Neutral,4436.0,Yes,2025-01-09
7075,USB Flash Drive,Storage,2,Battery life is very poor,Negative,2603.5,Yes,2025-08-29
7076,USB Flash Drive,Storage,2,Very disappointed with the purchase,Negative,1512.71,Yes,2025-01-01
7077,Router,Networking,4,Excellent product with great performance,Positive,15243.96,Yes,2025-11-22
7078,Gaming Console,Gaming,3,Performance is acceptable,Neutral,26895.48,Yes,2025-11-19
7079,Smartphone,Mobile,4,Really happy with the purchase,Positive,68992.41,Yes,2025-08-02
7080,Headphones,Audio,5,Works perfectly and looks premium,Positive,25784.31,Yes,2025-09-24
7081,Webcam,Computer Accessories,4,Good quality and easy to use,Positive,8396.44,Yes,2025-06-04
7082,Router,Networking,5,Really happy with the purchase,Positive,16920.04,Yes,2025-12-16
7083,Headphones,Audio,4,Works perfectly and looks premium,Positive,4833.27,No,2025-01-14
7084,Router,Networking,4,Really happy with the purchase,Positive,18448.19,Yes,2025-04-17
7085,Router,Networking,3,Features are satisfactory,Neutral,16037.6,Yes,2025-09-12
7086,Router,Networking,5,Excellent product with great performance,Positive,8430.87,No,2025-10-15
7087,Smart TV,Home Entertainment,4,Good quality and easy to use,Positive,39166.14,Yes,2025-03-30
7088,Power Bank,Power,3,Product is okay for the price,Neutral,4547.04,No,2025-10-20
7089,Laptop,Computing,5,Very good product and worth the price,Positive,130563.94,Yes,2025-06-18
7090,USB Flash Drive,Storage,4,Good quality and easy to use,Positive,905.95,No,2025-11-09
7091,Smartphone,Mobile,1,Not worth the price,Negative,112515.53,Yes,2025-04-08
7092,Camera,Camera,5,Works perfectly and looks premium,Positive,196607.89,Yes,2025-09-10
7093,External SSD,Storage,4,Works perfectly and looks premium,Positive,28694.05,Yes,2025-03-17
7094,Tablet,Computing,4,Excellent build quality and smooth performance,Positive,36931.9,No,2025-02-20
7095,External SSD,Storage,5,"Amazing product, highly recommended",Positive,14702.62,Yes,2025-09-15
7096,USB Flash Drive,Storage,5,Fast performance and reliable,Positive,1428.51,Yes,2025-09-06
7097,Gaming Console,Gaming,4,Amazing quality and works perfectly,Positive,40058.09,No,2025-04-18
7098,Bluetooth Speaker,Audio,4,Excellent build quality and smooth performance,Positive,5042.37,Yes,2025-08-09
7099,Headphones,Audio,5,Excellent build quality and smooth performance,Positive,4194.46,Yes,2025-12-10
7100,Router,Networking,3,Decent quality but has some limitations,Neutral,13744.9,Yes,2025-05-02
7101,Smartwatch,Wearable,5,Excellent build quality and smooth performance,Positive,9111.75,Yes,2025-07-03
7102,Gaming Console,Gaming,5,Really happy with the purchase,Positive,32338.93,No,2025-03-18
7103,Smartwatch,Wearable,2,Not worth the price,Negative,27427.41,Yes,2025-07-09
7104,Bluetooth Speaker,Audio,3,Performance is acceptable,Neutral,21356.74,Yes,2025-11-20
7105,Power Bank,Power,4,Amazing quality and works perfectly,Positive,6401.88,Yes,2025-08-21
7106,Smartwatch,Wearable,4,Fast performance and reliable,Positive,29641.59,Yes,2025-02-21
7107,External SSD,Storage,4,Good quality and easy to use,Positive,8442.16,No,2025-09-28
7108,Gaming Console,Gaming,5,Amazing quality and works perfectly,Positive,56527.66,Yes,2025-06-04
7109,Smartphone,Mobile,5,Very good product and worth the price,Positive,78089.3,Yes,2025-01-07
7110,USB Flash Drive,Storage,3,Features are satisfactory,Neutral,1513.06,Yes,2025-08-16
7111,Router,Networking,4,Great product with impressive features,Positive,3745.22,Yes,2025-04-20
7112,USB Flash Drive,Storage,1,Product stopped working after a few days,Negative,4650.56,Yes,2025-12-21
7113,Camera,Camera,2,Not worth the price,Negative,46588.11,Yes,2025-12-30
7114,Camera,Camera,2,Battery life is very poor,Negative,87365.82,Yes,2025-09-02
7115,Monitor,Computing,5,"Amazing product, highly recommended",Positive,23127.17,Yes,2025-08-19
7116,Headphones,Audio,5,Very good product and worth the price,Positive,26813.54,Yes,2025-04-22
7117,Headphones,Audio,5,Amazing quality and works perfectly,Positive,15307.8,Yes,2025-01-26
7118,Bluetooth Speaker,Audio,4,Great product with impressive features,Positive,28732.12,Yes,2025-01-23
7119,Earbuds,Audio,5,Good quality and easy to use,Positive,20791.37,Yes,2025-06-19
7120,External SSD,Storage,4,Excellent product with great performance,Positive,23381.52,Yes,2025-04-26
7121,Power Bank,Power,4,Really happy with the purchase,Positive,2072.81,Yes,2025-12-17
7122,Keyboard,Accessories,5,"Amazing product, highly recommended",Positive,5493.13,Yes,2025-04-17
7123,Router,Networking,5,Works perfectly and looks premium,Positive,16585.14,No,2025-03-20
7124,Router,Networking,4,Good quality and easy to use,Positive,19687.08,No,2025-10-26
7125,Webcam,Computer Accessories,5,Good quality and easy to use,Positive,17680.5,Yes,2025-11-02
7126,Bluetooth Speaker,Audio,4,"Amazing product, highly recommended",Positive,28493.64,Yes,2025-05-18
7127,Headphones,Audio,5,Fast performance and reliable,Positive,19434.57,Yes,2025-01-30
7128,Smartphone,Mobile,4,"Amazing product, highly recommended",Positive,62075.53,No,2025-02-05
7129,Smartwatch,Wearable,1,Frequent problems while using the product,Negative,26463.99,Yes,2025-07-10
7130,Camera,Camera,5,Very good product and worth the price,Positive,128160.66,Yes,2025-11-14
7131,USB Flash Drive,Storage,2,Performance is slow and unreliable,Negative,1027.89,Yes,2025-05-22
7132,Camera,Camera,4,Really happy with the purchase,Positive,93796.47,No,2025-01-07
7133,Smart TV,Home Entertainment,5,Amazing quality and works perfectly,Positive,31719.21,No,2025-05-17
7134,Camera,Camera,5,"Amazing product, highly recommended",Positive,44926.04,Yes,2025-01-02
7135,Printer,Office Electronics,4,Very good product and worth the price,Positive,19032.55,Yes,2025-06-04
7136,Earbuds,Audio,4,Amazing quality and works perfectly,Positive,16820.08,Yes,2025-06-23
7137,Bluetooth Speaker,Audio,2,Poor quality and disappointing performance,Negative,18720.33,Yes,2025-09-24
7138,USB Flash Drive,Storage,5,Great product with impressive features,Positive,2929.48,Yes,2025-01-26
7139,Gaming Console,Gaming,4,Great product with impressive features,Positive,66191.28,No,2025-06-25
7140,Mouse,Accessories,4,Good quality and easy to use,Positive,4400.11,Yes,2025-03-06
7141,Smart TV,Home Entertainment,5,"Amazing product, highly recommended",Positive,96788.85,Yes,2025-06-20
7142,External SSD,Storage,4,Really happy with the purchase,Positive,16986.5,No,2025-12-26
7143,Earbuds,Audio,2,Very bad experience with this product,Negative,2131.47,Yes,2025-09-28
7144,Camera,Camera,3,Good enough for basic use,Neutral,155880.73,Yes,2025-11-05
7145,Monitor,Computing,4,Good quality and easy to use,Positive,61517.71,No,2025-01-15
7146,Keyboard,Accessories,1,Frequent problems while using the product,Negative,4322.81,Yes,2025-10-06
7147,USB Flash Drive,Storage,4,Excellent product with great performance,Positive,4317.63,Yes,2025-11-13
7148,Gaming Console,Gaming,3,Product is okay for the price,Neutral,39641.9,Yes,2025-09-02
7149,Smartphone,Mobile,1,Very disappointed with the purchase,Negative,65479.91,Yes,2025-10-13
7150,Charger,Power,5,Amazing quality and works perfectly,Positive,4410.03,Yes,2025-01-18
7151,Camera,Camera,5,Excellent product with great performance,Positive,191078.93,Yes,2025-09-27
7152,Power Bank,Power,4,Fast performance and reliable,Positive,4948.12,Yes,2025-11-02
7153,Earbuds,Audio,5,Amazing quality and works perfectly,Positive,15756.92,No,2025-03-26
7154,Camera,Camera,4,"Amazing product, highly recommended",Positive,49499.47,Yes,2025-06-21
7155,Webcam,Computer Accessories,1,Very bad experience with this product,Negative,14287.11,Yes,2025-06-04
7156,Laptop,Computing,5,Fast performance and reliable,Positive,121788.87,Yes,2025-02-05
7157,Camera,Camera,3,Nothing special but it works fine,Neutral,44020.21,Yes,2025-02-16
7158,Webcam,Computer Accessories,3,Nothing special but it works fine,Neutral,3361.87,Yes,2025-04-20
7159,Keyboard,Accessories,4,Excellent product with great performance,Positive,14579.58,No,2025-02-09
7160,Bluetooth Speaker,Audio,3,Features are satisfactory,Neutral,6000.86,Yes,2025-07-03
7161,Headphones,Audio,5,Works perfectly and looks premium,Positive,26925.3,Yes,2025-01-21
7162,Headphones,Audio,1,Frequent problems while using the product,Negative,8637.1,No,2025-01-05
7163,Monitor,Computing,5,"Amazing product, highly recommended",Positive,35312.99,Yes,2025-08-18
7164,External SSD,Storage,4,Fast performance and reliable,Positive,17998.21,Yes,2025-04-03
7165,Smartwatch,Wearable,4,Excellent build quality and smooth performance,Positive,31854.61,Yes,2025-05-18
7166,Headphones,Audio,4,"Amazing product, highly recommended",Positive,15184.48,Yes,2025-05-03
7167,Smart TV,Home Entertainment,2,Poor quality and disappointing performance,Negative,79460.97,Yes,2025-06-21
7168,Smart TV,Home Entertainment,3,Performance is acceptable,Neutral,107257.17,Yes,2025-06-19
7169,Headphones,Audio,4,Great product with impressive features,Positive,21170.28,Yes,2025-02-18
7170,Keyboard,Accessories,4,Amazing quality and works perfectly,Positive,6249.0,Yes,2025-01-01
7171,Keyboard,Accessories,4,Great product with impressive features,Positive,8406.07,Yes,2025-06-11
7172,Earbuds,Audio,4,"Amazing product, highly recommended",Positive,9789.74,Yes,2025-07-26
7173,Smartwatch,Wearable,5,Excellent build quality and smooth performance,Positive,17501.45,Yes,2025-10-08
7174,Laptop,Computing,2,Product has several issues,Negative,74822.79,Yes,2025-03-14
7175,Camera,Camera,4,Excellent build quality and smooth performance,Positive,75389.65,No,2025-01-31
7176,Smartphone,Mobile,5,Very good product and worth the price,Positive,93206.25,Yes,2025-08-06
7177,Camera,Camera,4,Amazing quality and works perfectly,Positive,246376.71,Yes,2025-11-26
7178,Laptop,Computing,3,Decent quality but has some limitations,Neutral,34349.07,Yes,2025-03-29
7179,Smartwatch,Wearable,4,Great product with impressive features,Positive,11009.05,No,2025-02-01
7180,Smartphone,Mobile,5,"Amazing product, highly recommended",Positive,115995.98,Yes,2025-05-27
7181,Monitor,Computing,1,Performance is slow and unreliable,Negative,31291.36,Yes,2025-07-24
7182,Bluetooth Speaker,Audio,4,Excellent build quality and smooth performance,Positive,12158.06,Yes,2025-08-16
7183,Bluetooth Speaker,Audio,4,Fast performance and reliable,Positive,20158.66,Yes,2025-02-11
7184,Bluetooth Speaker,Audio,3,Product is okay for the price,Neutral,11098.41,Yes,2025-08-28
7185,Webcam,Computer Accessories,5,Amazing quality and works perfectly,Positive,10361.31,Yes,2025-05-06
7186,Keyboard,Accessories,5,Really happy with the purchase,Positive,13560.43,Yes,2025-01-12
7187,USB Flash Drive,Storage,4,"Amazing product, highly recommended",Positive,2954.48,Yes,2025-12-03
7188,Headphones,Audio,4,Really happy with the purchase,Positive,20172.97,Yes,2025-07-15
7189,Mouse,Accessories,3,It is okay but could be improved,Neutral,2405.71,Yes,2025-04-22
7190,Laptop,Computing,5,Very good product and worth the price,Positive,69217.85,Yes,2025-10-26
7191,Earbuds,Audio,5,Fast performance and reliable,Positive,22343.16,Yes,2025-10-18
7192,Laptop,Computing,2,Frequent problems while using the product,Negative,167637.36,No,2025-03-17
7193,Smartphone,Mobile,1,Very disappointed with the purchase,Negative,98381.67,No,2025-12-17
7194,Smartwatch,Wearable,5,Amazing quality and works perfectly,Positive,7420.17,Yes,2025-07-14
7195,Smartwatch,Wearable,5,Works perfectly and looks premium,Positive,41198.83,No,2025-04-06
7196,Bluetooth Speaker,Audio,5,Great product with impressive features,Positive,1361.45,Yes,2025-06-13
7197,Router,Networking,2,Very bad experience with this product,Negative,12334.53,Yes,2025-03-10
7198,Tablet,Computing,2,Build quality is poor,Negative,70773.61,Yes,2025-11-07
7199,Camera,Camera,3,Decent quality but has some limitations,Neutral,120940.59,Yes,2025-04-09
7200,Monitor,Computing,5,Works perfectly and looks premium,Positive,41461.8,No,2025-06-10
7201,Keyboard,Accessories,2,Very disappointed with the purchase,Negative,11256.81,Yes,2025-01-25
7202,Webcam,Computer Accessories,4,Very good product and worth the price,Positive,18002.66,Yes,2025-12-11
7203,Mouse,Accessories,1,Performance is slow and unreliable,Negative,2136.58,Yes,2025-04-21
7204,Earbuds,Audio,4,Great product with impressive features,Positive,3892.88,No,2025-08-27
7205,Headphones,Audio,3,Performance is acceptable,Neutral,19084.77,Yes,2025-05-09
7206,Smartwatch,Wearable,3,Decent quality but has some limitations,Neutral,12691.84,Yes,2025-07-24
7207,USB Flash Drive,Storage,5,Good quality and easy to use,Positive,1212.86,Yes,2025-07-24
7208,Gaming Console,Gaming,4,Excellent build quality and smooth performance,Positive,36192.02,No,2025-04-17
7209,Earbuds,Audio,3,"Average product, works as expected",Neutral,5322.54,No,2025-06-07
7210,Mouse,Accessories,2,Frequent problems while using the product,Negative,4928.05,Yes,2025-08-06
7211,Power Bank,Power,1,Not worth the price,Negative,7743.61,Yes,2025-03-21
7212,Smartphone,Mobile,5,Fast performance and reliable,Positive,100743.84,Yes,2025-02-17
7213,Webcam,Computer Accessories,3,Features are satisfactory,Neutral,11323.38,Yes,2025-03-07
7214,External SSD,Storage,5,Excellent build quality and smooth performance,Positive,5191.46,No,2025-06-01
7215,Power Bank,Power,2,Battery life is very poor,Negative,5645.11,Yes,2025-03-20
7216,Router,Networking,4,Amazing quality and works perfectly,Positive,9571.71,Yes,2025-04-14
7217,Tablet,Computing,3,Product is okay for the price,Neutral,80052.39,Yes,2025-09-08
7218,Smart TV,Home Entertainment,4,Good quality and easy to use,Positive,106382.11,No,2025-09-02
7219,Camera,Camera,4,Works perfectly and looks premium,Positive,175361.59,Yes,2025-12-11
7220,Webcam,Computer Accessories,4,Good quality and easy to use,Positive,4800.94,No,2025-10-06
7221,Printer,Office Electronics,5,Really happy with the purchase,Positive,42494.69,Yes,2025-06-04
7222,Charger,Power,3,"Average product, works as expected",Neutral,3963.29,Yes,2025-12-05
7223,Earbuds,Audio,4,Good quality and easy to use,Positive,9663.36,Yes,2025-12-03
7224,Gaming Console,Gaming,1,Very bad experience with this product,Negative,78000.43,Yes,2025-03-23
7225,Power Bank,Power,3,Product is okay for the price,Neutral,1954.84,Yes,2025-03-04
7226,Keyboard,Accessories,2,Frequent problems while using the product,Negative,790.19,Yes,2025-11-19
7227,Router,Networking,5,Very good product and worth the price,Positive,15499.61,Yes,2025-11-21
7228,Printer,Office Electronics,4,Fast performance and reliable,Positive,32025.52,Yes,2025-11-05
7229,Smartwatch,Wearable,3,Features are satisfactory,Neutral,6879.7,Yes,2025-06-18
7230,Charger,Power,3,Product meets basic expectations,Neutral,1049.68,No,2025-11-11
7231,External SSD,Storage,5,Good quality and easy to use,Positive,6533.73,Yes,2025-10-08
7232,Bluetooth Speaker,Audio,1,Frequent problems while using the product,Negative,5672.11,No,2025-09-28
7233,Bluetooth Speaker,Audio,5,Really happy with the purchase,Positive,14273.09,Yes,2025-08-08
7234,Smartphone,Mobile,4,Great product with impressive features,Positive,13707.78,Yes,2025-04-08
7235,Bluetooth Speaker,Audio,4,Amazing quality and works perfectly,Positive,15966.09,Yes,2025-09-30
7236,Charger,Power,5,Good quality and easy to use,Positive,3145.25,Yes,2025-11-17
7237,Smart TV,Home Entertainment,5,Very good product and worth the price,Positive,149563.11,Yes,2025-11-19
7238,Power Bank,Power,4,Very good product and worth the price,Positive,7611.44,No,2025-08-07
7239,Earbuds,Audio,4,"Amazing product, highly recommended",Positive,2520.69,Yes,2025-01-15
7240,USB Flash Drive,Storage,4,Good quality and easy to use,Positive,465.24,Yes,2025-09-28
7241,Smartwatch,Wearable,4,Really happy with the purchase,Positive,8248.22,Yes,2025-04-03
7242,Smartwatch,Wearable,3,Features are satisfactory,Neutral,17859.76,No,2025-03-16
7243,Power Bank,Power,3,Nothing special but it works fine,Neutral,4582.6,Yes,2025-01-29
7244,USB Flash Drive,Storage,3,Average experience with this product,Neutral,320.14,Yes,2025-02-27
7245,Headphones,Audio,1,Poor quality and disappointing performance,Negative,20924.91,Yes,2025-06-28
7246,Smartphone,Mobile,4,Excellent product with great performance,Positive,115170.83,No,2025-04-12
7247,Router,Networking,5,Great product with impressive features,Positive,5745.8,Yes,2025-05-20
7248,Charger,Power,2,Performance is slow and unreliable,Negative,341.35,Yes,2025-07-06
7249,Gaming Console,Gaming,5,Great product with impressive features,Positive,66428.49,Yes,2025-07-12
7250,Monitor,Computing,5,Very good product and worth the price,Positive,62983.72,Yes,2025-06-02
7251,Tablet,Computing,4,Excellent product with great performance,Positive,13915.84,Yes,2025-06-15
7252,Bluetooth Speaker,Audio,4,Very good product and worth the price,Positive,18825.81,Yes,2025-11-20
7253,Mouse,Accessories,3,Product is okay for the price,Neutral,2655.55,No,2025-04-14
7254,Keyboard,Accessories,2,Frequent problems while using the product,Negative,9676.68,No,2025-01-05
7255,Printer,Office Electronics,5,"Amazing product, highly recommended",Positive,37687.03,Yes,2025-10-20
7256,Headphones,Audio,5,Fast performance and reliable,Positive,7070.92,No,2025-01-30
7257,Bluetooth Speaker,Audio,5,"Amazing product, highly recommended",Positive,8414.18,Yes,2025-10-10
7258,Smartwatch,Wearable,4,Very good product and worth the price,Positive,31161.36,Yes,2025-04-29
7259,Charger,Power,5,Amazing quality and works perfectly,Positive,3036.63,Yes,2025-11-04
7260,USB Flash Drive,Storage,1,Very bad experience with this product,Negative,4464.98,No,2025-03-03
7261,Printer,Office Electronics,3,"Average product, works as expected",Neutral,27966.58,Yes,2025-03-02
7262,Headphones,Audio,5,Very good product and worth the price,Positive,24093.14,Yes,2025-05-29
7263,Keyboard,Accessories,4,Very good product and worth the price,Positive,11114.1,Yes,2025-06-02
7264,Router,Networking,5,Good quality and easy to use,Positive,13648.3,Yes,2025-09-19
7265,Smartphone,Mobile,3,Performance is acceptable,Neutral,29478.57,Yes,2025-08-25
7266,Router,Networking,1,Frequent problems while using the product,Negative,6250.85,Yes,2025-12-29
7267,Tablet,Computing,2,Product has several issues,Negative,61009.25,Yes,2025-09-05
7268,Smartphone,Mobile,3,Product is okay for the price,Neutral,15385.69,Yes,2025-03-15
7269,Tablet,Computing,4,Excellent build quality and smooth performance,Positive,14054.45,Yes,2025-02-02
7270,Printer,Office Electronics,3,Nothing special but it works fine,Neutral,7241.77,Yes,2025-04-08
7271,Gaming Console,Gaming,1,Frequent problems while using the product,Negative,75671.92,No,2025-12-25
7272,External SSD,Storage,1,Not worth the price,Negative,21599.72,Yes,2025-10-08
7273,Gaming Console,Gaming,5,Works perfectly and looks premium,Positive,71021.88,Yes,2025-09-28
7274,External SSD,Storage,5,Works perfectly and looks premium,Positive,29012.25,Yes,2025-04-10
7275,Mouse,Accessories,4,Excellent build quality and smooth performance,Positive,7099.4,Yes,2025-06-21
7276,USB Flash Drive,Storage,4,Good quality and easy to use,Positive,2722.01,Yes,2025-09-14
7277,Laptop,Computing,5,Amazing quality and works perfectly,Positive,101852.69,Yes,2025-12-12
7278,Charger,Power,4,Works perfectly and looks premium,Positive,3806.33,Yes,2025-08-01
7279,External SSD,Storage,4,Fast performance and reliable,Positive,26433.23,Yes,2025-01-08
7280,Smart TV,Home Entertainment,1,Very disappointed with the purchase,Negative,168478.98,Yes,2025-11-09
7281,Monitor,Computing,4,"Amazing product, highly recommended",Positive,42477.95,Yes,2025-12-07
7282,Smartwatch,Wearable,5,Good quality and easy to use,Positive,39015.19,Yes,2025-01-13
7283,Router,Networking,3,Features are satisfactory,Neutral,10055.14,Yes,2025-05-24
7284,Laptop,Computing,2,Product stopped working after a few days,Negative,87657.84,No,2025-12-24
7285,External SSD,Storage,4,Good quality and easy to use,Positive,11037.13,Yes,2025-12-15
7286,Router,Networking,5,Works perfectly and looks premium,Positive,2036.37,Yes,2025-12-18
7287,Gaming Console,Gaming,3,Product is okay for the price,Neutral,36063.94,Yes,2025-12-23
7288,Earbuds,Audio,5,Very good product and worth the price,Positive,18385.17,Yes,2025-01-09
7289,Tablet,Computing,5,Amazing quality and works perfectly,Positive,25453.97,No,2025-02-25
7290,Camera,Camera,4,Great product with impressive features,Positive,227764.84,Yes,2025-07-02
7291,Monitor,Computing,2,Product has several issues,Negative,11815.12,No,2025-08-09
7292,Monitor,Computing,4,Fast performance and reliable,Positive,9783.39,Yes,2025-05-27
7293,Smartwatch,Wearable,3,Product is okay for the price,Neutral,24832.5,No,2025-04-08
7294,Bluetooth Speaker,Audio,4,Works perfectly and looks premium,Positive,7301.79,Yes,2025-04-03
7295,USB Flash Drive,Storage,5,Works perfectly and looks premium,Positive,783.88,Yes,2025-08-09
7296,Printer,Office Electronics,4,Really happy with the purchase,Positive,7694.06,Yes,2025-12-23
7297,Bluetooth Speaker,Audio,5,Very good product and worth the price,Positive,16197.06,Yes,2025-10-29
7298,Tablet,Computing,5,Works perfectly and looks premium,Positive,33351.78,No,2025-03-05
7299,Smartphone,Mobile,5,Really happy with the purchase,Positive,70245.84,Yes,2025-02-24
7300,Smartwatch,Wearable,3,Nothing special but it works fine,Neutral,8692.44,Yes,2025-04-07
7301,Smartphone,Mobile,4,Works perfectly and looks premium,Positive,10735.49,Yes,2025-09-25
7302,Gaming Console,Gaming,3,It is okay but could be improved,Neutral,26499.26,No,2025-01-04
7303,Camera,Camera,5,Excellent product with great performance,Positive,50351.39,No,2025-09-15
7304,External SSD,Storage,5,Works perfectly and looks premium,Positive,24493.15,Yes,2025-07-31
7305,Bluetooth Speaker,Audio,5,Good quality and easy to use,Positive,13896.61,Yes,2025-08-29
7306,USB Flash Drive,Storage,4,Great product with impressive features,Positive,3232.14,Yes,2025-11-11
7307,Smartwatch,Wearable,5,Excellent build quality and smooth performance,Positive,43936.99,Yes,2025-08-04
7308,Headphones,Audio,2,Product stopped working after a few days,Negative,6771.84,No,2025-08-15
7309,Webcam,Computer Accessories,5,Excellent build quality and smooth performance,Positive,17555.62,Yes,2025-06-25
7310,Printer,Office Electronics,4,Good quality and easy to use,Positive,38553.6,Yes,2025-08-26
7311,Charger,Power,2,Build quality is poor,Negative,3726.39,Yes,2025-05-19
7312,Camera,Camera,5,Great product with impressive features,Positive,220915.77,Yes,2025-01-25
7313,Router,Networking,4,Really happy with the purchase,Positive,3391.68,Yes,2025-01-10
7314,USB Flash Drive,Storage,4,Really happy with the purchase,Positive,2840.36,No,2025-09-18
7315,Headphones,Audio,5,Fast performance and reliable,Positive,14764.23,No,2025-08-21
7316,Laptop,Computing,4,Works perfectly and looks premium,Positive,129599.93,Yes,2025-05-30
7317,Smartwatch,Wearable,4,Really happy with the purchase,Positive,13042.46,Yes,2025-09-30
7318,Monitor,Computing,4,Very good product and worth the price,Positive,15422.14,Yes,2025-06-22
7319,Headphones,Audio,3,Nothing special but it works fine,Neutral,29216.6,Yes,2025-04-04
7320,Power Bank,Power,4,Great product with impressive features,Positive,4152.91,No,2025-08-02
7321,Tablet,Computing,3,Product meets basic expectations,Neutral,30881.83,Yes,2025-05-18
7322,Charger,Power,2,Product stopped working after a few days,Negative,904.68,Yes,2025-12-23
7323,Router,Networking,2,Very bad experience with this product,Negative,12278.37,No,2025-09-21
7324,Laptop,Computing,3,Features are satisfactory,Neutral,52164.34,Yes,2025-10-01
7325,Earbuds,Audio,2,Performance is slow and unreliable,Negative,4984.54,Yes,2025-09-09
7326,Power Bank,Power,3,It is okay but could be improved,Neutral,7655.5,Yes,2025-09-07
7327,Laptop,Computing,5,Great product with impressive features,Positive,34374.85,Yes,2025-10-10
7328,Gaming Console,Gaming,5,Good quality and easy to use,Positive,35275.66,Yes,2025-06-07
7329,External SSD,Storage,4,Great product with impressive features,Positive,21122.91,Yes,2025-10-27
7330,Monitor,Computing,5,Amazing quality and works perfectly,Positive,22050.16,Yes,2025-01-13
7331,Smartphone,Mobile,5,Great product with impressive features,Positive,28377.28,Yes,2025-09-01
7332,Power Bank,Power,5,Excellent build quality and smooth performance,Positive,4806.8,Yes,2025-07-16
7333,Printer,Office Electronics,4,Amazing quality and works perfectly,Positive,36318.04,Yes,2025-01-04
7334,Earbuds,Audio,5,Works perfectly and looks premium,Positive,11050.5,Yes,2025-08-30
7335,USB Flash Drive,Storage,1,Frequent problems while using the product,Negative,3972.05,Yes,2025-01-01
7336,Printer,Office Electronics,5,"Amazing product, highly recommended",Positive,41684.45,Yes,2025-09-15
7337,Earbuds,Audio,5,Excellent build quality and smooth performance,Positive,15765.56,No,2025-07-11
7338,Charger,Power,5,Amazing quality and works perfectly,Positive,3015.75,Yes,2025-08-10
7339,Smartphone,Mobile,4,Fast performance and reliable,Positive,99426.17,Yes,2025-08-11
7340,Charger,Power,5,Excellent build quality and smooth performance,Positive,370.64,Yes,2025-04-20
7341,Printer,Office Electronics,4,Great product with impressive features,Positive,27978.57,Yes,2025-08-16
7342,Webcam,Computer Accessories,4,"Amazing product, highly recommended",Positive,3445.92,Yes,2025-03-22
7343,Smartwatch,Wearable,3,Features are satisfactory,Neutral,12245.5,Yes,2025-10-04
7344,Gaming Console,Gaming,4,Works perfectly and looks premium,Positive,77194.96,Yes,2025-02-02
7345,Laptop,Computing,4,Works perfectly and looks premium,Positive,30556.54,Yes,2025-02-21
7346,Earbuds,Audio,2,Performance is slow and unreliable,Negative,8021.84,Yes,2025-09-14
7347,USB Flash Drive,Storage,4,Great product with impressive features,Positive,1025.5,Yes,2025-01-22
7348,Camera,Camera,5,Really happy with the purchase,Positive,153343.81,Yes,2025-12-21
7349,Monitor,Computing,5,"Amazing product, highly recommended",Positive,68475.23,Yes,2025-01-12
7350,Smart TV,Home Entertainment,3,Features are satisfactory,Neutral,87314.43,Yes,2025-07-11
7351,External SSD,Storage,5,Great product with impressive features,Positive,25604.01,Yes,2025-12-26
7352,Smartphone,Mobile,5,Excellent product with great performance,Positive,57306.48,Yes,2025-09-03
7353,Laptop,Computing,4,Amazing quality and works perfectly,Positive,166356.59,Yes,2025-08-19
7354,Camera,Camera,3,It is okay but could be improved,Neutral,215562.62,Yes,2025-09-10
7355,Printer,Office Electronics,3,Good enough for basic use,Neutral,13046.88,Yes,2025-09-15
7356,Smartwatch,Wearable,4,Works perfectly and looks premium,Positive,44425.61,Yes,2025-02-28
7357,Power Bank,Power,5,Very good product and worth the price,Positive,2186.46,Yes,2025-04-23
7358,USB Flash Drive,Storage,4,Works perfectly and looks premium,Positive,2604.86,No,2025-03-12
7359,Printer,Office Electronics,4,Amazing quality and works perfectly,Positive,13820.18,Yes,2025-03-19
7360,Camera,Camera,5,Great product with impressive features,Positive,111954.06,Yes,2025-03-17
7361,Smart TV,Home Entertainment,5,Very good product and worth the price,Positive,197336.79,Yes,2025-08-21
7362,Webcam,Computer Accessories,5,Excellent build quality and smooth performance,Positive,15537.66,Yes,2025-12-07
7363,USB Flash Drive,Storage,3,It is okay but could be improved,Neutral,2904.15,Yes,2025-07-24
7364,Gaming Console,Gaming,5,Good quality and easy to use,Positive,76451.32,Yes,2025-01-06
7365,Smart TV,Home Entertainment,5,Good quality and easy to use,Positive,81545.15,Yes,2025-09-10
7366,Smartphone,Mobile,3,Nothing special but it works fine,Neutral,27399.06,No,2025-07-17
7367,Laptop,Computing,3,Good enough for basic use,Neutral,154342.89,Yes,2025-10-11
7368,Power Bank,Power,3,Product is okay for the price,Neutral,887.66,Yes,2025-05-18
7369,Gaming Console,Gaming,5,Excellent build quality and smooth performance,Positive,69252.75,Yes,2025-06-06
7370,Webcam,Computer Accessories,3,Nothing special but it works fine,Neutral,1415.29,Yes,2025-08-29
7371,Gaming Console,Gaming,5,Amazing quality and works perfectly,Positive,40640.92,Yes,2025-09-16
7372,Headphones,Audio,3,Decent quality but has some limitations,Neutral,10987.24,Yes,2025-03-22
7373,Webcam,Computer Accessories,5,Really happy with the purchase,Positive,7052.05,Yes,2025-08-03
7374,Laptop,Computing,4,Excellent product with great performance,Positive,66514.81,Yes,2025-12-17
7375,Laptop,Computing,4,Amazing quality and works perfectly,Positive,46226.77,Yes,2025-01-24
7376,Router,Networking,3,Decent quality but has some limitations,Neutral,1060.42,Yes,2025-05-01
7377,Smart TV,Home Entertainment,3,"Average product, works as expected",Neutral,158321.69,Yes,2025-07-14
7378,Power Bank,Power,5,Excellent build quality and smooth performance,Positive,4089.79,Yes,2025-12-04
7379,Tablet,Computing,4,Very good product and worth the price,Positive,24574.97,Yes,2025-12-20
7380,Smartphone,Mobile,4,Really happy with the purchase,Positive,17203.83,Yes,2025-08-04
7381,Smart TV,Home Entertainment,5,Really happy with the purchase,Positive,66510.99,Yes,2025-07-19
7382,Earbuds,Audio,5,Amazing quality and works perfectly,Positive,9182.17,Yes,2025-06-01
7383,Camera,Camera,3,Good enough for basic use,Neutral,128819.15,Yes,2025-06-12
7384,Bluetooth Speaker,Audio,3,It is okay but could be improved,Neutral,3750.76,Yes,2025-09-25
7385,Headphones,Audio,2,Very disappointed with the purchase,Negative,29407.74,Yes,2025-07-18
7386,Gaming Console,Gaming,3,Average experience with this product,Neutral,39781.05,Yes,2025-07-21
7387,Router,Networking,5,Amazing quality and works perfectly,Positive,9384.62,Yes,2025-11-05
7388,Mouse,Accessories,4,Good quality and easy to use,Positive,7177.45,No,2025-02-20
7389,Power Bank,Power,2,Not worth the price,Negative,3033.37,Yes,2025-12-16
7390,Mouse,Accessories,3,Features are satisfactory,Neutral,1100.22,Yes,2025-09-15
7391,Charger,Power,5,Amazing quality and works perfectly,Positive,2069.74,Yes,2025-08-03
7392,USB Flash Drive,Storage,4,Fast performance and reliable,Positive,2898.5,Yes,2025-07-31
7393,Router,Networking,5,Really happy with the purchase,Positive,16993.32,Yes,2025-07-30
7394,Earbuds,Audio,4,Great product with impressive features,Positive,9514.19,Yes,2025-07-26
7395,Headphones,Audio,3,It is okay but could be improved,Neutral,26740.87,No,2025-05-08
7396,Gaming Console,Gaming,3,Good enough for basic use,Neutral,55034.14,Yes,2025-09-27
7397,Camera,Camera,1,Product has several issues,Negative,186434.49,Yes,2025-04-03
7398,Monitor,Computing,1,Very disappointed with the purchase,Negative,8232.28,Yes,2025-08-27
7399,USB Flash Drive,Storage,4,Great product with impressive features,Positive,4509.92,Yes,2025-07-12
7400,Keyboard,Accessories,4,Amazing quality and works perfectly,Positive,3594.98,Yes,2025-05-14
7401,Bluetooth Speaker,Audio,5,Great product with impressive features,Positive,10315.36,Yes,2025-10-21
7402,Charger,Power,4,Excellent product with great performance,Positive,2761.18,No,2025-04-27
7403,Smartwatch,Wearable,4,Works perfectly and looks premium,Positive,48051.75,Yes,2025-08-29
7404,Gaming Console,Gaming,2,Very disappointed with the purchase,Negative,44012.13,Yes,2025-04-02
7405,Printer,Office Electronics,5,Very good product and worth the price,Positive,14922.58,No,2025-03-15
7406,Webcam,Computer Accessories,4,Really happy with the purchase,Positive,19253.82,No,2025-07-29
7407,Keyboard,Accessories,3,"Average product, works as expected",Neutral,12222.73,No,2025-12-23
7408,Earbuds,Audio,4,Excellent build quality and smooth performance,Positive,16753.8,Yes,2025-04-20
7409,Mouse,Accessories,2,Frequent problems while using the product,Negative,4273.47,No,2025-02-11
7410,Tablet,Computing,4,Really happy with the purchase,Positive,47840.95,Yes,2025-02-13
7411,Gaming Console,Gaming,4,Really happy with the purchase,Positive,77286.87,No,2025-06-29
7412,Keyboard,Accessories,3,Product is okay for the price,Neutral,1499.9,Yes,2025-10-13
7413,Tablet,Computing,4,Works perfectly and looks premium,Positive,78175.02,Yes,2025-09-17
7414,Power Bank,Power,5,Good quality and easy to use,Positive,5128.28,Yes,2025-03-18
7415,Router,Networking,4,Excellent build quality and smooth performance,Positive,19400.27,Yes,2025-11-01
7416,Headphones,Audio,1,Not worth the price,Negative,16972.96,Yes,2025-03-02
7417,Keyboard,Accessories,5,Really happy with the purchase,Positive,4567.83,No,2025-07-24
7418,Printer,Office Electronics,3,Performance is acceptable,Neutral,40096.34,No,2025-11-06
7419,Router,Networking,3,Product is okay for the price,Neutral,19726.94,Yes,2025-10-22
7420,External SSD,Storage,5,Excellent product with great performance,Positive,27501.25,Yes,2025-09-14
7421,Keyboard,Accessories,3,Decent quality but has some limitations,Neutral,4773.72,Yes,2025-05-01
7422,Mouse,Accessories,2,Product stopped working after a few days,Negative,3659.6,Yes,2025-10-07
7423,Mouse,Accessories,5,Excellent build quality and smooth performance,Positive,7621.76,Yes,2025-05-22
7424,Mouse,Accessories,5,Fast performance and reliable,Positive,6102.45,Yes,2025-05-08
7425,Tablet,Computing,5,Great product with impressive features,Positive,11045.15,Yes,2025-07-14
7426,Smartphone,Mobile,4,Works perfectly and looks premium,Positive,23888.5,Yes,2025-08-14
7427,USB Flash Drive,Storage,2,Frequent problems while using the product,Negative,701.81,Yes,2025-03-18
7428,Power Bank,Power,3,Performance is acceptable,Neutral,2086.85,Yes,2025-12-07
7429,Power Bank,Power,5,Excellent product with great performance,Positive,2995.35,Yes,2025-11-13
7430,Charger,Power,2,Poor quality and disappointing performance,Negative,4845.84,Yes,2025-04-14
7431,Keyboard,Accessories,4,Great product with impressive features,Positive,10308.81,Yes,2025-03-30
7432,Printer,Office Electronics,1,Battery life is very poor,Negative,7464.26,Yes,2025-01-26
7433,Mouse,Accessories,2,Build quality is poor,Negative,6191.44,No,2025-05-29
7434,Power Bank,Power,2,Not worth the price,Negative,3943.98,Yes,2025-03-04
7435,Power Bank,Power,2,Very bad experience with this product,Negative,6229.09,Yes,2025-12-06
7436,Smartwatch,Wearable,5,Very good product and worth the price,Positive,44370.51,Yes,2025-11-24
7437,Smartwatch,Wearable,3,"Average product, works as expected",Neutral,4662.84,Yes,2025-10-30
7438,Smartwatch,Wearable,5,Excellent product with great performance,Positive,49026.73,Yes,2025-04-13
7439,Earbuds,Audio,5,Great product with impressive features,Positive,1918.68,No,2025-09-09
7440,Smartwatch,Wearable,3,Product is okay for the price,Neutral,37020.11,No,2025-06-29
7441,Headphones,Audio,2,Battery life is very poor,Negative,27142.39,Yes,2025-04-10
7442,Webcam,Computer Accessories,3,Features are satisfactory,Neutral,15282.66,Yes,2025-07-15
7443,Monitor,Computing,5,Great product with impressive features,Positive,17158.42,Yes,2025-03-02
7444,External SSD,Storage,4,"Amazing product, highly recommended",Positive,8615.8,No,2025-12-17
7445,Monitor,Computing,1,Poor quality and disappointing performance,Negative,9047.25,No,2025-03-01
7446,USB Flash Drive,Storage,5,"Amazing product, highly recommended",Positive,916.04,No,2025-04-21
7447,External SSD,Storage,5,Good quality and easy to use,Positive,4647.45,Yes,2025-03-22
7448,USB Flash Drive,Storage,5,Excellent product with great performance,Positive,552.1,No,2025-07-10
7449,Earbuds,Audio,5,"Amazing product, highly recommended",Positive,14271.74,Yes,2025-09-03
7450,Laptop,Computing,4,Works perfectly and looks premium,Positive,41505.03,Yes,2025-12-16
7451,Bluetooth Speaker,Audio,4,Fast performance and reliable,Positive,13211.8,Yes,2025-05-22
7452,Router,Networking,5,Really happy with the purchase,Positive,14483.6,Yes,2025-03-15
7453,Gaming Console,Gaming,5,"Amazing product, highly recommended",Positive,25832.41,Yes,2025-01-08
7454,Router,Networking,3,Average experience with this product,Neutral,13138.67,Yes,2025-08-07
7455,Smart TV,Home Entertainment,1,Performance is slow and unreliable,Negative,155079.02,Yes,2025-12-24
7456,Headphones,Audio,5,Good quality and easy to use,Positive,16331.77,Yes,2025-01-24
7457,Keyboard,Accessories,1,Very bad experience with this product,Negative,7396.08,Yes,2025-12-30
7458,Mouse,Accessories,5,Excellent build quality and smooth performance,Positive,7389.16,Yes,2025-04-06
7459,Tablet,Computing,4,Great product with impressive features,Positive,57675.94,Yes,2025-11-28
7460,Gaming Console,Gaming,3,Decent quality but has some limitations,Neutral,53010.57,Yes,2025-01-26
7461,Smartphone,Mobile,4,Great product with impressive features,Positive,97803.43,Yes,2025-11-22
7462,Printer,Office Electronics,4,Amazing quality and works perfectly,Positive,42689.96,No,2025-05-01
7463,Laptop,Computing,4,Excellent build quality and smooth performance,Positive,85262.74,Yes,2025-04-11
7464,Tablet,Computing,4,Good quality and easy to use,Positive,47393.12,No,2025-03-17
7465,Smartwatch,Wearable,1,Product stopped working after a few days,Negative,40336.87,No,2025-02-18
7466,Printer,Office Electronics,2,Battery life is very poor,Negative,29519.06,No,2025-10-19
7467,Printer,Office Electronics,2,Very disappointed with the purchase,Negative,35906.6,Yes,2025-01-26
7468,Webcam,Computer Accessories,2,Frequent problems while using the product,Negative,2428.33,Yes,2025-06-19
7469,USB Flash Drive,Storage,4,"Amazing product, highly recommended",Positive,748.23,Yes,2025-12-13
7470,Webcam,Computer Accessories,2,Battery life is very poor,Negative,11104.23,No,2025-05-28
7471,Mouse,Accessories,2,Poor quality and disappointing performance,Negative,8246.51,Yes,2025-10-29
7472,Smartphone,Mobile,4,Great product with impressive features,Positive,43452.71,Yes,2025-09-10
7473,Keyboard,Accessories,5,Works perfectly and looks premium,Positive,14429.17,Yes,2025-10-18
7474,Headphones,Audio,4,Amazing quality and works perfectly,Positive,22929.6,Yes,2025-12-12
7475,Headphones,Audio,5,Fast performance and reliable,Positive,23560.49,Yes,2025-02-05
7476,Gaming Console,Gaming,1,Very bad experience with this product,Negative,70871.87,Yes,2025-04-21
7477,Smartwatch,Wearable,2,Product has several issues,Negative,13842.68,Yes,2025-04-28
7478,Bluetooth Speaker,Audio,5,Excellent product with great performance,Positive,10445.51,Yes,2025-01-25
7479,Monitor,Computing,3,Nothing special but it works fine,Neutral,14763.95,No,2025-02-08
7480,Laptop,Computing,5,Great product with impressive features,Positive,87053.37,Yes,2025-02-10
7481,Router,Networking,3,Performance is acceptable,Neutral,1680.81,Yes,2025-12-13
7482,External SSD,Storage,1,Not worth the price,Negative,23290.16,Yes,2025-11-09
7483,Charger,Power,4,Amazing quality and works perfectly,Positive,4072.02,Yes,2025-08-03
7484,Smartphone,Mobile,3,"Average product, works as expected",Neutral,31925.72,Yes,2025-11-05
7485,External SSD,Storage,3,Product meets basic expectations,Neutral,16227.27,Yes,2025-05-06
7486,Keyboard,Accessories,4,Fast performance and reliable,Positive,10243.9,Yes,2025-06-23
7487,Earbuds,Audio,5,Very good product and worth the price,Positive,18692.24,No,2025-11-19
7488,Webcam,Computer Accessories,5,Excellent product with great performance,Positive,19419.33,Yes,2025-02-23
7489,Printer,Office Electronics,1,Product has several issues,Negative,14029.4,Yes,2025-02-23
7490,Keyboard,Accessories,5,"Amazing product, highly recommended",Positive,4077.5,Yes,2025-07-12
7491,Keyboard,Accessories,4,Works perfectly and looks premium,Positive,12881.25,Yes,2025-04-03
7492,Webcam,Computer Accessories,5,Really happy with the purchase,Positive,2847.05,Yes,2025-09-01
7493,Smartwatch,Wearable,5,Good quality and easy to use,Positive,39615.29,Yes,2025-08-21
7494,Keyboard,Accessories,5,Amazing quality and works perfectly,Positive,2433.44,Yes,2025-05-02
7495,Charger,Power,1,Build quality is poor,Negative,2483.01,Yes,2025-02-12
7496,Bluetooth Speaker,Audio,4,Great product with impressive features,Positive,18093.5,Yes,2025-01-31
7497,Bluetooth Speaker,Audio,5,Amazing quality and works perfectly,Positive,23222.03,Yes,2025-06-11
7498,Tablet,Computing,3,Nothing special but it works fine,Neutral,20307.67,Yes,2025-04-28
7499,Earbuds,Audio,4,Great product with impressive features,Positive,20689.42,Yes,2025-01-13
7500,Monitor,Computing,4,Very good product and worth the price,Positive,68941.26,Yes,2025-09-10
7501,USB Flash Drive,Storage,4,Excellent product with great performance,Positive,4029.45,Yes,2025-12-16
7502,Bluetooth Speaker,Audio,3,Features are satisfactory,Neutral,28169.49,Yes,2025-12-24
7503,Smartwatch,Wearable,2,Not worth the price,Negative,43802.92,Yes,2025-02-12
7504,USB Flash Drive,Storage,1,Performance is slow and unreliable,Negative,3909.5,Yes,2025-03-11
7505,Monitor,Computing,3,Product meets basic expectations,Neutral,48870.85,Yes,2025-06-07
7506,Webcam,Computer Accessories,4,Excellent build quality and smooth performance,Positive,16363.87,Yes,2025-11-30
7507,Tablet,Computing,3,Features are satisfactory,Neutral,97779.96,Yes,2025-07-29
7508,Smartphone,Mobile,5,Great product with impressive features,Positive,79379.76,Yes,2025-06-16
7509,Webcam,Computer Accessories,4,Excellent product with great performance,Positive,5609.5,Yes,2025-12-04
7510,Laptop,Computing,1,Product stopped working after a few days,Negative,67176.88,Yes,2025-08-31
7511,Smartphone,Mobile,2,Very disappointed with the purchase,Negative,97150.57,Yes,2025-12-26
7512,Camera,Camera,4,Great product with impressive features,Positive,247626.24,Yes,2025-11-12
7513,Bluetooth Speaker,Audio,1,Very bad experience with this product,Negative,6941.11,No,2025-12-31
7514,Mouse,Accessories,3,Product is okay for the price,Neutral,9709.82,Yes,2025-07-23
7515,Keyboard,Accessories,3,Product is okay for the price,Neutral,4390.19,No,2025-05-17
7516,Earbuds,Audio,3,It is okay but could be improved,Neutral,10613.67,Yes,2025-01-23
7517,Mouse,Accessories,1,Very disappointed with the purchase,Negative,9109.09,Yes,2025-09-24
7518,Earbuds,Audio,2,Very bad experience with this product,Negative,24064.45,Yes,2025-04-08
7519,Headphones,Audio,2,Product stopped working after a few days,Negative,17225.16,Yes,2025-01-05
7520,Headphones,Audio,3,Nothing special but it works fine,Neutral,28527.67,Yes,2025-10-21
7521,Tablet,Computing,2,Product stopped working after a few days,Negative,85817.72,No,2025-06-04
7522,Power Bank,Power,4,Good quality and easy to use,Positive,7038.05,Yes,2025-07-21
7523,Power Bank,Power,1,Not worth the price,Negative,7051.39,No,2025-10-14
7524,Smartphone,Mobile,3,Product meets basic expectations,Neutral,51259.87,No,2025-05-01
7525,Mouse,Accessories,5,Fast performance and reliable,Positive,597.46,Yes,2025-10-26
7526,Router,Networking,4,Works perfectly and looks premium,Positive,4128.39,No,2025-08-01
7527,Smartphone,Mobile,3,Decent quality but has some limitations,Neutral,16340.46,Yes,2025-07-27
7528,Bluetooth Speaker,Audio,3,Product meets basic expectations,Neutral,7878.03,No,2025-04-09
7529,Smart TV,Home Entertainment,2,Not worth the price,Negative,25229.37,Yes,2025-10-15
7530,Keyboard,Accessories,4,Great product with impressive features,Positive,4515.64,Yes,2025-03-29
7531,Smartphone,Mobile,5,Works perfectly and looks premium,Positive,73963.53,Yes,2025-08-14
7532,Power Bank,Power,5,Fast performance and reliable,Positive,1815.63,No,2025-10-30
7533,Keyboard,Accessories,5,Very good product and worth the price,Positive,5078.27,No,2025-02-12
7534,Headphones,Audio,4,Good quality and easy to use,Positive,7112.01,Yes,2025-05-27
7535,Laptop,Computing,5,Great product with impressive features,Positive,44265.33,Yes,2025-09-05
7536,Printer,Office Electronics,5,Works perfectly and looks premium,Positive,35424.44,Yes,2025-04-11
7537,USB Flash Drive,Storage,5,Very good product and worth the price,Positive,4497.22,Yes,2025-01-11
7538,Gaming Console,Gaming,3,Average experience with this product,Neutral,64379.61,Yes,2025-05-30
7539,Smartphone,Mobile,5,Great product with impressive features,Positive,84632.0,Yes,2025-07-01
7540,Printer,Office Electronics,3,"Average product, works as expected",Neutral,49235.82,Yes,2025-12-03
7541,Mouse,Accessories,4,Excellent product with great performance,Positive,7393.37,No,2025-10-22
7542,Mouse,Accessories,4,Great product with impressive features,Positive,756.9,No,2025-03-07
7543,Printer,Office Electronics,2,Very disappointed with the purchase,Negative,14821.09,Yes,2025-04-12
7544,Keyboard,Accessories,3,Product is okay for the price,Neutral,9743.2,Yes,2025-03-09
7545,Headphones,Audio,3,"Average product, works as expected",Neutral,19351.81,No,2025-11-29
7546,Headphones,Audio,4,Excellent product with great performance,Positive,25061.65,Yes,2025-05-10
7547,Webcam,Computer Accessories,3,Good enough for basic use,Neutral,4017.86,Yes,2025-11-22
7548,Power Bank,Power,3,Performance is acceptable,Neutral,7864.76,No,2025-01-23
7549,Charger,Power,4,Great product with impressive features,Positive,2726.57,Yes,2025-07-23
7550,Charger,Power,2,Very disappointed with the purchase,Negative,4625.94,No,2025-01-28
7551,Headphones,Audio,3,"Average product, works as expected",Neutral,16115.62,Yes,2025-07-22
7552,Keyboard,Accessories,1,Not worth the price,Negative,3210.26,Yes,2025-01-05
7553,Smart TV,Home Entertainment,5,Works perfectly and looks premium,Positive,79938.48,No,2025-02-27
7554,Tablet,Computing,4,Works perfectly and looks premium,Positive,29904.97,Yes,2025-02-23
7555,Smart TV,Home Entertainment,5,Good quality and easy to use,Positive,63881.72,No,2025-09-16
7556,Earbuds,Audio,4,Really happy with the purchase,Positive,22313.77,No,2025-08-22
7557,Earbuds,Audio,2,Build quality is poor,Negative,9746.17,Yes,2025-07-23
7558,Smartphone,Mobile,3,"Average product, works as expected",Neutral,28459.15,Yes,2025-03-13
7559,Gaming Console,Gaming,4,Great product with impressive features,Positive,45049.83,Yes,2025-04-08
7560,Bluetooth Speaker,Audio,3,Average experience with this product,Neutral,18823.92,No,2025-05-18
7561,Mouse,Accessories,4,Very good product and worth the price,Positive,2248.6,Yes,2025-12-24
7562,Charger,Power,3,Product is okay for the price,Neutral,539.61,Yes,2025-09-15
7563,Camera,Camera,2,Product stopped working after a few days,Negative,221227.01,Yes,2025-01-12
7564,Smart TV,Home Entertainment,4,Good quality and easy to use,Positive,59255.76,Yes,2025-01-12
7565,Charger,Power,5,Amazing quality and works perfectly,Positive,4700.91,Yes,2025-05-07
7566,Smartwatch,Wearable,4,Excellent product with great performance,Positive,3786.49,Yes,2025-03-18
7567,Router,Networking,5,Excellent product with great performance,Positive,13365.93,No,2025-05-29
7568,Laptop,Computing,4,Excellent product with great performance,Positive,129786.38,Yes,2025-12-30
7569,USB Flash Drive,Storage,1,Performance is slow and unreliable,Negative,1033.33,Yes,2025-03-13
7570,Earbuds,Audio,4,Amazing quality and works perfectly,Positive,16798.19,Yes,2025-08-06
7571,Router,Networking,2,Very disappointed with the purchase,Negative,8365.11,Yes,2025-06-26
7572,Smartwatch,Wearable,5,Great product with impressive features,Positive,20015.8,Yes,2025-08-29
7573,Keyboard,Accessories,3,Features are satisfactory,Neutral,13223.45,No,2025-07-19
7574,Gaming Console,Gaming,5,Amazing quality and works perfectly,Positive,77382.8,Yes,2025-07-08
7575,Camera,Camera,4,Good quality and easy to use,Positive,63275.63,No,2025-04-11
7576,Smartphone,Mobile,3,Product meets basic expectations,Neutral,84619.09,Yes,2025-12-19
7577,Smartphone,Mobile,4,Good quality and easy to use,Positive,25327.54,Yes,2025-04-08
7578,Smart TV,Home Entertainment,2,Product has several issues,Negative,21475.09,Yes,2025-02-22
7579,Power Bank,Power,5,Really happy with the purchase,Positive,1876.62,Yes,2025-02-05
7580,Printer,Office Electronics,5,Good quality and easy to use,Positive,33559.51,Yes,2025-01-25
7581,Laptop,Computing,2,Frequent problems while using the product,Negative,138965.61,Yes,2025-05-09
7582,Mouse,Accessories,2,Performance is slow and unreliable,Negative,5218.26,Yes,2025-10-25
7583,Charger,Power,5,"Amazing product, highly recommended",Positive,4772.83,Yes,2025-02-26
7584,Webcam,Computer Accessories,1,Poor quality and disappointing performance,Negative,15519.28,Yes,2025-01-02
7585,Router,Networking,5,Amazing quality and works perfectly,Positive,4070.75,Yes,2025-07-13
7586,Camera,Camera,4,Excellent build quality and smooth performance,Positive,71785.96,No,2025-07-24
7587,Earbuds,Audio,3,Performance is acceptable,Neutral,15104.01,Yes,2025-07-25
7588,Smart TV,Home Entertainment,2,Not worth the price,Negative,76660.61,Yes,2025-01-01
7589,Bluetooth Speaker,Audio,4,Excellent build quality and smooth performance,Positive,826.08,Yes,2025-03-16
7590,Earbuds,Audio,3,Average experience with this product,Neutral,1095.21,Yes,2025-05-08
7591,Router,Networking,3,Performance is acceptable,Neutral,8753.88,Yes,2025-09-27
7592,Smart TV,Home Entertainment,5,Amazing quality and works perfectly,Positive,111868.84,Yes,2025-08-26
7593,Printer,Office Electronics,2,Performance is slow and unreliable,Negative,34399.34,Yes,2025-10-25
7594,Smartwatch,Wearable,3,Decent quality but has some limitations,Neutral,38512.28,Yes,2025-07-19
7595,USB Flash Drive,Storage,4,Fast performance and reliable,Positive,4853.17,Yes,2025-05-28
7596,Monitor,Computing,4,Fast performance and reliable,Positive,68076.03,Yes,2025-07-24
7597,Headphones,Audio,5,Great product with impressive features,Positive,11000.24,Yes,2025-05-21
7598,Webcam,Computer Accessories,5,Good quality and easy to use,Positive,11159.18,Yes,2025-02-27
7599,Webcam,Computer Accessories,5,Really happy with the purchase,Positive,5102.48,No,2025-07-30
7600,Monitor,Computing,5,Amazing quality and works perfectly,Positive,77687.73,Yes,2025-04-18
7601,Smartphone,Mobile,5,Works perfectly and looks premium,Positive,67969.61,Yes,2025-04-07
7602,Headphones,Audio,2,Build quality is poor,Negative,7865.27,Yes,2025-09-17
7603,Power Bank,Power,2,Product has several issues,Negative,6013.12,Yes,2025-01-25
7604,Laptop,Computing,4,Good quality and easy to use,Positive,103183.55,Yes,2025-01-09
7605,Headphones,Audio,4,Great product with impressive features,Positive,29903.39,Yes,2025-05-10
7606,Tablet,Computing,4,Excellent build quality and smooth performance,Positive,16723.95,No,2025-08-06
7607,Smart TV,Home Entertainment,2,Poor quality and disappointing performance,Negative,77062.35,No,2025-11-03
7608,Monitor,Computing,1,Battery life is very poor,Negative,75697.04,Yes,2025-07-08
7609,Monitor,Computing,5,Amazing quality and works perfectly,Positive,40128.8,Yes,2025-04-05
7610,Keyboard,Accessories,5,Great product with impressive features,Positive,5021.02,Yes,2025-05-06
7611,Smartphone,Mobile,5,Good quality and easy to use,Positive,75745.69,Yes,2025-05-19
7612,Power Bank,Power,4,Fast performance and reliable,Positive,5584.35,No,2025-05-03
7613,Webcam,Computer Accessories,5,Excellent build quality and smooth performance,Positive,2763.34,Yes,2025-09-02
7614,USB Flash Drive,Storage,5,Works perfectly and looks premium,Positive,1519.12,Yes,2025-10-19
7615,Earbuds,Audio,2,Build quality is poor,Negative,8069.9,Yes,2025-09-16
7616,Smartphone,Mobile,2,Not worth the price,Negative,35530.78,No,2025-05-20
7617,External SSD,Storage,1,Very bad experience with this product,Negative,13337.7,Yes,2025-04-15
7618,USB Flash Drive,Storage,5,Good quality and easy to use,Positive,1873.13,Yes,2025-01-30
7619,Webcam,Computer Accessories,2,Product stopped working after a few days,Negative,14897.01,Yes,2025-10-19
7620,Charger,Power,5,Excellent product with great performance,Positive,3114.99,Yes,2025-12-18
7621,Mouse,Accessories,2,Battery life is very poor,Negative,4463.18,Yes,2025-01-21
7622,External SSD,Storage,5,Excellent product with great performance,Positive,8400.11,No,2025-02-17
7623,Gaming Console,Gaming,5,Very good product and worth the price,Positive,48135.17,Yes,2025-03-20
7624,External SSD,Storage,4,Great product with impressive features,Positive,7873.07,Yes,2025-10-19
7625,Earbuds,Audio,3,Nothing special but it works fine,Neutral,23827.57,Yes,2025-03-20
7626,Webcam,Computer Accessories,5,Very good product and worth the price,Positive,4301.7,Yes,2025-01-06
7627,Smartphone,Mobile,5,Excellent build quality and smooth performance,Positive,104171.87,Yes,2025-05-03
7628,Laptop,Computing,3,Performance is acceptable,Neutral,122337.11,Yes,2025-05-14
7629,Gaming Console,Gaming,3,Features are satisfactory,Neutral,69594.98,Yes,2025-05-25
7630,Charger,Power,3,"Average product, works as expected",Neutral,4476.24,Yes,2025-07-08
7631,Charger,Power,1,Performance is slow and unreliable,Negative,4078.73,Yes,2025-03-30
7632,Webcam,Computer Accessories,3,Features are satisfactory,Neutral,12196.6,Yes,2025-01-11
7633,Printer,Office Electronics,4,Really happy with the purchase,Positive,17014.72,No,2025-02-09
7634,Router,Networking,5,Great product with impressive features,Positive,13540.11,No,2025-09-25
7635,Smartwatch,Wearable,5,Fast performance and reliable,Positive,1734.91,Yes,2025-08-29
7636,Laptop,Computing,2,Very bad experience with this product,Negative,86619.94,Yes,2025-04-06
7637,Tablet,Computing,5,Excellent build quality and smooth performance,Positive,87216.73,Yes,2025-12-10
7638,Camera,Camera,3,"Average product, works as expected",Neutral,155620.64,Yes,2025-07-17
7639,Router,Networking,1,Poor quality and disappointing performance,Negative,5951.85,Yes,2025-10-18
7640,External SSD,Storage,1,Very disappointed with the purchase,Negative,27088.88,No,2025-10-17
7641,Tablet,Computing,4,Good quality and easy to use,Positive,11374.22,No,2025-04-20
7642,Earbuds,Audio,4,Really happy with the purchase,Positive,22131.66,Yes,2025-08-04
7643,Bluetooth Speaker,Audio,3,Good enough for basic use,Neutral,22976.06,Yes,2025-08-05
7644,Camera,Camera,5,"Amazing product, highly recommended",Positive,57934.66,Yes,2025-06-16
7645,Smartphone,Mobile,4,Fast performance and reliable,Positive,15045.28,No,2025-08-20
7646,USB Flash Drive,Storage,5,Excellent build quality and smooth performance,Positive,4770.81,Yes,2025-05-03
7647,Laptop,Computing,5,Excellent build quality and smooth performance,Positive,40054.98,No,2025-02-05
7648,Power Bank,Power,3,Performance is acceptable,Neutral,7811.08,Yes,2025-01-17
7649,Webcam,Computer Accessories,1,Poor quality and disappointing performance,Negative,8991.95,Yes,2025-06-13
7650,Smartwatch,Wearable,1,Poor quality and disappointing performance,Negative,18644.96,Yes,2025-11-30
7651,Gaming Console,Gaming,1,Frequent problems while using the product,Negative,60752.42,Yes,2025-03-20
7652,Power Bank,Power,5,Amazing quality and works perfectly,Positive,4371.54,No,2025-08-05
7653,USB Flash Drive,Storage,5,Fast performance and reliable,Positive,2133.22,Yes,2025-03-01
7654,Charger,Power,4,"Amazing product, highly recommended",Positive,3308.76,No,2025-08-19
7655,USB Flash Drive,Storage,4,Excellent build quality and smooth performance,Positive,1945.31,Yes,2025-03-09
7656,Keyboard,Accessories,4,Amazing quality and works perfectly,Positive,998.13,Yes,2025-06-10
7657,Smartwatch,Wearable,3,Features are satisfactory,Neutral,41495.01,Yes,2025-10-23
7658,Gaming Console,Gaming,5,Great product with impressive features,Positive,53305.16,Yes,2025-05-17
7659,Smart TV,Home Entertainment,5,Really happy with the purchase,Positive,142036.63,Yes,2025-12-07
7660,Keyboard,Accessories,5,Very good product and worth the price,Positive,8840.02,No,2025-01-18
7661,USB Flash Drive,Storage,2,Not worth the price,Negative,3186.7,Yes,2025-01-31
7662,Printer,Office Electronics,1,Poor quality and disappointing performance,Negative,14852.29,Yes,2025-03-03
7663,Camera,Camera,2,Performance is slow and unreliable,Negative,235298.64,Yes,2025-03-30
7664,External SSD,Storage,3,Good enough for basic use,Neutral,15088.51,Yes,2025-06-05
7665,Charger,Power,1,Performance is slow and unreliable,Negative,4624.45,No,2025-11-30
7666,USB Flash Drive,Storage,4,Works perfectly and looks premium,Positive,4092.51,Yes,2025-03-30
7667,Bluetooth Speaker,Audio,4,Fast performance and reliable,Positive,21826.39,Yes,2025-05-11
7668,Power Bank,Power,4,Great product with impressive features,Positive,4112.85,Yes,2025-01-17
7669,Laptop,Computing,4,Fast performance and reliable,Positive,33396.55,No,2025-09-18
7670,Smartwatch,Wearable,5,Good quality and easy to use,Positive,16787.79,No,2025-07-19
7671,Charger,Power,3,Performance is acceptable,Neutral,3424.83,Yes,2025-01-17
7672,Router,Networking,1,Performance is slow and unreliable,Negative,7282.41,Yes,2025-06-19
7673,Smartphone,Mobile,5,Good quality and easy to use,Positive,19102.27,No,2025-03-21
7674,Laptop,Computing,3,Performance is acceptable,Neutral,107663.82,Yes,2025-06-03
7675,Smartphone,Mobile,5,Works perfectly and looks premium,Positive,25301.71,Yes,2025-04-14
7676,Power Bank,Power,2,Build quality is poor,Negative,3004.79,Yes,2025-10-14
7677,Bluetooth Speaker,Audio,3,Good enough for basic use,Neutral,15455.86,Yes,2025-01-21
7678,Laptop,Computing,5,Excellent build quality and smooth performance,Positive,47441.97,Yes,2025-08-07
7679,External SSD,Storage,4,Really happy with the purchase,Positive,6038.27,Yes,2025-10-17
7680,Power Bank,Power,4,Very good product and worth the price,Positive,2312.64,Yes,2025-01-01
7681,Smartphone,Mobile,4,Good quality and easy to use,Positive,74282.24,Yes,2025-11-27
7682,Gaming Console,Gaming,5,Excellent product with great performance,Positive,76325.88,Yes,2025-10-06
7683,Webcam,Computer Accessories,1,Build quality is poor,Negative,5541.7,Yes,2025-04-12
7684,Keyboard,Accessories,5,"Amazing product, highly recommended",Positive,10937.44,Yes,2025-06-26
7685,Webcam,Computer Accessories,1,Product stopped working after a few days,Negative,4598.19,Yes,2025-09-06
7686,Keyboard,Accessories,5,Fast performance and reliable,Positive,9714.97,Yes,2025-07-08
7687,Laptop,Computing,4,Great product with impressive features,Positive,50657.91,No,2025-10-04
7688,Tablet,Computing,1,Build quality is poor,Negative,86084.3,Yes,2025-11-21
7689,Laptop,Computing,1,Frequent problems while using the product,Negative,141376.35,Yes,2025-05-11
7690,Bluetooth Speaker,Audio,2,Frequent problems while using the product,Negative,20677.21,Yes,2025-02-09
7691,Monitor,Computing,3,Average experience with this product,Neutral,7084.97,Yes,2025-06-07
7692,Keyboard,Accessories,2,Performance is slow and unreliable,Negative,12627.94,Yes,2025-08-07
7693,Mouse,Accessories,5,Good quality and easy to use,Positive,1763.25,Yes,2025-10-10
7694,Printer,Office Electronics,5,"Amazing product, highly recommended",Positive,29007.01,Yes,2025-04-13
7695,Smartphone,Mobile,1,Very bad experience with this product,Negative,94986.1,Yes,2025-12-05
7696,Printer,Office Electronics,5,Really happy with the purchase,Positive,33425.17,Yes,2025-01-14
7697,Headphones,Audio,3,Features are satisfactory,Neutral,24661.23,Yes,2025-07-31
7698,Smart TV,Home Entertainment,4,Good quality and easy to use,Positive,146137.65,Yes,2025-06-09
7699,Tablet,Computing,3,Performance is acceptable,Neutral,78046.85,Yes,2025-09-11
7700,Tablet,Computing,4,Very good product and worth the price,Positive,36889.19,Yes,2025-04-14
7701,Tablet,Computing,2,Poor quality and disappointing performance,Negative,44119.52,Yes,2025-12-07
7702,Earbuds,Audio,4,"Amazing product, highly recommended",Positive,12785.6,Yes,2025-01-01
7703,Webcam,Computer Accessories,2,Product has several issues,Negative,12137.05,Yes,2025-10-25
7704,Mouse,Accessories,4,Fast performance and reliable,Positive,7009.21,Yes,2025-06-29
7705,Smartwatch,Wearable,3,Performance is acceptable,Neutral,28445.37,No,2025-07-08
7706,Camera,Camera,5,Works perfectly and looks premium,Positive,184852.88,Yes,2025-04-24
7707,Power Bank,Power,4,Very good product and worth the price,Positive,1885.4,Yes,2025-05-23
7708,Router,Networking,4,"Amazing product, highly recommended",Positive,8498.29,No,2025-06-08
7709,Router,Networking,4,Really happy with the purchase,Positive,18352.8,Yes,2025-04-24
7710,External SSD,Storage,2,Battery life is very poor,Negative,8857.84,Yes,2025-01-05
7711,Smartwatch,Wearable,4,Fast performance and reliable,Positive,8467.55,Yes,2025-05-27
7712,Mouse,Accessories,5,Really happy with the purchase,Positive,7524.64,Yes,2025-05-27
7713,Camera,Camera,4,Fast performance and reliable,Positive,68746.56,Yes,2025-09-21
7714,Charger,Power,5,Great product with impressive features,Positive,2450.76,Yes,2025-06-21
7715,Smart TV,Home Entertainment,5,Fast performance and reliable,Positive,146688.86,Yes,2025-07-20
7716,Smart TV,Home Entertainment,5,Excellent build quality and smooth performance,Positive,104697.27,Yes,2025-06-20
7717,USB Flash Drive,Storage,5,"Amazing product, highly recommended",Positive,4537.1,Yes,2025-06-04
7718,Headphones,Audio,3,"Average product, works as expected",Neutral,26405.38,Yes,2025-09-19
7719,Power Bank,Power,3,"Average product, works as expected",Neutral,4421.24,Yes,2025-09-04
7720,USB Flash Drive,Storage,4,Good quality and easy to use,Positive,4815.99,Yes,2025-12-28
7721,Earbuds,Audio,4,Works perfectly and looks premium,Positive,7648.46,Yes,2025-07-01
7722,Router,Networking,3,Features are satisfactory,Neutral,5443.95,Yes,2025-01-11
7723,Headphones,Audio,4,Works perfectly and looks premium,Positive,20272.23,Yes,2025-08-02
7724,Tablet,Computing,5,"Amazing product, highly recommended",Positive,61550.39,Yes,2025-05-25
7725,Headphones,Audio,5,Great product with impressive features,Positive,7907.65,Yes,2025-02-04
7726,Webcam,Computer Accessories,2,Product stopped working after a few days,Negative,8051.5,Yes,2025-11-09
7727,Smart TV,Home Entertainment,3,Features are satisfactory,Neutral,58110.0,No,2025-08-20
7728,Printer,Office Electronics,3,Nothing special but it works fine,Neutral,15663.97,Yes,2025-08-17
7729,Earbuds,Audio,5,Fast performance and reliable,Positive,9505.49,Yes,2025-08-21
7730,External SSD,Storage,4,Good quality and easy to use,Positive,27953.93,Yes,2025-12-26
7731,Headphones,Audio,3,It is okay but could be improved,Neutral,25129.49,Yes,2025-09-09
7732,Tablet,Computing,4,Excellent build quality and smooth performance,Positive,56117.64,Yes,2025-09-18
7733,Earbuds,Audio,5,Fast performance and reliable,Positive,12205.35,Yes,2025-10-02
7734,Tablet,Computing,5,Excellent product with great performance,Positive,12833.07,No,2025-09-22
7735,Camera,Camera,2,Product has several issues,Negative,129016.64,Yes,2025-09-14
7736,Gaming Console,Gaming,5,Very good product and worth the price,Positive,59307.73,No,2025-01-28
7737,Smartphone,Mobile,2,Frequent problems while using the product,Negative,95202.1,Yes,2025-05-27
7738,Tablet,Computing,4,Amazing quality and works perfectly,Positive,42038.17,Yes,2025-04-11
7739,Mouse,Accessories,4,Fast performance and reliable,Positive,9218.07,Yes,2025-11-22
7740,Tablet,Computing,1,Poor quality and disappointing performance,Negative,85617.35,Yes,2025-08-02
7741,USB Flash Drive,Storage,1,Product stopped working after a few days,Negative,686.5,Yes,2025-07-08
7742,Keyboard,Accessories,3,Average experience with this product,Neutral,13592.75,Yes,2025-07-10
7743,Keyboard,Accessories,5,Excellent product with great performance,Positive,3731.02,Yes,2025-09-07
7744,Smartphone,Mobile,2,Very disappointed with the purchase,Negative,111411.62,No,2025-10-06
7745,Router,Networking,3,Performance is acceptable,Neutral,12982.92,No,2025-03-15
7746,Router,Networking,3,Product is okay for the price,Neutral,8826.48,Yes,2025-12-29
7747,External SSD,Storage,3,Product meets basic expectations,Neutral,14784.18,Yes,2025-10-06
7748,Power Bank,Power,3,Features are satisfactory,Neutral,4852.08,No,2025-03-17
7749,Earbuds,Audio,4,Works perfectly and looks premium,Positive,21174.89,Yes,2025-08-10
7750,Laptop,Computing,5,Good quality and easy to use,Positive,155538.38,Yes,2025-06-06
7751,Bluetooth Speaker,Audio,3,Nothing special but it works fine,Neutral,12915.17,Yes,2025-05-18
7752,Power Bank,Power,5,Very good product and worth the price,Positive,6913.0,Yes,2025-11-13
7753,Tablet,Computing,3,Performance is acceptable,Neutral,52475.87,Yes,2025-04-15
7754,Laptop,Computing,4,Good quality and easy to use,Positive,92632.64,No,2025-11-02
7755,Headphones,Audio,4,Very good product and worth the price,Positive,7675.98,Yes,2025-08-21
7756,Laptop,Computing,2,Product stopped working after a few days,Negative,154189.5,Yes,2025-10-26
7757,Smartphone,Mobile,4,Fast performance and reliable,Positive,77447.12,No,2025-09-30
7758,Mouse,Accessories,5,Great product with impressive features,Positive,4481.84,Yes,2025-08-15
7759,Router,Networking,5,Very good product and worth the price,Positive,13585.16,No,2025-03-11
7760,Mouse,Accessories,5,Works perfectly and looks premium,Positive,8651.82,Yes,2025-12-29
7761,Laptop,Computing,5,Great product with impressive features,Positive,59673.58,No,2025-08-23
7762,Bluetooth Speaker,Audio,4,Excellent product with great performance,Positive,12259.31,Yes,2025-05-11
7763,Smartphone,Mobile,4,Amazing quality and works perfectly,Positive,50593.64,Yes,2025-04-04
7764,Camera,Camera,2,Build quality is poor,Negative,42104.92,Yes,2025-02-12
7765,Headphones,Audio,4,Excellent build quality and smooth performance,Positive,10355.01,No,2025-04-26
7766,Monitor,Computing,3,Performance is acceptable,Neutral,62372.68,Yes,2025-02-18
7767,Webcam,Computer Accessories,5,Great product with impressive features,Positive,5813.46,Yes,2025-11-21
7768,Charger,Power,4,Really happy with the purchase,Positive,4111.3,No,2025-06-09
7769,External SSD,Storage,4,Very good product and worth the price,Positive,28791.85,Yes,2025-08-17
7770,Bluetooth Speaker,Audio,3,Average experience with this product,Neutral,7339.94,No,2025-10-21
7771,Webcam,Computer Accessories,4,"Amazing product, highly recommended",Positive,8783.66,Yes,2025-12-17
7772,Router,Networking,4,Excellent build quality and smooth performance,Positive,3495.35,Yes,2025-06-15
7773,Power Bank,Power,2,Very bad experience with this product,Negative,5783.44,Yes,2025-01-20
7774,Charger,Power,5,Works perfectly and looks premium,Positive,2566.34,No,2025-08-12
7775,Camera,Camera,4,Excellent product with great performance,Positive,157460.04,Yes,2025-12-12
7776,Smartwatch,Wearable,4,Excellent build quality and smooth performance,Positive,39266.63,Yes,2025-05-11
7777,Earbuds,Audio,5,Fast performance and reliable,Positive,19516.39,Yes,2025-02-07
7778,Gaming Console,Gaming,5,Good quality and easy to use,Positive,53378.66,Yes,2025-09-18
7779,Keyboard,Accessories,5,Excellent build quality and smooth performance,Positive,13293.65,Yes,2025-08-15
7780,External SSD,Storage,4,Really happy with the purchase,Positive,28162.14,Yes,2025-02-25
7781,Power Bank,Power,4,Amazing quality and works perfectly,Positive,5341.14,No,2025-01-02
7782,Laptop,Computing,4,Good quality and easy to use,Positive,35760.96,No,2025-07-09
7783,Gaming Console,Gaming,5,Really happy with the purchase,Positive,67678.11,Yes,2025-02-24
7784,Camera,Camera,3,"Average product, works as expected",Neutral,225681.37,Yes,2025-03-09
7785,Monitor,Computing,3,Product is okay for the price,Neutral,47191.26,No,2025-04-23
7786,External SSD,Storage,4,Works perfectly and looks premium,Positive,21909.66,Yes,2025-06-21
7787,Monitor,Computing,3,It is okay but could be improved,Neutral,32347.27,Yes,2025-10-26
7788,Tablet,Computing,4,Really happy with the purchase,Positive,55189.4,Yes,2025-06-07
7789,Tablet,Computing,5,"Amazing product, highly recommended",Positive,81829.57,Yes,2025-11-02
7790,Webcam,Computer Accessories,5,Works perfectly and looks premium,Positive,17643.26,Yes,2025-08-09
7791,Monitor,Computing,5,Works perfectly and looks premium,Positive,14526.0,Yes,2025-05-24
7792,Keyboard,Accessories,3,Product is okay for the price,Neutral,749.2,Yes,2025-07-05
7793,Bluetooth Speaker,Audio,4,Really happy with the purchase,Positive,11708.88,Yes,2025-02-21
7794,Router,Networking,3,Good enough for basic use,Neutral,8427.43,Yes,2025-12-23
7795,Camera,Camera,5,Amazing quality and works perfectly,Positive,198999.33,Yes,2025-04-21
7796,Printer,Office Electronics,3,Product is okay for the price,Neutral,5386.88,Yes,2025-11-25
7797,Printer,Office Electronics,3,Average experience with this product,Neutral,39380.15,Yes,2025-08-24
7798,Smart TV,Home Entertainment,5,"Amazing product, highly recommended",Positive,114220.39,Yes,2025-04-18
7799,Bluetooth Speaker,Audio,4,Really happy with the purchase,Positive,21176.5,Yes,2025-06-27
7800,Charger,Power,5,"Amazing product, highly recommended",Positive,2693.52,Yes,2025-02-14
7801,Bluetooth Speaker,Audio,4,Good quality and easy to use,Positive,23889.17,Yes,2025-08-13
7802,Router,Networking,3,Features are satisfactory,Neutral,9304.32,Yes,2025-01-24
7803,Router,Networking,4,Excellent product with great performance,Positive,7570.98,Yes,2025-08-22
7804,Earbuds,Audio,4,Amazing quality and works perfectly,Positive,16094.72,Yes,2025-03-14
7805,Printer,Office Electronics,4,Great product with impressive features,Positive,25000.02,Yes,2025-02-16
7806,Earbuds,Audio,4,Excellent product with great performance,Positive,7933.95,Yes,2025-03-23
7807,Smart TV,Home Entertainment,4,Excellent product with great performance,Positive,184006.08,Yes,2025-02-02
7808,Printer,Office Electronics,1,Not worth the price,Negative,37547.31,No,2025-11-21
7809,Smartphone,Mobile,2,Not worth the price,Negative,30050.27,Yes,2025-12-08
7810,Monitor,Computing,5,Excellent build quality and smooth performance,Positive,60767.84,No,2025-12-04
7811,Monitor,Computing,5,"Amazing product, highly recommended",Positive,24677.36,Yes,2025-09-20
7812,USB Flash Drive,Storage,5,Excellent build quality and smooth performance,Positive,2326.98,Yes,2025-03-26
7813,Router,Networking,4,Great product with impressive features,Positive,5131.02,Yes,2025-10-04
7814,Laptop,Computing,2,Product has several issues,Negative,46994.68,No,2025-10-04
7815,USB Flash Drive,Storage,4,Great product with impressive features,Positive,2175.6,Yes,2025-03-28
7816,Headphones,Audio,3,Average experience with this product,Neutral,16874.9,Yes,2025-11-02
7817,Monitor,Computing,1,Frequent problems while using the product,Negative,28357.01,Yes,2025-12-30
7818,Smartwatch,Wearable,4,Excellent product with great performance,Positive,5137.65,Yes,2025-05-18
7819,Smartwatch,Wearable,4,Really happy with the purchase,Positive,13607.41,Yes,2025-08-03
7820,Power Bank,Power,2,Frequent problems while using the product,Negative,2568.73,Yes,2025-11-15
7821,Laptop,Computing,5,"Amazing product, highly recommended",Positive,118612.83,Yes,2025-04-06
7822,Laptop,Computing,5,Excellent build quality and smooth performance,Positive,72322.3,Yes,2025-12-27
7823,External SSD,Storage,2,Product stopped working after a few days,Negative,17411.95,Yes,2025-04-21
7824,Bluetooth Speaker,Audio,5,"Amazing product, highly recommended",Positive,14533.92,Yes,2025-12-20
7825,Camera,Camera,5,Amazing quality and works perfectly,Positive,84930.5,Yes,2025-03-27
7826,Smart TV,Home Entertainment,3,Product meets basic expectations,Neutral,152125.18,Yes,2025-09-28
7827,Laptop,Computing,5,Excellent product with great performance,Positive,130138.68,Yes,2025-07-11
7828,External SSD,Storage,4,Great product with impressive features,Positive,21367.37,Yes,2025-05-16
7829,Tablet,Computing,5,Really happy with the purchase,Positive,49022.31,Yes,2025-06-10
7830,External SSD,Storage,4,Very good product and worth the price,Positive,11548.1,Yes,2025-03-24
7831,Bluetooth Speaker,Audio,5,Works perfectly and looks premium,Positive,18049.64,Yes,2025-09-03
7832,Tablet,Computing,2,Product stopped working after a few days,Negative,96318.13,Yes,2025-12-29
7833,Headphones,Audio,3,Good enough for basic use,Neutral,13301.83,No,2025-08-02
7834,Monitor,Computing,5,Fast performance and reliable,Positive,55230.97,Yes,2025-04-11
7835,Router,Networking,2,Frequent problems while using the product,Negative,9404.64,Yes,2025-09-02
7836,Gaming Console,Gaming,4,Good quality and easy to use,Positive,76293.09,Yes,2025-06-10
7837,Router,Networking,4,Fast performance and reliable,Positive,6029.62,Yes,2025-12-03
7838,Smartphone,Mobile,5,Good quality and easy to use,Positive,59340.79,Yes,2025-04-07
7839,Smart TV,Home Entertainment,3,Decent quality but has some limitations,Neutral,106325.67,Yes,2025-07-09
7840,Keyboard,Accessories,4,Very good product and worth the price,Positive,11065.4,Yes,2025-07-01
7841,Tablet,Computing,4,Works perfectly and looks premium,Positive,74917.8,No,2025-11-20
7842,Webcam,Computer Accessories,1,Performance is slow and unreliable,Negative,15049.4,Yes,2025-02-10
7843,External SSD,Storage,2,Battery life is very poor,Negative,22789.39,Yes,2025-08-14
7844,Laptop,Computing,1,Product has several issues,Negative,100463.74,Yes,2025-10-23
7845,Keyboard,Accessories,4,Excellent product with great performance,Positive,2755.69,Yes,2025-05-12
7846,Webcam,Computer Accessories,1,Frequent problems while using the product,Negative,17538.32,Yes,2025-07-04
7847,Gaming Console,Gaming,3,Features are satisfactory,Neutral,42865.83,No,2025-04-18
7848,Smartwatch,Wearable,4,Excellent build quality and smooth performance,Positive,6850.43,Yes,2025-06-03
7849,Router,Networking,3,Product meets basic expectations,Neutral,3446.86,Yes,2025-12-13
7850,Smartwatch,Wearable,3,Good enough for basic use,Neutral,25495.8,Yes,2025-05-13
7851,Monitor,Computing,1,Very disappointed with the purchase,Negative,37519.11,Yes,2025-03-15
7852,Smartwatch,Wearable,3,"Average product, works as expected",Neutral,33681.04,Yes,2025-07-31
7853,Gaming Console,Gaming,3,"Average product, works as expected",Neutral,58652.6,Yes,2025-06-21
7854,Webcam,Computer Accessories,1,Product has several issues,Negative,3040.83,Yes,2025-10-12
7855,Smartphone,Mobile,4,Works perfectly and looks premium,Positive,41235.86,No,2025-01-14
7856,Camera,Camera,4,Great product with impressive features,Positive,226657.33,Yes,2025-11-26
7857,Headphones,Audio,4,Excellent build quality and smooth performance,Positive,23117.14,Yes,2025-09-14
7858,External SSD,Storage,4,Excellent product with great performance,Positive,26504.61,Yes,2025-11-04
7859,Tablet,Computing,3,"Average product, works as expected",Neutral,11978.89,Yes,2025-05-29
7860,Monitor,Computing,2,Frequent problems while using the product,Negative,73494.56,Yes,2025-06-12
7861,Headphones,Audio,5,Works perfectly and looks premium,Positive,25901.8,Yes,2025-05-03
7862,Printer,Office Electronics,4,Good quality and easy to use,Positive,25352.47,Yes,2025-11-01
7863,Laptop,Computing,2,Poor quality and disappointing performance,Negative,131038.21,Yes,2025-01-26
7864,Charger,Power,5,Good quality and easy to use,Positive,1578.37,Yes,2025-07-12
7865,Tablet,Computing,4,Amazing quality and works perfectly,Positive,69272.94,Yes,2025-04-05
7866,Charger,Power,2,Very bad experience with this product,Negative,4054.22,No,2025-08-21
7867,External SSD,Storage,3,Nothing special but it works fine,Neutral,16056.01,No,2025-12-18
7868,External SSD,Storage,4,Fast performance and reliable,Positive,3763.38,Yes,2025-09-04
7869,Smartphone,Mobile,5,Works perfectly and looks premium,Positive,54630.68,Yes,2025-01-17
7870,External SSD,Storage,4,Fast performance and reliable,Positive,22574.47,Yes,2025-05-26
7871,Earbuds,Audio,4,Fast performance and reliable,Positive,17742.03,Yes,2025-01-12
7872,Gaming Console,Gaming,4,Good quality and easy to use,Positive,51746.69,Yes,2025-06-27
7873,Smart TV,Home Entertainment,2,Frequent problems while using the product,Negative,197356.18,Yes,2025-03-05
7874,Tablet,Computing,5,"Amazing product, highly recommended",Positive,20534.13,Yes,2025-09-10
7875,Monitor,Computing,4,"Amazing product, highly recommended",Positive,17713.33,Yes,2025-07-14
7876,Printer,Office Electronics,5,Works perfectly and looks premium,Positive,16624.73,No,2025-04-23
7877,Tablet,Computing,4,Works perfectly and looks premium,Positive,82319.04,Yes,2025-11-09
7878,Earbuds,Audio,4,Fast performance and reliable,Positive,19189.05,Yes,2025-09-30
7879,Power Bank,Power,3,It is okay but could be improved,Neutral,6363.89,Yes,2025-08-17
7880,Smart TV,Home Entertainment,4,Excellent product with great performance,Positive,177730.23,Yes,2025-05-10
7881,Earbuds,Audio,5,Excellent product with great performance,Positive,11351.31,Yes,2025-04-10
7882,Monitor,Computing,5,Excellent build quality and smooth performance,Positive,29574.4,Yes,2025-08-02
7883,External SSD,Storage,4,Excellent product with great performance,Positive,19210.32,Yes,2025-10-16
7884,Tablet,Computing,3,Good enough for basic use,Neutral,46888.46,Yes,2025-11-02
7885,Bluetooth Speaker,Audio,4,Good quality and easy to use,Positive,16096.15,No,2025-10-11
7886,Bluetooth Speaker,Audio,3,Product is okay for the price,Neutral,4894.35,Yes,2025-01-09
7887,Keyboard,Accessories,2,Poor quality and disappointing performance,Negative,6247.55,No,2025-12-26
7888,Charger,Power,3,Product is okay for the price,Neutral,2521.38,Yes,2025-03-29
7889,Headphones,Audio,4,Excellent product with great performance,Positive,3079.49,No,2025-01-04
7890,Monitor,Computing,3,Nothing special but it works fine,Neutral,79592.65,Yes,2025-07-24
7891,Webcam,Computer Accessories,5,"Amazing product, highly recommended",Positive,1717.93,Yes,2025-06-16
7892,USB Flash Drive,Storage,5,Great product with impressive features,Positive,4621.72,No,2025-02-08
7893,Smart TV,Home Entertainment,4,Fast performance and reliable,Positive,29836.66,Yes,2025-03-20
7894,Gaming Console,Gaming,5,Excellent product with great performance,Positive,72261.37,No,2025-03-17
7895,Charger,Power,5,Works perfectly and looks premium,Positive,2876.74,Yes,2025-06-10
7896,Headphones,Audio,4,Good quality and easy to use,Positive,6291.88,Yes,2025-10-01
7897,Smartwatch,Wearable,4,Great product with impressive features,Positive,12719.43,Yes,2025-09-06
7898,Power Bank,Power,5,Really happy with the purchase,Positive,3331.58,Yes,2025-01-10
7899,Keyboard,Accessories,4,Very good product and worth the price,Positive,12013.33,Yes,2025-03-05
7900,External SSD,Storage,1,Battery life is very poor,Negative,6972.95,Yes,2025-08-11
7901,Smartphone,Mobile,2,Very bad experience with this product,Negative,35129.92,Yes,2025-10-21
7902,Printer,Office Electronics,3,Decent quality but has some limitations,Neutral,36170.51,Yes,2025-01-13
7903,Smartwatch,Wearable,5,Amazing quality and works perfectly,Positive,31278.58,Yes,2025-05-03
7904,Monitor,Computing,3,Decent quality but has some limitations,Neutral,37141.02,Yes,2025-02-12
7905,Monitor,Computing,3,Nothing special but it works fine,Neutral,10479.68,Yes,2025-06-27
7906,Webcam,Computer Accessories,4,Great product with impressive features,Positive,11611.48,Yes,2025-05-23
7907,Router,Networking,4,Really happy with the purchase,Positive,5355.2,Yes,2025-03-05
7908,Smartphone,Mobile,5,Works perfectly and looks premium,Positive,76555.24,No,2025-12-19
7909,Printer,Office Electronics,5,"Amazing product, highly recommended",Positive,17353.22,Yes,2025-10-06
7910,Gaming Console,Gaming,3,Product meets basic expectations,Neutral,78918.2,Yes,2025-07-19
7911,Laptop,Computing,4,"Amazing product, highly recommended",Positive,118589.1,No,2025-10-07
7912,External SSD,Storage,5,Excellent build quality and smooth performance,Positive,18425.25,No,2025-04-24
7913,Smartphone,Mobile,2,Very disappointed with the purchase,Negative,101718.06,Yes,2025-12-08
7914,Keyboard,Accessories,1,Product stopped working after a few days,Negative,14900.89,Yes,2025-05-31
7915,Smartwatch,Wearable,4,Great product with impressive features,Positive,39289.84,Yes,2025-05-21
7916,Smartphone,Mobile,1,Not worth the price,Negative,74516.3,Yes,2025-07-27
7917,Charger,Power,4,Great product with impressive features,Positive,4358.57,Yes,2025-07-31
7918,Gaming Console,Gaming,5,Excellent build quality and smooth performance,Positive,34966.5,Yes,2025-08-15
7919,Mouse,Accessories,1,Battery life is very poor,Negative,7713.02,Yes,2025-10-31
7920,Bluetooth Speaker,Audio,4,Excellent product with great performance,Positive,20653.05,Yes,2025-04-08
7921,Power Bank,Power,4,"Amazing product, highly recommended",Positive,4855.41,Yes,2025-09-16
7922,Smartwatch,Wearable,4,"Amazing product, highly recommended",Positive,43537.67,Yes,2025-03-14
7923,Smartphone,Mobile,5,Fast performance and reliable,Positive,87481.6,No,2025-03-29
7924,Smartwatch,Wearable,4,Excellent build quality and smooth performance,Positive,36261.57,Yes,2025-06-30
7925,Laptop,Computing,5,"Amazing product, highly recommended",Positive,166461.22,Yes,2025-07-11
7926,External SSD,Storage,5,Amazing quality and works perfectly,Positive,21884.13,Yes,2025-08-24
7927,Camera,Camera,1,Product stopped working after a few days,Negative,82470.38,No,2025-02-20
7928,Smartwatch,Wearable,2,Performance is slow and unreliable,Negative,10405.82,Yes,2025-10-26
7929,Charger,Power,4,Great product with impressive features,Positive,2712.03,Yes,2025-07-23
7930,Mouse,Accessories,1,Frequent problems while using the product,Negative,2578.65,Yes,2025-08-05
7931,Tablet,Computing,2,Very bad experience with this product,Negative,72967.22,Yes,2025-09-30
7932,Smart TV,Home Entertainment,3,Performance is acceptable,Neutral,170901.27,Yes,2025-09-10
7933,Webcam,Computer Accessories,4,"Amazing product, highly recommended",Positive,6544.5,Yes,2025-06-06
7934,External SSD,Storage,2,Product has several issues,Negative,27663.81,Yes,2025-06-26
7935,USB Flash Drive,Storage,4,Excellent build quality and smooth performance,Positive,3810.45,Yes,2025-03-26
7936,Power Bank,Power,3,Nothing special but it works fine,Neutral,7914.61,Yes,2025-07-26
7937,USB Flash Drive,Storage,3,Nothing special but it works fine,Neutral,1233.91,Yes,2025-03-16
7938,Power Bank,Power,4,Fast performance and reliable,Positive,4123.14,Yes,2025-08-20
7939,Smartwatch,Wearable,5,Excellent product with great performance,Positive,32554.93,Yes,2025-06-02
7940,Smartwatch,Wearable,4,Really happy with the purchase,Positive,38501.5,Yes,2025-03-28
7941,Printer,Office Electronics,5,Amazing quality and works perfectly,Positive,46036.97,Yes,2025-06-23
7942,Keyboard,Accessories,5,"Amazing product, highly recommended",Positive,13423.42,Yes,2025-12-07
7943,Router,Networking,3,Performance is acceptable,Neutral,5486.32,Yes,2025-07-25
7944,Tablet,Computing,5,Works perfectly and looks premium,Positive,48022.4,No,2025-05-07
7945,Keyboard,Accessories,5,Good quality and easy to use,Positive,10915.42,Yes,2025-06-14
7946,Laptop,Computing,5,Good quality and easy to use,Positive,49847.14,Yes,2025-08-09
7947,Headphones,Audio,4,Good quality and easy to use,Positive,28801.27,Yes,2025-02-26
7948,Tablet,Computing,4,Fast performance and reliable,Positive,77225.75,Yes,2025-07-24
7949,Headphones,Audio,5,Works perfectly and looks premium,Positive,24950.84,Yes,2025-01-13
7950,Camera,Camera,2,Frequent problems while using the product,Negative,229174.99,No,2025-11-08
7951,Smartphone,Mobile,3,Features are satisfactory,Neutral,27930.61,Yes,2025-08-11
7952,Smartwatch,Wearable,5,Excellent build quality and smooth performance,Positive,21973.35,Yes,2025-02-11
7953,Gaming Console,Gaming,5,Excellent product with great performance,Positive,60841.84,Yes,2025-06-20
7954,Tablet,Computing,5,"Amazing product, highly recommended",Positive,84021.5,Yes,2025-11-19
7955,Charger,Power,4,Great product with impressive features,Positive,3768.62,Yes,2025-12-19
7956,Printer,Office Electronics,4,Amazing quality and works perfectly,Positive,10468.9,No,2025-02-20
7957,External SSD,Storage,5,Excellent build quality and smooth performance,Positive,20433.14,Yes,2025-04-09
7958,Tablet,Computing,5,Good quality and easy to use,Positive,36464.83,Yes,2025-02-22
7959,Tablet,Computing,5,Really happy with the purchase,Positive,46584.8,Yes,2025-05-15
7960,Router,Networking,5,Excellent build quality and smooth performance,Positive,19890.37,Yes,2025-11-11
7961,Bluetooth Speaker,Audio,4,Good quality and easy to use,Positive,5386.03,No,2025-09-15
7962,Keyboard,Accessories,3,Nothing special but it works fine,Neutral,2013.52,Yes,2025-04-04
7963,Mouse,Accessories,3,Performance is acceptable,Neutral,4268.7,Yes,2025-04-29
7964,Charger,Power,4,Amazing quality and works perfectly,Positive,4361.4,Yes,2025-08-12
7965,Keyboard,Accessories,2,Very disappointed with the purchase,Negative,2852.02,No,2025-08-06
7966,Smartphone,Mobile,4,Really happy with the purchase,Positive,16954.72,Yes,2025-06-19
7967,Laptop,Computing,4,Fast performance and reliable,Positive,92827.34,Yes,2025-06-03
7968,Smartphone,Mobile,4,"Amazing product, highly recommended",Positive,78817.38,Yes,2025-12-08
7969,Earbuds,Audio,2,Performance is slow and unreliable,Negative,4289.97,Yes,2025-07-03
7970,USB Flash Drive,Storage,5,Works perfectly and looks premium,Positive,4081.57,Yes,2025-10-13
7971,Smart TV,Home Entertainment,4,Great product with impressive features,Positive,171494.44,Yes,2025-12-17
7972,Mouse,Accessories,2,Frequent problems while using the product,Negative,5369.18,Yes,2025-05-03
7973,Smartphone,Mobile,5,Really happy with the purchase,Positive,11411.95,Yes,2025-10-12
7974,Laptop,Computing,4,Very good product and worth the price,Positive,107415.34,Yes,2025-10-24
7975,USB Flash Drive,Storage,2,Poor quality and disappointing performance,Negative,1306.66,Yes,2025-03-22
7976,Bluetooth Speaker,Audio,3,Features are satisfactory,Neutral,13826.03,Yes,2025-03-24
7977,Printer,Office Electronics,3,Nothing special but it works fine,Neutral,39188.18,Yes,2025-02-28
7978,Power Bank,Power,5,Amazing quality and works perfectly,Positive,1191.82,Yes,2025-08-13
7979,Printer,Office Electronics,3,Product meets basic expectations,Neutral,5006.84,Yes,2025-10-05
7980,Tablet,Computing,3,Average experience with this product,Neutral,22010.42,Yes,2025-10-02
7981,Printer,Office Electronics,5,Fast performance and reliable,Positive,7041.62,Yes,2025-05-22
7982,Power Bank,Power,5,Very good product and worth the price,Positive,2675.02,No,2025-09-14
7983,Keyboard,Accessories,3,"Average product, works as expected",Neutral,6361.89,Yes,2025-01-11
7984,Power Bank,Power,3,Product is okay for the price,Neutral,6413.9,Yes,2025-08-28
7985,Bluetooth Speaker,Audio,1,Product has several issues,Negative,1685.56,Yes,2025-06-23
7986,Camera,Camera,3,Nothing special but it works fine,Neutral,103972.78,Yes,2025-10-30
7987,External SSD,Storage,5,Good quality and easy to use,Positive,28094.99,Yes,2025-12-20
7988,USB Flash Drive,Storage,3,Average experience with this product,Neutral,3008.99,No,2025-07-23
7989,Smart TV,Home Entertainment,4,Excellent product with great performance,Positive,167951.24,Yes,2025-08-15
7990,Keyboard,Accessories,2,Battery life is very poor,Negative,7510.95,Yes,2025-12-05
7991,External SSD,Storage,3,Decent quality but has some limitations,Neutral,5625.49,Yes,2025-05-06
7992,Printer,Office Electronics,2,Battery life is very poor,Negative,13412.26,Yes,2025-02-22
7993,Smartphone,Mobile,5,Works perfectly and looks premium,Positive,92905.22,Yes,2025-07-04
7994,Mouse,Accessories,5,Good quality and easy to use,Positive,8681.84,Yes,2025-05-10
7995,Router,Networking,3,Average experience with this product,Neutral,9883.29,No,2025-08-20
7996,Mouse,Accessories,3,Product meets basic expectations,Neutral,5076.83,No,2025-10-13
7997,Tablet,Computing,2,Very bad experience with this product,Negative,50511.01,Yes,2025-07-03
7998,Gaming Console,Gaming,1,Very disappointed with the purchase,Negative,26009.97,No,2025-04-23
7999,Keyboard,Accessories,4,Excellent build quality and smooth performance,Positive,1884.89,Yes,2025-07-26
8000,Camera,Camera,4,"Amazing product, highly recommended",Positive,248174.82,Yes,2025-06-11
8001,Smartphone,Mobile,4,Good quality and easy to use,Positive,12705.53,Yes,2025-03-09
8002,Smartphone,Mobile,1,Very bad experience with this product,Negative,47084.53,No,2025-10-10
8003,Camera,Camera,5,Really happy with the purchase,Positive,180404.4,No,2025-05-02
8004,Smart TV,Home Entertainment,3,Product is okay for the price,Neutral,93593.72,Yes,2025-07-16
8005,Camera,Camera,3,Performance is acceptable,Neutral,246099.36,Yes,2025-11-28
8006,Webcam,Computer Accessories,5,Works perfectly and looks premium,Positive,1622.04,Yes,2025-03-10
8007,USB Flash Drive,Storage,4,Good quality and easy to use,Positive,4410.43,Yes,2025-06-05
8008,Earbuds,Audio,1,Product has several issues,Negative,3801.23,Yes,2025-03-05
8009,Tablet,Computing,5,Great product with impressive features,Positive,28433.99,Yes,2025-06-09
8010,Charger,Power,4,Excellent product with great performance,Positive,2783.03,Yes,2025-04-20
8011,Camera,Camera,1,Very bad experience with this product,Negative,221077.3,Yes,2025-12-01
8012,External SSD,Storage,5,Works perfectly and looks premium,Positive,14180.19,Yes,2025-04-21
8013,Power Bank,Power,4,Works perfectly and looks premium,Positive,2913.73,Yes,2025-08-13
8014,Webcam,Computer Accessories,3,Decent quality but has some limitations,Neutral,8631.77,No,2025-02-19
8015,USB Flash Drive,Storage,4,Good quality and easy to use,Positive,743.41,Yes,2025-06-16
8016,Charger,Power,1,Very bad experience with this product,Negative,4239.7,Yes,2025-11-01
8017,Charger,Power,4,Great product with impressive features,Positive,4601.51,Yes,2025-09-03
8018,Smartphone,Mobile,5,Good quality and easy to use,Positive,83686.76,No,2025-04-14
8019,External SSD,Storage,4,Great product with impressive features,Positive,15006.08,No,2025-12-21
8020,Gaming Console,Gaming,4,Excellent build quality and smooth performance,Positive,58778.29,Yes,2025-10-20
8021,Printer,Office Electronics,2,Performance is slow and unreliable,Negative,29834.01,Yes,2025-05-27
8022,Laptop,Computing,5,Good quality and easy to use,Positive,37733.27,Yes,2025-12-22
8023,Tablet,Computing,2,Very bad experience with this product,Negative,45497.92,Yes,2025-03-10
8024,Gaming Console,Gaming,5,Excellent build quality and smooth performance,Positive,61125.58,Yes,2025-05-02
8025,Mouse,Accessories,4,Very good product and worth the price,Positive,8523.65,Yes,2025-12-06
8026,Charger,Power,5,Great product with impressive features,Positive,1987.17,No,2025-12-21
8027,Keyboard,Accessories,4,Excellent build quality and smooth performance,Positive,12379.45,Yes,2025-10-28
8028,Camera,Camera,5,Excellent product with great performance,Positive,195306.09,Yes,2025-03-11
8029,Gaming Console,Gaming,5,Excellent build quality and smooth performance,Positive,76112.06,Yes,2025-03-21
8030,Smartwatch,Wearable,2,Poor quality and disappointing performance,Negative,49487.4,Yes,2025-08-25
8031,External SSD,Storage,5,Really happy with the purchase,Positive,4126.77,Yes,2025-01-21
8032,Mouse,Accessories,4,Good quality and easy to use,Positive,4543.47,Yes,2025-12-28
8033,Charger,Power,4,Great product with impressive features,Positive,3935.73,No,2025-12-10
8034,Camera,Camera,4,Fast performance and reliable,Positive,210212.48,Yes,2025-10-23
8035,Router,Networking,2,Product stopped working after a few days,Negative,2574.23,No,2025-12-20
8036,Bluetooth Speaker,Audio,4,Excellent product with great performance,Positive,18512.45,Yes,2025-03-25
8037,Smartphone,Mobile,5,Fast performance and reliable,Positive,108626.69,Yes,2025-11-18
8038,Smartwatch,Wearable,3,Average experience with this product,Neutral,12512.36,Yes,2025-04-04
8039,Smart TV,Home Entertainment,5,Works perfectly and looks premium,Positive,79261.43,Yes,2025-02-14
8040,Headphones,Audio,4,Excellent build quality and smooth performance,Positive,12148.01,No,2025-04-06
8041,Headphones,Audio,2,Poor quality and disappointing performance,Negative,12138.86,Yes,2025-10-10
8042,Printer,Office Electronics,5,Fast performance and reliable,Positive,30276.78,Yes,2025-12-11
8043,Headphones,Audio,5,Amazing quality and works perfectly,Positive,2293.79,Yes,2025-08-12
8044,Mouse,Accessories,4,Excellent build quality and smooth performance,Positive,7858.14,Yes,2025-03-31
8045,Monitor,Computing,2,Not worth the price,Negative,15092.9,Yes,2025-08-08
8046,Gaming Console,Gaming,2,Product has several issues,Negative,69732.38,Yes,2025-07-06
8047,Charger,Power,4,Works perfectly and looks premium,Positive,380.34,Yes,2025-07-09
8048,Power Bank,Power,2,Frequent problems while using the product,Negative,6466.59,No,2025-05-08
8049,Power Bank,Power,3,Product meets basic expectations,Neutral,3357.92,Yes,2025-02-20
8050,USB Flash Drive,Storage,4,Excellent product with great performance,Positive,3382.53,Yes,2025-05-12
8051,Charger,Power,5,Great product with impressive features,Positive,1142.11,Yes,2025-11-21
8052,Power Bank,Power,5,Really happy with the purchase,Positive,4666.47,Yes,2025-05-29
8053,Printer,Office Electronics,2,Build quality is poor,Negative,18460.01,Yes,2025-01-08
8054,Laptop,Computing,5,Excellent build quality and smooth performance,Positive,30588.7,Yes,2025-05-06
8055,USB Flash Drive,Storage,5,Very good product and worth the price,Positive,3708.16,Yes,2025-06-18
8056,Smartwatch,Wearable,4,Excellent build quality and smooth performance,Positive,7862.03,Yes,2025-08-07
8057,Bluetooth Speaker,Audio,5,Amazing quality and works perfectly,Positive,28239.36,Yes,2025-08-23
8058,Smartphone,Mobile,4,Fast performance and reliable,Positive,68897.14,Yes,2025-06-05
8059,Charger,Power,2,Battery life is very poor,Negative,307.87,Yes,2025-02-22
8060,USB Flash Drive,Storage,4,Excellent product with great performance,Positive,4741.14,Yes,2025-06-10
8061,Monitor,Computing,4,Fast performance and reliable,Positive,15825.99,Yes,2025-01-02
8062,Gaming Console,Gaming,3,Decent quality but has some limitations,Neutral,70866.76,Yes,2025-07-04
8063,Monitor,Computing,4,Excellent build quality and smooth performance,Positive,30366.56,Yes,2025-06-12
8064,External SSD,Storage,4,Really happy with the purchase,Positive,18337.67,Yes,2025-05-11
8065,Smart TV,Home Entertainment,4,Good quality and easy to use,Positive,169609.17,Yes,2025-08-30
8066,Router,Networking,5,Amazing quality and works perfectly,Positive,1953.01,Yes,2025-10-03
8067,Bluetooth Speaker,Audio,4,Fast performance and reliable,Positive,20657.69,Yes,2025-04-07
8068,USB Flash Drive,Storage,4,Amazing quality and works perfectly,Positive,998.34,No,2025-07-03
8069,Smartphone,Mobile,4,Really happy with the purchase,Positive,88236.34,Yes,2025-07-06
8070,Smart TV,Home Entertainment,4,Good quality and easy to use,Positive,44730.24,Yes,2025-07-05
8071,USB Flash Drive,Storage,4,Excellent product with great performance,Positive,403.14,Yes,2025-05-28
8072,Gaming Console,Gaming,2,Not worth the price,Negative,33549.1,Yes,2025-03-18
8073,Camera,Camera,3,"Average product, works as expected",Neutral,165791.0,Yes,2025-03-04
8074,Earbuds,Audio,4,Excellent product with great performance,Positive,24650.31,Yes,2025-01-12
8075,Keyboard,Accessories,4,Good quality and easy to use,Positive,14566.77,Yes,2025-01-20
8076,Tablet,Computing,2,Frequent problems while using the product,Negative,77112.21,No,2025-10-23
8077,Bluetooth Speaker,Audio,4,Works perfectly and looks premium,Positive,24877.75,Yes,2025-01-26
8078,Charger,Power,4,Excellent build quality and smooth performance,Positive,4407.63,Yes,2025-11-09
8079,Monitor,Computing,5,Fast performance and reliable,Positive,45098.18,Yes,2025-11-24
8080,External SSD,Storage,3,"Average product, works as expected",Neutral,9172.27,Yes,2025-03-30
8081,Printer,Office Electronics,4,Great product with impressive features,Positive,34749.31,Yes,2025-06-11
8082,Charger,Power,2,Frequent problems while using the product,Negative,965.49,Yes,2025-05-12
8083,Bluetooth Speaker,Audio,5,Really happy with the purchase,Positive,25104.93,Yes,2025-05-24
8084,Bluetooth Speaker,Audio,5,Works perfectly and looks premium,Positive,12833.06,No,2025-05-11
8085,Power Bank,Power,3,Product is okay for the price,Neutral,2718.74,Yes,2025-05-05
8086,Router,Networking,2,Not worth the price,Negative,17025.7,Yes,2025-09-07
8087,Tablet,Computing,5,Excellent product with great performance,Positive,20007.33,Yes,2025-05-31
8088,Keyboard,Accessories,2,Build quality is poor,Negative,14634.98,Yes,2025-03-10
8089,Keyboard,Accessories,3,"Average product, works as expected",Neutral,14280.97,Yes,2025-05-19
8090,Earbuds,Audio,5,"Amazing product, highly recommended",Positive,15415.31,No,2025-12-24
8091,Headphones,Audio,4,Fast performance and reliable,Positive,21507.76,Yes,2025-12-27
8092,USB Flash Drive,Storage,5,Really happy with the purchase,Positive,474.6,No,2025-01-23
8093,Keyboard,Accessories,5,Good quality and easy to use,Positive,6837.7,No,2025-07-30
8094,Charger,Power,4,Fast performance and reliable,Positive,4457.7,Yes,2025-12-22
8095,Smartphone,Mobile,4,Works perfectly and looks premium,Positive,9290.48,Yes,2025-03-12
8096,Earbuds,Audio,2,Very disappointed with the purchase,Negative,7620.19,Yes,2025-01-26
8097,Headphones,Audio,4,Great product with impressive features,Positive,10938.3,Yes,2025-03-19
8098,Bluetooth Speaker,Audio,4,Excellent product with great performance,Positive,20512.33,Yes,2025-04-26
8099,USB Flash Drive,Storage,5,"Amazing product, highly recommended",Positive,3612.74,No,2025-12-08
8100,Charger,Power,4,Amazing quality and works perfectly,Positive,606.39,Yes,2025-04-02
8101,Webcam,Computer Accessories,1,Performance is slow and unreliable,Negative,5132.79,Yes,2025-05-02
8102,Keyboard,Accessories,5,"Amazing product, highly recommended",Positive,12469.71,Yes,2025-04-05
8103,External SSD,Storage,4,Good quality and easy to use,Positive,8179.08,Yes,2025-05-23
8104,Smartwatch,Wearable,2,Frequent problems while using the product,Negative,15396.89,Yes,2025-12-30
8105,USB Flash Drive,Storage,5,Excellent product with great performance,Positive,1062.55,No,2025-01-31
8106,Camera,Camera,2,Frequent problems while using the product,Negative,194721.19,Yes,2025-06-17
8107,Smartphone,Mobile,5,Excellent product with great performance,Positive,11035.92,Yes,2025-08-13
8108,Gaming Console,Gaming,4,Excellent product with great performance,Positive,41605.22,Yes,2025-02-13
8109,Mouse,Accessories,2,Frequent problems while using the product,Negative,5463.46,Yes,2025-01-17
8110,Smartphone,Mobile,1,Frequent problems while using the product,Negative,8674.29,Yes,2025-12-25
8111,USB Flash Drive,Storage,2,Battery life is very poor,Negative,4783.73,Yes,2025-04-09
8112,Power Bank,Power,5,Really happy with the purchase,Positive,7058.88,Yes,2025-03-30
8113,Camera,Camera,3,Performance is acceptable,Neutral,170646.15,Yes,2025-05-08
8114,Charger,Power,4,Good quality and easy to use,Positive,2363.91,Yes,2025-01-27
8115,Laptop,Computing,5,Excellent product with great performance,Positive,53296.04,Yes,2025-02-23
8116,Bluetooth Speaker,Audio,4,Very good product and worth the price,Positive,16966.27,Yes,2025-01-09
8117,Router,Networking,5,Works perfectly and looks premium,Positive,5544.95,Yes,2025-07-15
8118,Bluetooth Speaker,Audio,4,Excellent build quality and smooth performance,Positive,19430.11,Yes,2025-06-19
8119,Printer,Office Electronics,5,Fast performance and reliable,Positive,11551.37,Yes,2025-04-11
8120,Bluetooth Speaker,Audio,4,Excellent build quality and smooth performance,Positive,21739.88,Yes,2025-12-02
8121,Mouse,Accessories,3,Product is okay for the price,Neutral,3432.18,Yes,2025-04-22
8122,Keyboard,Accessories,5,"Amazing product, highly recommended",Positive,7778.73,Yes,2025-01-07
8123,Smartphone,Mobile,4,Great product with impressive features,Positive,26124.47,Yes,2025-02-06
8124,USB Flash Drive,Storage,4,Good quality and easy to use,Positive,1504.5,Yes,2025-09-22
8125,Tablet,Computing,1,Performance is slow and unreliable,Negative,50519.06,Yes,2025-07-14
8126,Mouse,Accessories,2,Battery life is very poor,Negative,4744.36,Yes,2025-04-06
8127,Webcam,Computer Accessories,2,Performance is slow and unreliable,Negative,19995.78,Yes,2025-04-01
8128,Smart TV,Home Entertainment,2,Not worth the price,Negative,77052.97,Yes,2025-03-21
8129,Headphones,Audio,2,Frequent problems while using the product,Negative,2989.15,Yes,2025-06-03
8130,Monitor,Computing,3,Performance is acceptable,Neutral,44792.18,Yes,2025-09-14
8131,Charger,Power,2,Build quality is poor,Negative,1812.58,No,2025-08-21
8132,Gaming Console,Gaming,3,Product is okay for the price,Neutral,73277.72,Yes,2025-09-30
8133,Earbuds,Audio,4,Good quality and easy to use,Positive,5652.31,Yes,2025-01-16
8134,Power Bank,Power,5,Fast performance and reliable,Positive,6960.77,Yes,2025-07-24
8135,USB Flash Drive,Storage,5,Excellent build quality and smooth performance,Positive,3418.81,Yes,2025-10-07
8136,External SSD,Storage,5,Good quality and easy to use,Positive,8075.72,No,2025-03-15
8137,USB Flash Drive,Storage,4,Amazing quality and works perfectly,Positive,2204.66,No,2025-08-01
8138,Printer,Office Electronics,4,Good quality and easy to use,Positive,27159.46,Yes,2025-01-03
8139,Printer,Office Electronics,3,Nothing special but it works fine,Neutral,28480.96,Yes,2025-11-29
8140,Power Bank,Power,2,Very bad experience with this product,Negative,3659.08,Yes,2025-09-27
8141,Smart TV,Home Entertainment,5,Really happy with the purchase,Positive,123156.15,Yes,2025-08-16
8142,Mouse,Accessories,4,Excellent product with great performance,Positive,7252.39,No,2025-08-07
8143,Router,Networking,5,Really happy with the purchase,Positive,10617.49,Yes,2025-09-02
8144,Webcam,Computer Accessories,1,Performance is slow and unreliable,Negative,12446.23,Yes,2025-06-04
8145,Smartphone,Mobile,4,Really happy with the purchase,Positive,104274.68,Yes,2025-12-19
8146,Webcam,Computer Accessories,5,Excellent build quality and smooth performance,Positive,10457.28,Yes,2025-03-19
8147,USB Flash Drive,Storage,4,Excellent build quality and smooth performance,Positive,2256.61,Yes,2025-10-23
8148,Smart TV,Home Entertainment,4,Fast performance and reliable,Positive,60833.91,Yes,2025-10-06
8149,External SSD,Storage,5,Excellent product with great performance,Positive,6546.85,Yes,2025-11-02
8150,Smartwatch,Wearable,1,Frequent problems while using the product,Negative,15674.47,Yes,2025-01-26
8151,Bluetooth Speaker,Audio,3,Nothing special but it works fine,Neutral,12659.98,Yes,2025-06-12
8152,Smartphone,Mobile,4,Excellent product with great performance,Positive,93596.86,Yes,2025-08-23
8153,Camera,Camera,5,Good quality and easy to use,Positive,73921.48,Yes,2025-08-14
8154,Keyboard,Accessories,4,Good quality and easy to use,Positive,10681.12,Yes,2025-09-09
8155,Mouse,Accessories,5,Good quality and easy to use,Positive,1066.63,Yes,2025-08-20
8156,Router,Networking,1,Battery life is very poor,Negative,4009.43,Yes,2025-03-23
8157,USB Flash Drive,Storage,5,"Amazing product, highly recommended",Positive,1833.74,Yes,2025-10-30
8158,Laptop,Computing,4,Works perfectly and looks premium,Positive,100473.29,Yes,2025-06-26
8159,Webcam,Computer Accessories,3,It is okay but could be improved,Neutral,4437.64,Yes,2025-12-21
8160,Monitor,Computing,5,Works perfectly and looks premium,Positive,14290.29,Yes,2025-07-09
8161,External SSD,Storage,4,Great product with impressive features,Positive,18277.29,Yes,2025-07-16
8162,Charger,Power,4,Very good product and worth the price,Positive,2236.34,Yes,2025-08-04
8163,Keyboard,Accessories,5,Very good product and worth the price,Positive,6530.44,Yes,2025-11-14
8164,Headphones,Audio,4,"Amazing product, highly recommended",Positive,9584.43,Yes,2025-11-25
8165,Smartwatch,Wearable,4,Great product with impressive features,Positive,19505.51,Yes,2025-08-02
8166,Router,Networking,4,Good quality and easy to use,Positive,4497.42,Yes,2025-07-19
8167,Bluetooth Speaker,Audio,4,Great product with impressive features,Positive,8701.05,Yes,2025-01-20
8168,Headphones,Audio,2,Poor quality and disappointing performance,Negative,16497.05,Yes,2025-01-25
8169,Smartphone,Mobile,5,Works perfectly and looks premium,Positive,66496.69,Yes,2025-09-26
8170,USB Flash Drive,Storage,1,Poor quality and disappointing performance,Negative,4557.86,Yes,2025-05-06
8171,Monitor,Computing,5,Fast performance and reliable,Positive,67607.95,Yes,2025-06-09
8172,Bluetooth Speaker,Audio,1,Frequent problems while using the product,Negative,1007.36,Yes,2025-08-18
8173,Monitor,Computing,3,Good enough for basic use,Neutral,23002.53,Yes,2025-03-22
8174,Charger,Power,4,Fast performance and reliable,Positive,4472.17,Yes,2025-05-02
8175,Mouse,Accessories,4,Good quality and easy to use,Positive,3353.11,Yes,2025-01-16
8176,Power Bank,Power,3,Nothing special but it works fine,Neutral,4239.48,Yes,2025-10-08
8177,Earbuds,Audio,5,"Amazing product, highly recommended",Positive,17037.13,Yes,2025-07-05
8178,Earbuds,Audio,4,Amazing quality and works perfectly,Positive,13812.25,Yes,2025-03-11
8179,Printer,Office Electronics,2,Very bad experience with this product,Negative,5219.06,No,2025-08-06
8180,Keyboard,Accessories,2,Poor quality and disappointing performance,Negative,3495.17,Yes,2025-02-22
8181,Smart TV,Home Entertainment,5,Really happy with the purchase,Positive,33581.34,Yes,2025-10-12
8182,USB Flash Drive,Storage,3,Product is okay for the price,Neutral,1087.93,Yes,2025-03-26
8183,Router,Networking,2,Very bad experience with this product,Negative,3800.01,Yes,2025-04-09
8184,Power Bank,Power,4,Fast performance and reliable,Positive,5284.01,Yes,2025-11-16
8185,USB Flash Drive,Storage,5,Good quality and easy to use,Positive,2210.85,Yes,2025-09-29
8186,Laptop,Computing,4,Good quality and easy to use,Positive,39982.69,Yes,2025-09-06
8187,Mouse,Accessories,4,"Amazing product, highly recommended",Positive,1098.22,Yes,2025-08-08
8188,Router,Networking,5,Excellent product with great performance,Positive,19056.77,Yes,2025-07-09
8189,Tablet,Computing,5,Great product with impressive features,Positive,23928.58,Yes,2025-03-12
8190,Smartwatch,Wearable,4,Very good product and worth the price,Positive,13811.25,Yes,2025-04-20
8191,Laptop,Computing,3,Decent quality but has some limitations,Neutral,116144.24,Yes,2025-12-18
8192,Mouse,Accessories,5,Great product with impressive features,Positive,2114.93,Yes,2025-12-02
8193,Power Bank,Power,5,Good quality and easy to use,Positive,2222.21,Yes,2025-09-23
8194,Mouse,Accessories,4,Excellent build quality and smooth performance,Positive,1004.1,Yes,2025-11-21
8195,Laptop,Computing,5,Great product with impressive features,Positive,177123.17,Yes,2025-10-21
8196,Mouse,Accessories,4,Very good product and worth the price,Positive,6178.69,Yes,2025-05-26
8197,Printer,Office Electronics,4,Really happy with the purchase,Positive,28838.48,Yes,2025-09-19
8198,Smartphone,Mobile,5,Fast performance and reliable,Positive,107531.1,Yes,2025-10-02
8199,External SSD,Storage,1,Performance is slow and unreliable,Negative,19049.48,Yes,2025-02-20
8200,Earbuds,Audio,2,Product stopped working after a few days,Negative,6945.54,No,2025-11-30
8201,Laptop,Computing,2,Not worth the price,Negative,100838.75,Yes,2025-06-29
8202,Laptop,Computing,5,Really happy with the purchase,Positive,101636.8,Yes,2025-04-25
8203,Smartphone,Mobile,4,Fast performance and reliable,Positive,52584.91,Yes,2025-06-23
8204,Keyboard,Accessories,3,Good enough for basic use,Neutral,11427.64,Yes,2025-04-30
8205,Mouse,Accessories,3,"Average product, works as expected",Neutral,1363.92,Yes,2025-05-02
8206,Camera,Camera,4,"Amazing product, highly recommended",Positive,60823.32,No,2025-07-19
8207,Laptop,Computing,3,Performance is acceptable,Neutral,85829.44,Yes,2025-12-31
8208,Gaming Console,Gaming,4,Works perfectly and looks premium,Positive,28914.52,Yes,2025-05-30
8209,Router,Networking,2,Poor quality and disappointing performance,Negative,19760.52,Yes,2025-03-20
8210,Laptop,Computing,4,Really happy with the purchase,Positive,104369.16,Yes,2025-10-05
8211,Gaming Console,Gaming,3,Product is okay for the price,Neutral,27755.84,Yes,2025-04-18
8212,Tablet,Computing,4,"Amazing product, highly recommended",Positive,64710.66,No,2025-07-15
8213,Keyboard,Accessories,4,Good quality and easy to use,Positive,11826.02,Yes,2025-04-03
8214,Gaming Console,Gaming,4,"Amazing product, highly recommended",Positive,47424.39,No,2025-03-19
8215,Printer,Office Electronics,4,Excellent product with great performance,Positive,26623.95,Yes,2025-04-02
8216,Power Bank,Power,3,Product is okay for the price,Neutral,5844.32,Yes,2025-05-11
8217,Keyboard,Accessories,4,Works perfectly and looks premium,Positive,3890.36,Yes,2025-12-15
8218,USB Flash Drive,Storage,4,Amazing quality and works perfectly,Positive,3109.02,Yes,2025-09-03
8219,Headphones,Audio,2,Build quality is poor,Negative,19112.89,Yes,2025-09-11
8220,Headphones,Audio,4,Very good product and worth the price,Positive,24236.99,No,2025-01-20
8221,Mouse,Accessories,3,Decent quality but has some limitations,Neutral,8943.39,Yes,2025-01-04
8222,Tablet,Computing,4,Good quality and easy to use,Positive,94679.93,No,2025-05-05
8223,Smartphone,Mobile,3,Product is okay for the price,Neutral,22148.56,Yes,2025-11-20
8224,Monitor,Computing,4,Excellent product with great performance,Positive,66403.8,Yes,2025-01-06
8225,Smartwatch,Wearable,2,Very disappointed with the purchase,Negative,34258.39,Yes,2025-10-07
8226,Camera,Camera,5,Great product with impressive features,Positive,108413.83,Yes,2025-10-27
8227,Power Bank,Power,4,"Amazing product, highly recommended",Positive,7444.24,Yes,2025-04-12
8228,Mouse,Accessories,5,Really happy with the purchase,Positive,8643.14,Yes,2025-02-12
8229,Mouse,Accessories,2,Not worth the price,Negative,7811.28,Yes,2025-02-26
8230,Laptop,Computing,5,"Amazing product, highly recommended",Positive,38622.65,Yes,2025-01-29
8231,Keyboard,Accessories,4,Works perfectly and looks premium,Positive,3066.6,Yes,2025-11-04
8232,Laptop,Computing,2,Battery life is very poor,Negative,167749.38,No,2025-10-15
8233,Monitor,Computing,5,Works perfectly and looks premium,Positive,78685.5,Yes,2025-09-03
8234,Gaming Console,Gaming,5,Very good product and worth the price,Positive,40251.72,Yes,2025-02-02
8235,Smart TV,Home Entertainment,4,Amazing quality and works perfectly,Positive,66316.6,No,2025-12-13
8236,Earbuds,Audio,4,Really happy with the purchase,Positive,15452.47,Yes,2025-09-07
8237,Earbuds,Audio,3,Good enough for basic use,Neutral,2366.45,No,2025-10-30
8238,Gaming Console,Gaming,5,Really happy with the purchase,Positive,57742.35,No,2025-05-19
8239,Webcam,Computer Accessories,3,It is okay but could be improved,Neutral,19405.09,Yes,2025-03-14
8240,Earbuds,Audio,5,Works perfectly and looks premium,Positive,7775.35,Yes,2025-10-27
8241,USB Flash Drive,Storage,1,Very bad experience with this product,Negative,3790.9,No,2025-01-19
8242,Bluetooth Speaker,Audio,2,Build quality is poor,Negative,16127.1,Yes,2025-03-08
8243,Camera,Camera,4,Good quality and easy to use,Positive,89645.05,Yes,2025-02-26
8244,Headphones,Audio,5,Works perfectly and looks premium,Positive,12668.12,Yes,2025-01-31
8245,Earbuds,Audio,5,Fast performance and reliable,Positive,14001.51,Yes,2025-07-21
8246,Smart TV,Home Entertainment,4,Very good product and worth the price,Positive,155894.31,Yes,2025-03-25
8247,Monitor,Computing,3,Decent quality but has some limitations,Neutral,46018.83,No,2025-12-19
8248,Smartphone,Mobile,2,Very disappointed with the purchase,Negative,111615.71,Yes,2025-12-07
8249,External SSD,Storage,2,Performance is slow and unreliable,Negative,6157.62,Yes,2025-03-03
8250,Tablet,Computing,2,Poor quality and disappointing performance,Negative,96192.79,Yes,2025-10-30
8251,Tablet,Computing,2,Battery life is very poor,Negative,59558.63,Yes,2025-01-15
8252,USB Flash Drive,Storage,5,Excellent product with great performance,Positive,2141.53,No,2025-04-15
8253,Bluetooth Speaker,Audio,5,Great product with impressive features,Positive,3020.69,No,2025-08-29
8254,Tablet,Computing,5,Very good product and worth the price,Positive,36662.34,Yes,2025-03-17
8255,Smart TV,Home Entertainment,4,Excellent product with great performance,Positive,96017.89,Yes,2025-01-29
8256,Earbuds,Audio,3,Features are satisfactory,Neutral,23458.13,Yes,2025-02-27
8257,Camera,Camera,4,Great product with impressive features,Positive,195195.7,Yes,2025-08-29
8258,Earbuds,Audio,2,Very bad experience with this product,Negative,1946.6,Yes,2025-03-22
8259,Charger,Power,4,Fast performance and reliable,Positive,1841.1,Yes,2025-03-31
8260,Gaming Console,Gaming,5,Fast performance and reliable,Positive,52028.78,Yes,2025-03-16
8261,External SSD,Storage,3,Performance is acceptable,Neutral,25952.3,No,2025-11-18
8262,Keyboard,Accessories,5,Great product with impressive features,Positive,11758.2,Yes,2025-11-21
8263,Camera,Camera,1,Performance is slow and unreliable,Negative,73630.99,Yes,2025-10-21
8264,USB Flash Drive,Storage,3,"Average product, works as expected",Neutral,537.16,Yes,2025-01-08
8265,USB Flash Drive,Storage,3,Average experience with this product,Neutral,922.16,Yes,2025-04-02
8266,Router,Networking,2,Very bad experience with this product,Negative,10562.5,No,2025-11-18
8267,Monitor,Computing,4,Good quality and easy to use,Positive,12650.94,No,2025-07-22
8268,Power Bank,Power,5,Good quality and easy to use,Positive,2598.26,Yes,2025-01-16
8269,Smart TV,Home Entertainment,4,Very good product and worth the price,Positive,166949.32,Yes,2025-04-01
8270,Headphones,Audio,5,Excellent build quality and smooth performance,Positive,12357.62,Yes,2025-10-29
8271,Gaming Console,Gaming,5,Great product with impressive features,Positive,79788.06,Yes,2025-11-17
8272,External SSD,Storage,3,Average experience with this product,Neutral,23411.53,Yes,2025-06-05
8273,Mouse,Accessories,4,Good quality and easy to use,Positive,2869.71,Yes,2025-02-25
8274,Printer,Office Electronics,4,Great product with impressive features,Positive,5340.67,No,2025-01-29
8275,Keyboard,Accessories,5,Fast performance and reliable,Positive,8144.51,No,2025-03-24
8276,USB Flash Drive,Storage,5,Works perfectly and looks premium,Positive,3617.52,Yes,2025-10-19
8277,Camera,Camera,4,Works perfectly and looks premium,Positive,130678.69,Yes,2025-10-29
8278,Laptop,Computing,5,Works perfectly and looks premium,Positive,165975.7,Yes,2025-04-04
8279,USB Flash Drive,Storage,1,Very disappointed with the purchase,Negative,3909.37,Yes,2025-12-23
8280,Gaming Console,Gaming,2,Not worth the price,Negative,53614.8,Yes,2025-11-17
8281,Headphones,Audio,3,Nothing special but it works fine,Neutral,1058.26,Yes,2025-12-27
8282,Router,Networking,4,Very good product and worth the price,Positive,7426.69,No,2025-10-02
8283,Power Bank,Power,1,Product has several issues,Negative,4359.74,Yes,2025-07-29
8284,Webcam,Computer Accessories,1,Product stopped working after a few days,Negative,5754.45,Yes,2025-12-25
8285,Bluetooth Speaker,Audio,4,Very good product and worth the price,Positive,25259.44,No,2025-09-09
8286,Earbuds,Audio,5,"Amazing product, highly recommended",Positive,10899.54,Yes,2025-10-31
8287,Laptop,Computing,4,Excellent product with great performance,Positive,60570.07,Yes,2025-05-28
8288,External SSD,Storage,5,Very good product and worth the price,Positive,24035.68,Yes,2025-03-29
8289,Smart TV,Home Entertainment,2,Battery life is very poor,Negative,127532.5,Yes,2025-07-29
8290,Gaming Console,Gaming,5,Works perfectly and looks premium,Positive,35839.31,Yes,2025-05-30
8291,Monitor,Computing,4,Works perfectly and looks premium,Positive,45423.21,Yes,2025-05-09
8292,Printer,Office Electronics,1,Poor quality and disappointing performance,Negative,36253.46,Yes,2025-09-12
8293,Earbuds,Audio,4,"Amazing product, highly recommended",Positive,11486.62,Yes,2025-08-11
8294,Gaming Console,Gaming,5,Really happy with the purchase,Positive,41631.01,Yes,2025-04-26
8295,Charger,Power,4,Really happy with the purchase,Positive,3541.44,Yes,2025-03-30
8296,Printer,Office Electronics,3,Nothing special but it works fine,Neutral,35926.97,No,2025-07-19
8297,Smart TV,Home Entertainment,4,"Amazing product, highly recommended",Positive,18133.42,Yes,2025-04-30
8298,Monitor,Computing,4,Amazing quality and works perfectly,Positive,23325.27,Yes,2025-03-28
8299,Laptop,Computing,4,Great product with impressive features,Positive,126947.41,Yes,2025-03-23
8300,Smartwatch,Wearable,4,"Amazing product, highly recommended",Positive,12371.02,Yes,2025-08-30
8301,Router,Networking,3,Nothing special but it works fine,Neutral,19290.44,Yes,2025-06-01
8302,Monitor,Computing,4,"Amazing product, highly recommended",Positive,18046.53,Yes,2025-05-05
8303,Tablet,Computing,5,Fast performance and reliable,Positive,77339.45,Yes,2025-02-12
8304,USB Flash Drive,Storage,5,Great product with impressive features,Positive,4992.12,Yes,2025-01-21
8305,Camera,Camera,3,It is okay but could be improved,Neutral,102980.16,Yes,2025-09-11
8306,Tablet,Computing,5,Really happy with the purchase,Positive,64281.46,Yes,2025-12-20
8307,Router,Networking,2,Poor quality and disappointing performance,Negative,3008.53,Yes,2025-04-29
8308,Camera,Camera,3,Product meets basic expectations,Neutral,164910.29,Yes,2025-11-05
8309,Smart TV,Home Entertainment,2,Very disappointed with the purchase,Negative,197691.71,Yes,2025-08-08
8310,Smart TV,Home Entertainment,5,Excellent product with great performance,Positive,194978.95,Yes,2025-04-21
8311,Smart TV,Home Entertainment,5,Excellent build quality and smooth performance,Positive,91178.97,Yes,2025-07-26
8312,Printer,Office Electronics,2,Product stopped working after a few days,Negative,41927.92,Yes,2025-02-17
8313,External SSD,Storage,3,Features are satisfactory,Neutral,25318.19,No,2025-05-04
8314,Gaming Console,Gaming,5,Very good product and worth the price,Positive,42999.66,Yes,2025-09-26
8315,Power Bank,Power,3,Features are satisfactory,Neutral,6723.78,No,2025-11-07
8316,External SSD,Storage,1,Product stopped working after a few days,Negative,7384.92,Yes,2025-03-22
8317,Smart TV,Home Entertainment,4,Excellent build quality and smooth performance,Positive,196092.65,Yes,2025-11-29
8318,Tablet,Computing,4,Good quality and easy to use,Positive,87775.31,Yes,2025-08-09
8319,Tablet,Computing,4,Fast performance and reliable,Positive,55953.39,Yes,2025-03-25
8320,Mouse,Accessories,4,Works perfectly and looks premium,Positive,4037.62,Yes,2025-10-12
8321,Earbuds,Audio,5,Works perfectly and looks premium,Positive,23675.74,Yes,2025-11-18
8322,Power Bank,Power,2,Not worth the price,Negative,1312.11,Yes,2025-04-10
8323,Bluetooth Speaker,Audio,5,Fast performance and reliable,Positive,15352.98,Yes,2025-02-08
8324,External SSD,Storage,4,Great product with impressive features,Positive,16147.57,Yes,2025-04-14
8325,Printer,Office Electronics,2,Not worth the price,Negative,22159.61,Yes,2025-10-04
8326,Earbuds,Audio,5,Really happy with the purchase,Positive,3259.38,Yes,2025-01-23
8327,External SSD,Storage,3,Nothing special but it works fine,Neutral,9787.3,No,2025-04-16
8328,Tablet,Computing,3,"Average product, works as expected",Neutral,98480.64,No,2025-04-27
8329,External SSD,Storage,4,Works perfectly and looks premium,Positive,24814.69,Yes,2025-01-07
8330,Gaming Console,Gaming,4,"Amazing product, highly recommended",Positive,71105.57,Yes,2025-08-07
8331,Router,Networking,5,Excellent product with great performance,Positive,10681.1,No,2025-10-22
8332,Mouse,Accessories,4,Really happy with the purchase,Positive,6719.71,Yes,2025-02-26
8333,Tablet,Computing,3,Average experience with this product,Neutral,55450.53,No,2025-11-20
8334,USB Flash Drive,Storage,5,Very good product and worth the price,Positive,3483.59,Yes,2025-12-14
8335,Tablet,Computing,2,Battery life is very poor,Negative,87712.16,Yes,2025-11-14
8336,Mouse,Accessories,5,Very good product and worth the price,Positive,2653.17,Yes,2025-09-21
8337,Smartwatch,Wearable,4,Excellent build quality and smooth performance,Positive,47618.32,Yes,2025-06-13
8338,USB Flash Drive,Storage,5,Excellent product with great performance,Positive,4593.98,Yes,2025-03-16
8339,Charger,Power,4,Excellent build quality and smooth performance,Positive,2270.67,Yes,2025-11-30
8340,Power Bank,Power,4,"Amazing product, highly recommended",Positive,7833.06,Yes,2025-07-13
8341,Bluetooth Speaker,Audio,1,Product has several issues,Negative,26569.71,Yes,2025-06-14
8342,External SSD,Storage,3,Decent quality but has some limitations,Neutral,4082.09,Yes,2025-05-23
8343,Headphones,Audio,5,Really happy with the purchase,Positive,1742.37,No,2025-03-21
8344,Router,Networking,5,Great product with impressive features,Positive,14438.41,Yes,2025-05-20
8345,Smart TV,Home Entertainment,4,Amazing quality and works perfectly,Positive,159979.31,No,2025-10-19
8346,Earbuds,Audio,2,Very bad experience with this product,Negative,6592.83,Yes,2025-07-24
8347,Gaming Console,Gaming,3,It is okay but could be improved,Neutral,52430.52,Yes,2025-05-25
8348,Bluetooth Speaker,Audio,4,Really happy with the purchase,Positive,16546.05,Yes,2025-02-09
8349,Webcam,Computer Accessories,5,Good quality and easy to use,Positive,9466.32,Yes,2025-06-01
8350,Printer,Office Electronics,4,Very good product and worth the price,Positive,8110.51,Yes,2025-03-20
8351,Bluetooth Speaker,Audio,2,Poor quality and disappointing performance,Negative,7191.77,Yes,2025-05-26
8352,Headphones,Audio,1,Frequent problems while using the product,Negative,24528.07,No,2025-02-24
8353,Laptop,Computing,4,Fast performance and reliable,Positive,40963.03,No,2025-12-12
8354,Gaming Console,Gaming,2,Battery life is very poor,Negative,59217.74,Yes,2025-03-05
8355,Webcam,Computer Accessories,4,Very good product and worth the price,Positive,13049.01,Yes,2025-02-15
8356,Tablet,Computing,4,Excellent build quality and smooth performance,Positive,96084.11,Yes,2025-08-28
8357,USB Flash Drive,Storage,3,Average experience with this product,Neutral,4941.02,Yes,2025-05-06
8358,External SSD,Storage,3,It is okay but could be improved,Neutral,28516.15,Yes,2025-12-30
8359,Mouse,Accessories,4,Very good product and worth the price,Positive,5550.82,Yes,2025-05-28
8360,Headphones,Audio,4,"Amazing product, highly recommended",Positive,1732.38,Yes,2025-08-26
8361,Gaming Console,Gaming,3,Product is okay for the price,Neutral,40251.53,Yes,2025-11-01
8362,Charger,Power,2,Build quality is poor,Negative,2534.83,No,2025-12-26
8363,USB Flash Drive,Storage,4,Excellent build quality and smooth performance,Positive,483.86,Yes,2025-10-23
8364,Charger,Power,5,Really happy with the purchase,Positive,474.36,Yes,2025-07-30
8365,Smartphone,Mobile,5,Very good product and worth the price,Positive,44290.58,Yes,2025-10-25
8366,Headphones,Audio,2,Battery life is very poor,Negative,11926.67,Yes,2025-04-14
8367,Monitor,Computing,4,Excellent build quality and smooth performance,Positive,48982.48,Yes,2025-11-14
8368,Mouse,Accessories,3,Average experience with this product,Neutral,9348.72,Yes,2025-11-15
8369,Bluetooth Speaker,Audio,4,Great product with impressive features,Positive,12222.37,Yes,2025-05-21
8370,Printer,Office Electronics,5,Great product with impressive features,Positive,7164.08,Yes,2025-01-25
8371,Earbuds,Audio,4,Works perfectly and looks premium,Positive,13731.07,Yes,2025-09-07
8372,Gaming Console,Gaming,3,"Average product, works as expected",Neutral,44687.93,Yes,2025-02-07
8373,Monitor,Computing,4,Really happy with the purchase,Positive,72681.66,Yes,2025-01-07
8374,Smart TV,Home Entertainment,3,Decent quality but has some limitations,Neutral,94827.14,Yes,2025-12-12
8375,Webcam,Computer Accessories,3,Product meets basic expectations,Neutral,7114.15,Yes,2025-07-27
8376,External SSD,Storage,5,Fast performance and reliable,Positive,22544.77,No,2025-08-26
8377,External SSD,Storage,3,Average experience with this product,Neutral,16317.83,Yes,2025-11-18
8378,Camera,Camera,4,Amazing quality and works perfectly,Positive,149897.29,Yes,2025-12-06
8379,Charger,Power,3,Performance is acceptable,Neutral,1014.72,No,2025-12-16
8380,Charger,Power,4,Works perfectly and looks premium,Positive,2063.41,Yes,2025-02-18
8381,Smartphone,Mobile,4,Fast performance and reliable,Positive,13199.49,Yes,2025-04-29
8382,Webcam,Computer Accessories,4,Works perfectly and looks premium,Positive,15342.7,Yes,2025-10-08
8383,Smart TV,Home Entertainment,3,Features are satisfactory,Neutral,60432.61,No,2025-01-11
8384,Power Bank,Power,4,Good quality and easy to use,Positive,1667.71,Yes,2025-03-27
8385,Printer,Office Electronics,4,Amazing quality and works perfectly,Positive,31528.04,Yes,2025-07-07
8386,Keyboard,Accessories,3,It is okay but could be improved,Neutral,8901.73,No,2025-05-06
8387,Tablet,Computing,4,Works perfectly and looks premium,Positive,38421.78,Yes,2025-03-05
8388,USB Flash Drive,Storage,2,Battery life is very poor,Negative,4823.05,Yes,2025-11-25
8389,Power Bank,Power,4,Very good product and worth the price,Positive,5375.75,Yes,2025-06-13
8390,Webcam,Computer Accessories,4,Fast performance and reliable,Positive,18601.48,Yes,2025-05-31
8391,Headphones,Audio,3,Nothing special but it works fine,Neutral,9367.57,Yes,2025-08-28
8392,Mouse,Accessories,4,Excellent product with great performance,Positive,5652.49,Yes,2025-09-02
8393,Gaming Console,Gaming,4,Fast performance and reliable,Positive,47743.64,Yes,2025-06-29
8394,Tablet,Computing,4,Fast performance and reliable,Positive,47195.5,Yes,2025-11-20
8395,Smart TV,Home Entertainment,5,Excellent build quality and smooth performance,Positive,23836.95,Yes,2025-04-19
8396,Camera,Camera,3,Features are satisfactory,Neutral,74418.19,Yes,2025-11-14
8397,Smartwatch,Wearable,4,Fast performance and reliable,Positive,43662.28,No,2025-11-13
8398,Router,Networking,5,Fast performance and reliable,Positive,17147.25,Yes,2025-01-04
8399,Printer,Office Electronics,4,Great product with impressive features,Positive,9729.41,No,2025-10-03
8400,Monitor,Computing,4,Good quality and easy to use,Positive,7342.96,No,2025-02-27
8401,Camera,Camera,5,Works perfectly and looks premium,Positive,47960.3,Yes,2025-06-27
8402,Router,Networking,5,Works perfectly and looks premium,Positive,13137.23,Yes,2025-12-02
8403,Tablet,Computing,2,Poor quality and disappointing performance,Negative,31584.06,No,2025-03-13
8404,Power Bank,Power,5,Very good product and worth the price,Positive,6290.89,Yes,2025-07-25
8405,Charger,Power,4,Really happy with the purchase,Positive,327.4,Yes,2025-10-11
8406,Bluetooth Speaker,Audio,3,It is okay but could be improved,Neutral,21700.56,Yes,2025-06-25
8407,Earbuds,Audio,5,Great product with impressive features,Positive,22216.57,No,2025-01-29
8408,Camera,Camera,2,Not worth the price,Negative,35081.46,Yes,2025-01-24
8409,External SSD,Storage,2,Frequent problems while using the product,Negative,26419.66,Yes,2025-07-09
8410,Monitor,Computing,2,Frequent problems while using the product,Negative,73922.29,No,2025-01-10
8411,Tablet,Computing,5,Amazing quality and works perfectly,Positive,58225.61,Yes,2025-01-06
8412,External SSD,Storage,4,Great product with impressive features,Positive,10682.28,Yes,2025-12-14
8413,Smartwatch,Wearable,3,Average experience with this product,Neutral,28796.49,Yes,2025-07-14
8414,Smartphone,Mobile,5,Works perfectly and looks premium,Positive,42785.71,No,2025-06-22
8415,Bluetooth Speaker,Audio,5,Really happy with the purchase,Positive,28049.73,Yes,2025-02-06
8416,USB Flash Drive,Storage,4,Fast performance and reliable,Positive,2855.07,Yes,2025-10-15
8417,External SSD,Storage,5,Fast performance and reliable,Positive,24565.02,Yes,2025-07-06
8418,Bluetooth Speaker,Audio,4,Great product with impressive features,Positive,18611.13,Yes,2025-03-22
8419,Power Bank,Power,3,Product meets basic expectations,Neutral,2876.53,Yes,2025-10-02
8420,Smart TV,Home Entertainment,5,Very good product and worth the price,Positive,107524.0,Yes,2025-03-28
8421,Router,Networking,3,Good enough for basic use,Neutral,17717.94,Yes,2025-07-03
8422,External SSD,Storage,5,Fast performance and reliable,Positive,13337.57,Yes,2025-07-24
8423,Laptop,Computing,4,Very good product and worth the price,Positive,81199.78,Yes,2025-04-12
8424,Headphones,Audio,4,Excellent product with great performance,Positive,28714.7,Yes,2025-11-16
8425,Tablet,Computing,1,Frequent problems while using the product,Negative,40065.49,No,2025-09-14
8426,Smart TV,Home Entertainment,4,Fast performance and reliable,Positive,174007.7,Yes,2025-04-16
8427,Bluetooth Speaker,Audio,4,Good quality and easy to use,Positive,6005.8,Yes,2025-02-27
8428,Mouse,Accessories,4,Great product with impressive features,Positive,7979.73,Yes,2025-05-01
8429,Charger,Power,3,Good enough for basic use,Neutral,3191.92,No,2025-06-19
8430,Power Bank,Power,4,Very good product and worth the price,Positive,1665.42,Yes,2025-07-20
8431,Laptop,Computing,5,Good quality and easy to use,Positive,39591.77,Yes,2025-05-27
8432,Webcam,Computer Accessories,3,Product is okay for the price,Neutral,6667.84,Yes,2025-01-15
8433,Monitor,Computing,2,Product has several issues,Negative,54651.74,Yes,2025-09-04
8434,Webcam,Computer Accessories,2,Performance is slow and unreliable,Negative,7842.16,Yes,2025-05-19
8435,External SSD,Storage,5,Excellent build quality and smooth performance,Positive,10321.11,Yes,2025-05-03
8436,Gaming Console,Gaming,4,Amazing quality and works perfectly,Positive,57002.52,Yes,2025-07-23
8437,Router,Networking,3,"Average product, works as expected",Neutral,19098.54,Yes,2025-11-01
8438,Smart TV,Home Entertainment,2,Performance is slow and unreliable,Negative,37542.76,Yes,2025-01-02
8439,Bluetooth Speaker,Audio,5,Really happy with the purchase,Positive,19621.77,Yes,2025-12-17
8440,Bluetooth Speaker,Audio,3,It is okay but could be improved,Neutral,27442.14,Yes,2025-08-21
8441,Gaming Console,Gaming,5,Great product with impressive features,Positive,54760.53,Yes,2025-07-19
8442,Headphones,Audio,4,Excellent build quality and smooth performance,Positive,28943.5,Yes,2025-01-19
8443,USB Flash Drive,Storage,5,Amazing quality and works perfectly,Positive,3110.1,Yes,2025-09-17
8444,Smartphone,Mobile,4,Amazing quality and works perfectly,Positive,83331.43,Yes,2025-09-20
8445,Printer,Office Electronics,1,Build quality is poor,Negative,40607.6,Yes,2025-07-24
8446,Bluetooth Speaker,Audio,4,Good quality and easy to use,Positive,6631.93,Yes,2025-10-20
8447,Smartphone,Mobile,5,Fast performance and reliable,Positive,70741.52,Yes,2025-11-03
8448,Camera,Camera,5,Very good product and worth the price,Positive,163209.27,Yes,2025-11-03
8449,Earbuds,Audio,2,Product stopped working after a few days,Negative,3443.62,Yes,2025-04-30
8450,Bluetooth Speaker,Audio,3,Good enough for basic use,Neutral,14100.94,Yes,2025-09-03
8451,Mouse,Accessories,2,Performance is slow and unreliable,Negative,7775.58,Yes,2025-01-21
8452,Charger,Power,4,Excellent product with great performance,Positive,491.32,No,2025-07-24
8453,Tablet,Computing,3,Average experience with this product,Neutral,47214.28,Yes,2025-02-23
8454,Smartphone,Mobile,5,Great product with impressive features,Positive,24320.38,Yes,2025-04-23
8455,Mouse,Accessories,3,It is okay but could be improved,Neutral,2004.76,Yes,2025-09-04
8456,Monitor,Computing,2,Poor quality and disappointing performance,Negative,43930.51,Yes,2025-06-04
8457,Charger,Power,2,Battery life is very poor,Negative,438.56,Yes,2025-11-12
8458,Router,Networking,5,Really happy with the purchase,Positive,9074.18,Yes,2025-02-01
8459,Camera,Camera,3,Product is okay for the price,Neutral,30783.66,Yes,2025-12-21
8460,Tablet,Computing,4,Amazing quality and works perfectly,Positive,93300.41,Yes,2025-09-16
8461,Smart TV,Home Entertainment,3,It is okay but could be improved,Neutral,178346.48,Yes,2025-06-07
8462,Router,Networking,5,Great product with impressive features,Positive,5021.13,Yes,2025-01-10
8463,Smartphone,Mobile,3,Good enough for basic use,Neutral,15370.09,Yes,2025-01-16
8464,External SSD,Storage,5,Great product with impressive features,Positive,9767.16,Yes,2025-05-31
8465,Printer,Office Electronics,4,Excellent build quality and smooth performance,Positive,6277.64,No,2025-07-28
8466,Charger,Power,5,Fast performance and reliable,Positive,3753.51,Yes,2025-07-04
8467,USB Flash Drive,Storage,4,Excellent product with great performance,Positive,2997.3,Yes,2025-04-19
8468,Printer,Office Electronics,5,Great product with impressive features,Positive,29472.78,Yes,2025-08-26
8469,Smart TV,Home Entertainment,4,Really happy with the purchase,Positive,172614.86,Yes,2025-08-13
8470,Smart TV,Home Entertainment,4,Good quality and easy to use,Positive,164722.8,Yes,2025-05-06
8471,Smartwatch,Wearable,5,Excellent product with great performance,Positive,21330.76,Yes,2025-04-29
8472,Smartphone,Mobile,2,Product stopped working after a few days,Negative,76357.73,Yes,2025-06-11
8473,Gaming Console,Gaming,3,Decent quality but has some limitations,Neutral,49299.44,Yes,2025-09-29
8474,Gaming Console,Gaming,4,Very good product and worth the price,Positive,59320.53,Yes,2025-08-03
8475,Charger,Power,3,Product meets basic expectations,Neutral,1012.17,Yes,2025-02-16
8476,Headphones,Audio,4,Good quality and easy to use,Positive,9352.37,Yes,2025-12-03
8477,Webcam,Computer Accessories,2,Very disappointed with the purchase,Negative,5785.79,Yes,2025-03-15
8478,Keyboard,Accessories,4,Very good product and worth the price,Positive,2928.27,Yes,2025-09-03
8479,Router,Networking,5,Excellent build quality and smooth performance,Positive,8862.92,Yes,2025-01-07
8480,Camera,Camera,3,Performance is acceptable,Neutral,188462.36,Yes,2025-04-03
8481,Printer,Office Electronics,3,Decent quality but has some limitations,Neutral,22822.55,No,2025-07-26
8482,Router,Networking,1,Poor quality and disappointing performance,Negative,19670.08,Yes,2025-11-06
8483,Camera,Camera,5,Amazing quality and works perfectly,Positive,92970.4,Yes,2025-07-25
8484,USB Flash Drive,Storage,2,Poor quality and disappointing performance,Negative,4756.21,Yes,2025-01-21
8485,Laptop,Computing,5,Amazing quality and works perfectly,Positive,59033.05,Yes,2025-12-15
8486,Router,Networking,4,Good quality and easy to use,Positive,7094.72,No,2025-04-10
8487,Charger,Power,4,Excellent build quality and smooth performance,Positive,1071.18,Yes,2025-05-14
8488,External SSD,Storage,2,Product has several issues,Negative,9423.57,Yes,2025-02-09
8489,Headphones,Audio,3,Good enough for basic use,Neutral,5134.79,No,2025-09-12
8490,Charger,Power,5,"Amazing product, highly recommended",Positive,3236.69,Yes,2025-06-13
8491,Earbuds,Audio,5,Good quality and easy to use,Positive,5415.07,Yes,2025-03-22
8492,Tablet,Computing,5,Excellent build quality and smooth performance,Positive,17661.89,Yes,2025-08-21
8493,Charger,Power,3,Features are satisfactory,Neutral,1552.18,No,2025-03-13
8494,Smartphone,Mobile,5,Fast performance and reliable,Positive,83980.81,No,2025-07-13
8495,Laptop,Computing,2,Battery life is very poor,Negative,94294.7,Yes,2025-08-31
8496,Power Bank,Power,4,Very good product and worth the price,Positive,1924.34,Yes,2025-10-24
8497,Printer,Office Electronics,5,"Amazing product, highly recommended",Positive,7855.26,Yes,2025-09-11
8498,Router,Networking,5,Excellent product with great performance,Positive,14857.74,Yes,2025-07-27
8499,Smartphone,Mobile,3,Features are satisfactory,Neutral,86860.28,Yes,2025-01-13
8500,Tablet,Computing,3,Nothing special but it works fine,Neutral,51537.22,Yes,2025-03-26
8501,Keyboard,Accessories,5,Amazing quality and works perfectly,Positive,8152.36,Yes,2025-07-30
8502,Keyboard,Accessories,4,Amazing quality and works perfectly,Positive,3987.15,No,2025-07-15
8503,Smartphone,Mobile,2,Performance is slow and unreliable,Negative,62357.72,Yes,2025-07-14
8504,Earbuds,Audio,5,Works perfectly and looks premium,Positive,18350.86,Yes,2025-09-26
8505,Tablet,Computing,3,Product meets basic expectations,Neutral,79437.94,Yes,2025-11-27
8506,Charger,Power,4,Very good product and worth the price,Positive,1900.33,No,2025-07-03
8507,Gaming Console,Gaming,4,Really happy with the purchase,Positive,62336.78,Yes,2025-02-19
8508,Monitor,Computing,4,"Amazing product, highly recommended",Positive,41999.85,No,2025-06-11
8509,Charger,Power,4,"Amazing product, highly recommended",Positive,3774.88,Yes,2025-04-03
8510,Headphones,Audio,4,Fast performance and reliable,Positive,20878.03,Yes,2025-07-13
8511,Printer,Office Electronics,2,Battery life is very poor,Negative,38766.05,Yes,2025-08-04
8512,Smartphone,Mobile,3,Product is okay for the price,Neutral,26466.94,Yes,2025-07-20
8513,Power Bank,Power,4,Excellent build quality and smooth performance,Positive,3119.28,Yes,2025-08-01
8514,Bluetooth Speaker,Audio,4,Amazing quality and works perfectly,Positive,8537.53,Yes,2025-04-24
8515,Mouse,Accessories,3,Decent quality but has some limitations,Neutral,4636.57,Yes,2025-03-06
8516,Power Bank,Power,1,Not worth the price,Negative,4147.37,Yes,2025-11-08
8517,Camera,Camera,4,Fast performance and reliable,Positive,175144.12,Yes,2025-05-27
8518,Webcam,Computer Accessories,3,"Average product, works as expected",Neutral,11822.54,Yes,2025-03-17
8519,Charger,Power,1,Product stopped working after a few days,Negative,3025.41,Yes,2025-12-30
8520,Headphones,Audio,5,Really happy with the purchase,Positive,19173.05,Yes,2025-01-12
8521,Power Bank,Power,2,Very bad experience with this product,Negative,2764.81,No,2025-05-07
8522,Power Bank,Power,4,Fast performance and reliable,Positive,2428.15,Yes,2025-09-28
8523,Printer,Office Electronics,4,Works perfectly and looks premium,Positive,14683.48,Yes,2025-05-30
8524,Charger,Power,3,Average experience with this product,Neutral,3963.41,No,2025-11-04
8525,Printer,Office Electronics,5,"Amazing product, highly recommended",Positive,9376.78,Yes,2025-05-11
8526,Camera,Camera,5,Fast performance and reliable,Positive,96120.86,Yes,2025-08-23
8527,Charger,Power,3,Decent quality but has some limitations,Neutral,1617.28,No,2025-06-06
8528,Bluetooth Speaker,Audio,2,Not worth the price,Negative,18084.23,No,2025-06-21
8529,Earbuds,Audio,4,Works perfectly and looks premium,Positive,23142.69,Yes,2025-07-01
8530,Laptop,Computing,2,Poor quality and disappointing performance,Negative,161789.2,Yes,2025-12-22
8531,Power Bank,Power,4,Fast performance and reliable,Positive,1558.79,Yes,2025-10-05
8532,Webcam,Computer Accessories,1,Very disappointed with the purchase,Negative,11263.99,No,2025-05-16
8533,Smartphone,Mobile,4,Very good product and worth the price,Positive,12166.11,Yes,2025-06-02
8534,Smart TV,Home Entertainment,5,Good quality and easy to use,Positive,161595.14,Yes,2025-05-29
8535,Printer,Office Electronics,4,Great product with impressive features,Positive,21862.32,Yes,2025-09-26
8536,Keyboard,Accessories,2,Battery life is very poor,Negative,3615.54,Yes,2025-08-04
8537,Bluetooth Speaker,Audio,4,Excellent product with great performance,Positive,14935.78,No,2025-07-15
8538,Charger,Power,5,Very good product and worth the price,Positive,2344.99,Yes,2025-06-07
8539,Printer,Office Electronics,5,Great product with impressive features,Positive,47440.78,Yes,2025-05-26
8540,Smartphone,Mobile,3,It is okay but could be improved,Neutral,11716.91,Yes,2025-07-22
8541,Keyboard,Accessories,5,Excellent product with great performance,Positive,14274.77,Yes,2025-10-31
8542,Smartphone,Mobile,1,Not worth the price,Negative,34249.58,Yes,2025-12-19
8543,Camera,Camera,3,Product meets basic expectations,Neutral,57632.24,No,2025-01-23
8544,Laptop,Computing,3,Decent quality but has some limitations,Neutral,141273.57,Yes,2025-03-28
8545,Bluetooth Speaker,Audio,5,Fast performance and reliable,Positive,16059.25,Yes,2025-09-08
8546,Router,Networking,3,Product meets basic expectations,Neutral,18017.3,Yes,2025-02-24
8547,External SSD,Storage,4,Excellent build quality and smooth performance,Positive,17651.2,Yes,2025-08-11
8548,Headphones,Audio,3,Product is okay for the price,Neutral,15411.29,Yes,2025-06-04
8549,Power Bank,Power,1,Not worth the price,Negative,2284.37,Yes,2025-03-11
8550,Smartwatch,Wearable,4,Good quality and easy to use,Positive,47564.03,Yes,2025-07-03
8551,Charger,Power,5,Really happy with the purchase,Positive,3423.1,Yes,2025-07-05
8552,Smartphone,Mobile,2,Very disappointed with the purchase,Negative,75375.7,Yes,2025-09-18
8553,USB Flash Drive,Storage,5,Great product with impressive features,Positive,4013.26,Yes,2025-10-29
8554,Smartphone,Mobile,3,Product is okay for the price,Neutral,19342.35,Yes,2025-12-15
8555,Camera,Camera,4,Amazing quality and works perfectly,Positive,219943.03,Yes,2025-06-10
8556,Keyboard,Accessories,2,Poor quality and disappointing performance,Negative,7757.0,Yes,2025-09-09
8557,Headphones,Audio,3,Good enough for basic use,Neutral,24165.29,Yes,2025-10-15
8558,Power Bank,Power,5,Amazing quality and works perfectly,Positive,5930.94,Yes,2025-12-27
8559,Tablet,Computing,3,Features are satisfactory,Neutral,50613.39,Yes,2025-08-26
8560,Charger,Power,5,Great product with impressive features,Positive,3917.64,Yes,2025-03-31
8561,Camera,Camera,4,Excellent product with great performance,Positive,187155.51,No,2025-05-05
8562,Mouse,Accessories,5,Really happy with the purchase,Positive,336.1,Yes,2025-03-18
8563,Monitor,Computing,3,Average experience with this product,Neutral,58484.31,Yes,2025-03-14
8564,Mouse,Accessories,4,Amazing quality and works perfectly,Positive,5235.25,No,2025-04-22
8565,Smart TV,Home Entertainment,4,Really happy with the purchase,Positive,170302.11,Yes,2025-07-01
8566,External SSD,Storage,1,Frequent problems while using the product,Negative,24860.4,Yes,2025-10-15
8567,Smartphone,Mobile,4,Good quality and easy to use,Positive,27112.63,Yes,2025-04-17
8568,Earbuds,Audio,5,Fast performance and reliable,Positive,1033.09,Yes,2025-03-10
8569,Smartphone,Mobile,2,Product stopped working after a few days,Negative,29988.45,No,2025-02-16
8570,Headphones,Audio,5,Very good product and worth the price,Positive,22363.2,Yes,2025-03-13
8571,External SSD,Storage,4,Very good product and worth the price,Positive,26526.49,Yes,2025-06-07
8572,Printer,Office Electronics,1,Poor quality and disappointing performance,Negative,36525.83,Yes,2025-05-31
8573,Mouse,Accessories,5,Amazing quality and works perfectly,Positive,8259.7,No,2025-05-26
8574,Gaming Console,Gaming,4,Great product with impressive features,Positive,57298.25,Yes,2025-04-26
8575,Monitor,Computing,5,"Amazing product, highly recommended",Positive,43482.53,Yes,2025-06-15
8576,Mouse,Accessories,2,Product stopped working after a few days,Negative,9712.53,Yes,2025-08-24
8577,USB Flash Drive,Storage,4,Good quality and easy to use,Positive,678.77,Yes,2025-01-17
8578,Earbuds,Audio,3,Product meets basic expectations,Neutral,10823.18,Yes,2025-11-21
8579,Bluetooth Speaker,Audio,4,Really happy with the purchase,Positive,8919.27,Yes,2025-04-22
8580,Tablet,Computing,2,Battery life is very poor,Negative,20984.59,Yes,2025-02-20
8581,Headphones,Audio,5,Amazing quality and works perfectly,Positive,18364.52,Yes,2025-03-05
8582,Smartphone,Mobile,1,Battery life is very poor,Negative,37484.04,Yes,2025-07-19
8583,USB Flash Drive,Storage,5,Really happy with the purchase,Positive,2475.93,Yes,2025-07-10
8584,Printer,Office Electronics,4,Excellent build quality and smooth performance,Positive,11146.49,Yes,2025-02-02
8585,Keyboard,Accessories,5,Very good product and worth the price,Positive,6154.8,Yes,2025-07-02
8586,Charger,Power,4,Amazing quality and works perfectly,Positive,1241.2,Yes,2025-03-22
8587,Headphones,Audio,3,Nothing special but it works fine,Neutral,26959.64,Yes,2025-11-29
8588,Smartphone,Mobile,4,Amazing quality and works perfectly,Positive,66508.37,No,2025-04-23
8589,Power Bank,Power,3,Nothing special but it works fine,Neutral,6556.71,Yes,2025-12-31
8590,Smartwatch,Wearable,5,"Amazing product, highly recommended",Positive,25057.73,No,2025-07-31
8591,USB Flash Drive,Storage,5,Excellent product with great performance,Positive,499.21,Yes,2025-12-19
8592,Earbuds,Audio,3,Performance is acceptable,Neutral,17516.56,Yes,2025-07-22
8593,Router,Networking,5,Great product with impressive features,Positive,1908.65,Yes,2025-02-15
8594,Earbuds,Audio,5,Really happy with the purchase,Positive,10178.49,Yes,2025-08-23
8595,Tablet,Computing,5,Amazing quality and works perfectly,Positive,59224.54,Yes,2025-06-24
8596,Power Bank,Power,2,Product stopped working after a few days,Negative,6414.76,Yes,2025-10-26
8597,Smartwatch,Wearable,4,"Amazing product, highly recommended",Positive,45082.09,No,2025-05-23
8598,Monitor,Computing,3,Average experience with this product,Neutral,21156.22,Yes,2025-03-10
8599,Earbuds,Audio,4,Amazing quality and works perfectly,Positive,16757.52,Yes,2025-02-11
8600,Printer,Office Electronics,3,Features are satisfactory,Neutral,26160.29,Yes,2025-09-29
8601,Power Bank,Power,3,"Average product, works as expected",Neutral,6326.11,Yes,2025-03-26
8602,Router,Networking,5,Fast performance and reliable,Positive,18857.03,Yes,2025-09-01
8603,Charger,Power,5,Fast performance and reliable,Positive,2804.95,Yes,2025-02-19
8604,Webcam,Computer Accessories,5,Amazing quality and works perfectly,Positive,6448.65,Yes,2025-01-30
8605,Keyboard,Accessories,5,Good quality and easy to use,Positive,12078.38,Yes,2025-09-17
8606,Printer,Office Electronics,3,Features are satisfactory,Neutral,28703.11,Yes,2025-05-06
8607,Printer,Office Electronics,1,Very bad experience with this product,Negative,44702.53,No,2025-07-27
8608,Webcam,Computer Accessories,3,Average experience with this product,Neutral,11755.39,No,2025-01-11
8609,Gaming Console,Gaming,3,It is okay but could be improved,Neutral,76541.76,Yes,2025-03-10
8610,Smart TV,Home Entertainment,2,Product has several issues,Negative,18244.27,No,2025-02-02
8611,Router,Networking,5,Excellent product with great performance,Positive,15040.22,No,2025-04-13
8612,Bluetooth Speaker,Audio,5,Great product with impressive features,Positive,10918.91,Yes,2025-04-14
8613,Smartwatch,Wearable,3,Average experience with this product,Neutral,33928.09,Yes,2025-05-17
8614,Headphones,Audio,4,Good quality and easy to use,Positive,28299.23,No,2025-03-30
8615,Charger,Power,5,Great product with impressive features,Positive,3373.38,Yes,2025-06-16
8616,Smartwatch,Wearable,3,Product is okay for the price,Neutral,37631.79,Yes,2025-11-25
8617,Headphones,Audio,5,Really happy with the purchase,Positive,5162.49,Yes,2025-02-01
8618,Camera,Camera,4,Excellent product with great performance,Positive,63366.56,Yes,2025-11-23
8619,Bluetooth Speaker,Audio,1,Product has several issues,Negative,17544.05,Yes,2025-05-31
8620,Gaming Console,Gaming,4,Excellent product with great performance,Positive,48683.25,Yes,2025-07-30
8621,Smart TV,Home Entertainment,4,Excellent build quality and smooth performance,Positive,35562.85,Yes,2025-09-03
8622,Laptop,Computing,4,Great product with impressive features,Positive,139250.3,Yes,2025-09-26
8623,Camera,Camera,5,Amazing quality and works perfectly,Positive,182265.24,Yes,2025-12-11
8624,USB Flash Drive,Storage,3,It is okay but could be improved,Neutral,730.41,No,2025-12-31
8625,Tablet,Computing,3,Performance is acceptable,Neutral,14379.11,Yes,2025-02-05
8626,External SSD,Storage,5,Excellent build quality and smooth performance,Positive,13227.96,Yes,2025-05-30
8627,Power Bank,Power,3,Decent quality but has some limitations,Neutral,5357.13,Yes,2025-07-16
8628,Camera,Camera,4,Good quality and easy to use,Positive,226052.69,No,2025-07-10
8629,Laptop,Computing,4,Excellent product with great performance,Positive,95175.84,Yes,2025-12-28
8630,Keyboard,Accessories,4,"Amazing product, highly recommended",Positive,1719.49,Yes,2025-08-26
8631,Monitor,Computing,4,Really happy with the purchase,Positive,68194.49,Yes,2025-05-27
8632,Smartwatch,Wearable,4,Very good product and worth the price,Positive,7557.64,Yes,2025-12-03
8633,External SSD,Storage,3,Nothing special but it works fine,Neutral,20209.56,Yes,2025-09-24
8634,Power Bank,Power,4,"Amazing product, highly recommended",Positive,3776.86,Yes,2025-10-18
8635,Printer,Office Electronics,2,Build quality is poor,Negative,45930.66,Yes,2025-08-18
8636,Smartwatch,Wearable,4,Very good product and worth the price,Positive,35688.18,Yes,2025-01-24
8637,Router,Networking,5,"Amazing product, highly recommended",Positive,1002.71,Yes,2025-12-21
8638,Camera,Camera,3,Performance is acceptable,Neutral,108871.44,Yes,2025-09-18
8639,Gaming Console,Gaming,4,"Amazing product, highly recommended",Positive,34917.0,Yes,2025-02-24
8640,Bluetooth Speaker,Audio,5,Works perfectly and looks premium,Positive,9079.12,Yes,2025-04-02
8641,Gaming Console,Gaming,2,Product has several issues,Negative,46942.57,Yes,2025-05-05
8642,Headphones,Audio,5,Good quality and easy to use,Positive,16470.86,Yes,2025-04-04
8643,External SSD,Storage,5,"Amazing product, highly recommended",Positive,24556.31,Yes,2025-08-15
8644,Keyboard,Accessories,5,Really happy with the purchase,Positive,1753.21,No,2025-07-19
8645,Mouse,Accessories,4,Very good product and worth the price,Positive,4578.7,Yes,2025-03-19
8646,Charger,Power,1,Product stopped working after a few days,Negative,4298.38,Yes,2025-09-12
8647,Laptop,Computing,3,Features are satisfactory,Neutral,94827.04,Yes,2025-04-15
8648,Monitor,Computing,4,Excellent product with great performance,Positive,44427.83,No,2025-02-28
8649,Headphones,Audio,5,Great product with impressive features,Positive,23468.88,Yes,2025-12-16
8650,Smart TV,Home Entertainment,1,Very disappointed with the purchase,Negative,146885.47,Yes,2025-04-25
8651,Keyboard,Accessories,1,Very disappointed with the purchase,Negative,7894.97,No,2025-03-26
8652,Smartphone,Mobile,4,Good quality and easy to use,Positive,116314.42,Yes,2025-09-19
8653,Smartphone,Mobile,2,Battery life is very poor,Negative,12055.92,No,2025-10-06
8654,Webcam,Computer Accessories,3,Product meets basic expectations,Neutral,2035.69,Yes,2025-02-25
8655,Smartwatch,Wearable,1,Product stopped working after a few days,Negative,22227.08,Yes,2025-01-21
8656,Smartphone,Mobile,4,Fast performance and reliable,Positive,25679.12,Yes,2025-11-07
8657,Headphones,Audio,4,Excellent build quality and smooth performance,Positive,6887.0,Yes,2025-07-03
8658,Headphones,Audio,5,Good quality and easy to use,Positive,4927.43,No,2025-06-16
8659,Laptop,Computing,1,Battery life is very poor,Negative,133855.34,Yes,2025-06-03
8660,Smart TV,Home Entertainment,3,Good enough for basic use,Neutral,92934.67,Yes,2025-08-02
8661,Laptop,Computing,4,Good quality and easy to use,Positive,155126.21,Yes,2025-09-03
8662,Router,Networking,4,Really happy with the purchase,Positive,5757.3,Yes,2025-01-30
8663,USB Flash Drive,Storage,2,Battery life is very poor,Negative,3230.1,Yes,2025-04-07
8664,Camera,Camera,3,Product meets basic expectations,Neutral,73024.41,Yes,2025-12-15
8665,Tablet,Computing,5,Very good product and worth the price,Positive,11303.58,Yes,2025-03-02
8666,Router,Networking,5,Excellent build quality and smooth performance,Positive,14089.45,No,2025-11-28
8667,Bluetooth Speaker,Audio,4,Very good product and worth the price,Positive,5049.18,Yes,2025-05-27
8668,Keyboard,Accessories,5,Excellent build quality and smooth performance,Positive,10560.25,Yes,2025-03-11
8669,Earbuds,Audio,5,Excellent build quality and smooth performance,Positive,17421.45,Yes,2025-08-06
8670,External SSD,Storage,4,Really happy with the purchase,Positive,21039.89,Yes,2025-08-31
8671,Charger,Power,4,Really happy with the purchase,Positive,3082.21,Yes,2025-05-08
8672,Smartwatch,Wearable,4,Great product with impressive features,Positive,44418.73,Yes,2025-10-17
8673,Keyboard,Accessories,5,Good quality and easy to use,Positive,1596.73,No,2025-01-24
8674,External SSD,Storage,4,Excellent build quality and smooth performance,Positive,28159.11,Yes,2025-02-14
8675,Webcam,Computer Accessories,4,"Amazing product, highly recommended",Positive,2253.42,Yes,2025-08-15
8676,Webcam,Computer Accessories,3,It is okay but could be improved,Neutral,10411.14,Yes,2025-07-30
8677,Tablet,Computing,3,Features are satisfactory,Neutral,93090.97,No,2025-09-13
8678,Printer,Office Electronics,4,Amazing quality and works perfectly,Positive,17101.82,No,2025-11-07
8679,Charger,Power,4,Good quality and easy to use,Positive,4238.15,Yes,2025-12-06
8680,Router,Networking,3,Performance is acceptable,Neutral,12270.59,Yes,2025-07-04
8681,Monitor,Computing,5,Fast performance and reliable,Positive,69727.74,Yes,2025-07-02
8682,Gaming Console,Gaming,4,Really happy with the purchase,Positive,27671.21,Yes,2025-12-04
8683,Earbuds,Audio,2,Build quality is poor,Negative,14120.56,Yes,2025-12-17
8684,Power Bank,Power,1,Battery life is very poor,Negative,2158.29,No,2025-01-18
8685,Headphones,Audio,3,Product is okay for the price,Neutral,1033.02,Yes,2025-07-04
8686,Monitor,Computing,3,Nothing special but it works fine,Neutral,56982.62,Yes,2025-12-02
8687,Keyboard,Accessories,3,Nothing special but it works fine,Neutral,11370.42,No,2025-01-19
8688,Printer,Office Electronics,3,"Average product, works as expected",Neutral,38133.33,Yes,2025-12-23
8689,Camera,Camera,2,Product has several issues,Negative,188569.45,Yes,2025-10-01
8690,Camera,Camera,1,Battery life is very poor,Negative,204986.91,Yes,2025-02-26
8691,Earbuds,Audio,4,"Amazing product, highly recommended",Positive,12004.95,No,2025-08-22
8692,Keyboard,Accessories,4,Works perfectly and looks premium,Positive,5539.85,Yes,2025-06-07
8693,Mouse,Accessories,2,Not worth the price,Negative,7778.34,Yes,2025-05-03
8694,External SSD,Storage,5,Works perfectly and looks premium,Positive,20994.44,Yes,2025-08-15
8695,Smartwatch,Wearable,4,Excellent build quality and smooth performance,Positive,11200.31,No,2025-09-26
8696,Laptop,Computing,5,Amazing quality and works perfectly,Positive,95293.98,Yes,2025-11-23
8697,Power Bank,Power,5,Amazing quality and works perfectly,Positive,2111.64,Yes,2025-06-02
8698,USB Flash Drive,Storage,4,Fast performance and reliable,Positive,3960.85,No,2025-02-28
8699,Router,Networking,4,Good quality and easy to use,Positive,5695.49,Yes,2025-11-12
8700,USB Flash Drive,Storage,1,Product has several issues,Negative,3226.67,Yes,2025-05-02
8701,Monitor,Computing,2,Product stopped working after a few days,Negative,60417.19,Yes,2025-10-05
8702,Headphones,Audio,2,Very disappointed with the purchase,Negative,29752.32,Yes,2025-10-19
8703,Gaming Console,Gaming,4,Good quality and easy to use,Positive,48822.84,Yes,2025-01-22
8704,Smartphone,Mobile,3,Decent quality but has some limitations,Neutral,105715.58,Yes,2025-05-30
8705,Printer,Office Electronics,1,Product stopped working after a few days,Negative,34895.93,Yes,2025-01-31
8706,Router,Networking,4,Great product with impressive features,Positive,1160.52,Yes,2025-08-09
8707,Power Bank,Power,4,Very good product and worth the price,Positive,3617.21,Yes,2025-10-18
8708,Smartwatch,Wearable,5,Excellent build quality and smooth performance,Positive,20614.73,Yes,2025-07-24
8709,Earbuds,Audio,4,Great product with impressive features,Positive,3430.82,Yes,2025-04-29
8710,Smart TV,Home Entertainment,3,It is okay but could be improved,Neutral,95861.64,No,2025-12-22
8711,Smartphone,Mobile,1,Poor quality and disappointing performance,Negative,21043.48,Yes,2025-02-01
8712,Smartphone,Mobile,5,Fast performance and reliable,Positive,101563.06,Yes,2025-02-21
8713,Bluetooth Speaker,Audio,1,Battery life is very poor,Negative,11367.4,Yes,2025-05-14
8714,Headphones,Audio,4,Good quality and easy to use,Positive,5902.09,No,2025-12-13
8715,Gaming Console,Gaming,2,Frequent problems while using the product,Negative,58100.26,Yes,2025-11-23
8716,Smartphone,Mobile,3,Average experience with this product,Neutral,104049.2,Yes,2025-07-25
8717,External SSD,Storage,1,Frequent problems while using the product,Negative,28243.04,Yes,2025-12-14
8718,External SSD,Storage,4,"Amazing product, highly recommended",Positive,27145.71,Yes,2025-11-27
8719,Headphones,Audio,5,Works perfectly and looks premium,Positive,26520.55,Yes,2025-08-03
8720,Charger,Power,5,Fast performance and reliable,Positive,1935.84,No,2025-02-13
8721,Gaming Console,Gaming,4,Really happy with the purchase,Positive,52798.18,Yes,2025-11-25
8722,USB Flash Drive,Storage,3,Nothing special but it works fine,Neutral,2045.15,Yes,2025-08-23
8723,Router,Networking,4,Excellent product with great performance,Positive,18522.97,Yes,2025-02-21
8724,Smart TV,Home Entertainment,5,Really happy with the purchase,Positive,32172.84,Yes,2025-11-03
8725,Tablet,Computing,3,"Average product, works as expected",Neutral,59888.77,Yes,2025-05-26
8726,Camera,Camera,5,Amazing quality and works perfectly,Positive,80553.8,Yes,2025-10-15
8727,External SSD,Storage,5,Great product with impressive features,Positive,25960.1,Yes,2025-04-06
8728,Headphones,Audio,4,Excellent build quality and smooth performance,Positive,10506.94,No,2025-01-04
8729,Headphones,Audio,4,Excellent build quality and smooth performance,Positive,25978.68,Yes,2025-06-15
8730,Laptop,Computing,4,Fast performance and reliable,Positive,169206.44,Yes,2025-06-15
8731,Smart TV,Home Entertainment,4,Amazing quality and works perfectly,Positive,46814.01,Yes,2025-11-12
8732,Printer,Office Electronics,2,Poor quality and disappointing performance,Negative,38941.37,No,2025-02-12
8733,Tablet,Computing,5,Very good product and worth the price,Positive,41498.04,Yes,2025-11-30
8734,Headphones,Audio,1,Very bad experience with this product,Negative,12396.65,Yes,2025-02-25
8735,Mouse,Accessories,2,Product has several issues,Negative,2961.5,No,2025-12-08
8736,Printer,Office Electronics,5,Really happy with the purchase,Positive,32750.0,No,2025-09-15
8737,USB Flash Drive,Storage,3,Average experience with this product,Neutral,1912.89,Yes,2025-05-12
8738,Printer,Office Electronics,5,Fast performance and reliable,Positive,38327.71,Yes,2025-12-16
8739,USB Flash Drive,Storage,3,Performance is acceptable,Neutral,3958.91,Yes,2025-05-12
8740,Camera,Camera,2,Very disappointed with the purchase,Negative,113904.76,Yes,2025-08-20
8741,Earbuds,Audio,4,Excellent build quality and smooth performance,Positive,616.23,No,2025-01-06
8742,Camera,Camera,1,Poor quality and disappointing performance,Negative,39868.3,Yes,2025-02-07
8743,Mouse,Accessories,1,Build quality is poor,Negative,2955.98,Yes,2025-05-09
8744,Smart TV,Home Entertainment,5,Amazing quality and works perfectly,Positive,191466.54,Yes,2025-03-31
8745,Keyboard,Accessories,4,Amazing quality and works perfectly,Positive,6210.24,Yes,2025-03-25
8746,External SSD,Storage,4,Works perfectly and looks premium,Positive,23094.35,Yes,2025-05-19
8747,Smartwatch,Wearable,4,Fast performance and reliable,Positive,46899.78,Yes,2025-08-11
8748,Gaming Console,Gaming,4,Amazing quality and works perfectly,Positive,43792.33,No,2025-02-15
8749,Mouse,Accessories,4,"Amazing product, highly recommended",Positive,5744.51,Yes,2025-10-02
8750,Keyboard,Accessories,5,Works perfectly and looks premium,Positive,12858.65,Yes,2025-11-06
8751,External SSD,Storage,2,Very disappointed with the purchase,Negative,19599.54,Yes,2025-11-02
8752,Mouse,Accessories,4,Good quality and easy to use,Positive,1388.54,Yes,2025-03-12
8753,Laptop,Computing,4,Fast performance and reliable,Positive,145436.54,Yes,2025-11-18
8754,Monitor,Computing,4,Amazing quality and works perfectly,Positive,72902.85,Yes,2025-02-17
8755,Smart TV,Home Entertainment,5,Amazing quality and works perfectly,Positive,157223.52,Yes,2025-02-09
8756,Webcam,Computer Accessories,4,Excellent build quality and smooth performance,Positive,15298.24,Yes,2025-09-22
8757,Camera,Camera,2,Build quality is poor,Negative,195031.67,Yes,2025-10-05
8758,Camera,Camera,2,Product has several issues,Negative,162821.25,Yes,2025-02-16
8759,Earbuds,Audio,3,Product is okay for the price,Neutral,6571.34,Yes,2025-06-01
8760,External SSD,Storage,5,Very good product and worth the price,Positive,27592.65,Yes,2025-05-30
8761,Charger,Power,5,"Amazing product, highly recommended",Positive,905.86,Yes,2025-09-21
8762,Smartphone,Mobile,2,Poor quality and disappointing performance,Negative,100657.12,Yes,2025-07-08
8763,Webcam,Computer Accessories,5,"Amazing product, highly recommended",Positive,7828.11,No,2025-08-08
8764,Printer,Office Electronics,1,Performance is slow and unreliable,Negative,35321.9,No,2025-01-30
8765,Laptop,Computing,5,Amazing quality and works perfectly,Positive,150764.57,No,2025-12-23
8766,Keyboard,Accessories,4,Amazing quality and works perfectly,Positive,12079.54,Yes,2025-07-22
8767,Router,Networking,3,Product is okay for the price,Neutral,4061.71,No,2025-09-02
8768,Router,Networking,5,Fast performance and reliable,Positive,12607.44,Yes,2025-06-25
8769,Smartwatch,Wearable,4,Very good product and worth the price,Positive,11906.29,Yes,2025-03-31
8770,Smartphone,Mobile,5,Good quality and easy to use,Positive,20555.68,Yes,2025-09-01
8771,Smart TV,Home Entertainment,5,Really happy with the purchase,Positive,110008.84,No,2025-04-16
8772,Printer,Office Electronics,4,Really happy with the purchase,Positive,49438.72,No,2025-03-21
8773,Router,Networking,5,Fast performance and reliable,Positive,19651.61,Yes,2025-07-21
8774,Gaming Console,Gaming,1,Poor quality and disappointing performance,Negative,56537.06,Yes,2025-05-11
8775,Gaming Console,Gaming,3,Performance is acceptable,Neutral,67469.58,No,2025-11-23
8776,Mouse,Accessories,2,Very disappointed with the purchase,Negative,2721.88,Yes,2025-08-29
8777,Gaming Console,Gaming,3,"Average product, works as expected",Neutral,37339.92,Yes,2025-05-17
8778,Bluetooth Speaker,Audio,2,Not worth the price,Negative,21430.48,Yes,2025-01-13
8779,Laptop,Computing,3,"Average product, works as expected",Neutral,147899.93,Yes,2025-05-05
8780,Bluetooth Speaker,Audio,3,Nothing special but it works fine,Neutral,22461.64,Yes,2025-02-12
8781,Earbuds,Audio,5,Excellent product with great performance,Positive,3060.44,Yes,2025-03-22
8782,Bluetooth Speaker,Audio,5,Amazing quality and works perfectly,Positive,11203.16,Yes,2025-04-14
8783,Mouse,Accessories,4,Great product with impressive features,Positive,728.55,No,2025-08-27
8784,Tablet,Computing,2,Battery life is very poor,Negative,80754.6,Yes,2025-02-08
8785,Keyboard,Accessories,4,Works perfectly and looks premium,Positive,5020.32,Yes,2025-03-01
8786,Mouse,Accessories,3,Performance is acceptable,Neutral,4468.43,Yes,2025-01-15
8787,Smartwatch,Wearable,5,Good quality and easy to use,Positive,29576.08,Yes,2025-12-01
8788,Mouse,Accessories,5,Really happy with the purchase,Positive,305.36,Yes,2025-12-27
8789,Gaming Console,Gaming,2,Not worth the price,Negative,44476.61,Yes,2025-04-19
8790,Keyboard,Accessories,4,Amazing quality and works perfectly,Positive,11045.61,Yes,2025-06-16
8791,Smartphone,Mobile,3,Good enough for basic use,Neutral,40039.31,Yes,2025-04-20
8792,Router,Networking,2,Battery life is very poor,Negative,11839.07,Yes,2025-07-14
8793,Charger,Power,1,Frequent problems while using the product,Negative,4892.71,Yes,2025-07-21
8794,Keyboard,Accessories,3,Features are satisfactory,Neutral,2213.27,Yes,2025-04-04
8795,Smartphone,Mobile,5,Fast performance and reliable,Positive,38042.99,Yes,2025-08-24
8796,Laptop,Computing,3,Product is okay for the price,Neutral,132594.98,Yes,2025-01-03
8797,Laptop,Computing,3,Product meets basic expectations,Neutral,119756.63,No,2025-08-24
8798,Printer,Office Electronics,5,Great product with impressive features,Positive,49010.15,Yes,2025-10-02
8799,Bluetooth Speaker,Audio,5,Really happy with the purchase,Positive,1810.4,No,2025-01-20
8800,Keyboard,Accessories,4,Excellent product with great performance,Positive,13230.91,Yes,2025-09-22
8801,Gaming Console,Gaming,5,Amazing quality and works perfectly,Positive,51869.98,Yes,2025-09-27
8802,Gaming Console,Gaming,4,Excellent product with great performance,Positive,37479.45,Yes,2025-12-21
8803,Laptop,Computing,3,Product meets basic expectations,Neutral,105504.64,No,2025-10-22
8804,Webcam,Computer Accessories,4,Really happy with the purchase,Positive,8831.73,No,2025-01-08
8805,Earbuds,Audio,4,Great product with impressive features,Positive,4893.7,Yes,2025-01-30
8806,External SSD,Storage,4,"Amazing product, highly recommended",Positive,8923.68,No,2025-02-20
8807,USB Flash Drive,Storage,5,Excellent product with great performance,Positive,1654.27,Yes,2025-08-01
8808,Power Bank,Power,3,Features are satisfactory,Neutral,4775.83,Yes,2025-09-17
8809,Smartwatch,Wearable,4,Good quality and easy to use,Positive,5530.32,Yes,2025-08-29
8810,Power Bank,Power,5,Excellent build quality and smooth performance,Positive,1439.69,Yes,2025-05-01
8811,Headphones,Audio,2,Very disappointed with the purchase,Negative,10286.51,Yes,2025-03-15
8812,USB Flash Drive,Storage,4,Works perfectly and looks premium,Positive,3624.27,Yes,2025-01-24
8813,External SSD,Storage,4,Good quality and easy to use,Positive,29414.24,Yes,2025-05-17
8814,USB Flash Drive,Storage,4,Great product with impressive features,Positive,356.42,Yes,2025-04-20
8815,USB Flash Drive,Storage,4,Excellent build quality and smooth performance,Positive,4870.0,Yes,2025-04-21
8816,Smartwatch,Wearable,3,Good enough for basic use,Neutral,34773.01,Yes,2025-02-02
8817,Smartphone,Mobile,4,Excellent product with great performance,Positive,108910.41,Yes,2025-04-17
8818,Camera,Camera,4,Excellent build quality and smooth performance,Positive,145676.13,Yes,2025-11-02
8819,Camera,Camera,4,Excellent product with great performance,Positive,129161.34,Yes,2025-03-29
8820,Printer,Office Electronics,5,Amazing quality and works perfectly,Positive,40332.19,Yes,2025-11-17
8821,Camera,Camera,4,Fast performance and reliable,Positive,148999.95,Yes,2025-02-01
8822,USB Flash Drive,Storage,4,Great product with impressive features,Positive,4517.62,Yes,2025-08-21
8823,Bluetooth Speaker,Audio,4,Excellent build quality and smooth performance,Positive,26877.45,Yes,2025-02-09
8824,Tablet,Computing,3,Features are satisfactory,Neutral,57740.99,Yes,2025-05-21
8825,Smartphone,Mobile,2,Very bad experience with this product,Negative,72261.64,Yes,2025-12-15
8826,Keyboard,Accessories,3,Good enough for basic use,Neutral,7115.99,Yes,2025-10-08
8827,Smartphone,Mobile,2,Not worth the price,Negative,85213.49,Yes,2025-07-07
8828,Power Bank,Power,3,Product is okay for the price,Neutral,5712.96,No,2025-08-19
8829,Keyboard,Accessories,5,Excellent product with great performance,Positive,9933.6,Yes,2025-08-30
8830,Earbuds,Audio,3,Product is okay for the price,Neutral,2027.57,Yes,2025-10-17
8831,Charger,Power,5,Amazing quality and works perfectly,Positive,4828.84,Yes,2025-08-05
8832,Gaming Console,Gaming,3,It is okay but could be improved,Neutral,43458.12,Yes,2025-07-06
8833,Smartphone,Mobile,5,Great product with impressive features,Positive,35576.26,Yes,2025-01-28
8834,Mouse,Accessories,5,Amazing quality and works perfectly,Positive,2347.18,Yes,2025-12-16
8835,Webcam,Computer Accessories,1,Build quality is poor,Negative,2316.39,No,2025-07-26
8836,Earbuds,Audio,3,Nothing special but it works fine,Neutral,11697.46,Yes,2025-04-16
8837,External SSD,Storage,5,Excellent product with great performance,Positive,4122.3,Yes,2025-02-19
8838,Bluetooth Speaker,Audio,4,Excellent product with great performance,Positive,5498.41,Yes,2025-08-09
8839,Earbuds,Audio,4,Amazing quality and works perfectly,Positive,629.24,Yes,2025-10-13
8840,Printer,Office Electronics,5,Excellent product with great performance,Positive,12860.66,Yes,2025-10-22
8841,Monitor,Computing,3,Good enough for basic use,Neutral,79648.17,No,2025-11-20
8842,Printer,Office Electronics,3,Product is okay for the price,Neutral,29365.42,Yes,2025-11-23
8843,Gaming Console,Gaming,3,Good enough for basic use,Neutral,28693.17,Yes,2025-08-16
8844,USB Flash Drive,Storage,4,Amazing quality and works perfectly,Positive,2951.49,No,2025-12-12
8845,USB Flash Drive,Storage,4,Fast performance and reliable,Positive,3123.72,Yes,2025-01-28
8846,Webcam,Computer Accessories,4,Really happy with the purchase,Positive,11406.81,Yes,2025-05-25
8847,Charger,Power,5,Fast performance and reliable,Positive,1879.14,Yes,2025-06-26
8848,Smart TV,Home Entertainment,4,Excellent build quality and smooth performance,Positive,136589.63,Yes,2025-09-13
8849,Laptop,Computing,5,Good quality and easy to use,Positive,51391.38,Yes,2025-04-20
8850,Mouse,Accessories,4,Very good product and worth the price,Positive,2429.76,Yes,2025-04-16
8851,Monitor,Computing,5,Good quality and easy to use,Positive,79609.33,Yes,2025-11-26
8852,Laptop,Computing,5,Great product with impressive features,Positive,92338.18,Yes,2025-08-26
8853,Printer,Office Electronics,3,Performance is acceptable,Neutral,11650.63,Yes,2025-08-20
8854,USB Flash Drive,Storage,3,Average experience with this product,Neutral,1320.02,Yes,2025-03-09
8855,Router,Networking,1,Performance is slow and unreliable,Negative,14758.51,Yes,2025-07-02
8856,Camera,Camera,3,It is okay but could be improved,Neutral,51156.29,No,2025-06-03
8857,Camera,Camera,5,Good quality and easy to use,Positive,104645.35,No,2025-08-15
8858,Monitor,Computing,5,Good quality and easy to use,Positive,30301.34,Yes,2025-12-02
8859,Gaming Console,Gaming,5,Works perfectly and looks premium,Positive,37538.96,Yes,2025-04-12
8860,Smart TV,Home Entertainment,5,Great product with impressive features,Positive,103215.03,Yes,2025-10-23
8861,Earbuds,Audio,5,Great product with impressive features,Positive,3198.13,Yes,2025-08-20
8862,Bluetooth Speaker,Audio,4,Great product with impressive features,Positive,14131.76,No,2025-07-01
8863,Tablet,Computing,2,Product stopped working after a few days,Negative,12935.83,Yes,2025-12-13
8864,Webcam,Computer Accessories,3,"Average product, works as expected",Neutral,19436.5,Yes,2025-02-23
8865,Power Bank,Power,4,Excellent build quality and smooth performance,Positive,5155.09,Yes,2025-09-05
8866,Charger,Power,4,Very good product and worth the price,Positive,652.83,Yes,2025-05-26
8867,Earbuds,Audio,4,"Amazing product, highly recommended",Positive,5172.76,Yes,2025-09-06
8868,Smartphone,Mobile,5,Good quality and easy to use,Positive,90482.35,Yes,2025-02-20
8869,USB Flash Drive,Storage,5,Excellent product with great performance,Positive,3738.86,No,2025-09-26
8870,Printer,Office Electronics,4,"Amazing product, highly recommended",Positive,21424.25,No,2025-01-26
8871,Bluetooth Speaker,Audio,3,"Average product, works as expected",Neutral,5134.37,Yes,2025-05-08
8872,External SSD,Storage,2,Product has several issues,Negative,17470.04,Yes,2025-11-27
8873,Charger,Power,2,Build quality is poor,Negative,1599.07,Yes,2025-08-19
8874,Camera,Camera,4,Excellent build quality and smooth performance,Positive,46781.93,Yes,2025-06-29
8875,Smartwatch,Wearable,4,Really happy with the purchase,Positive,18280.93,Yes,2025-05-01
8876,Camera,Camera,5,Excellent product with great performance,Positive,193977.83,No,2025-02-02
8877,Smartwatch,Wearable,2,Poor quality and disappointing performance,Negative,18675.79,No,2025-02-10
8878,Headphones,Audio,3,Decent quality but has some limitations,Neutral,1703.02,Yes,2025-09-19
8879,Monitor,Computing,3,Nothing special but it works fine,Neutral,14909.4,Yes,2025-04-11
8880,Headphones,Audio,1,Frequent problems while using the product,Negative,18092.21,Yes,2025-01-28
8881,Webcam,Computer Accessories,2,Very disappointed with the purchase,Negative,10920.9,Yes,2025-06-09
8882,Smartphone,Mobile,5,Excellent product with great performance,Positive,83584.62,Yes,2025-05-25
8883,Webcam,Computer Accessories,5,Very good product and worth the price,Positive,11863.26,Yes,2025-12-16
8884,Smartwatch,Wearable,4,Good quality and easy to use,Positive,25615.6,Yes,2025-03-26
8885,Printer,Office Electronics,5,Really happy with the purchase,Positive,26380.41,Yes,2025-04-08
8886,Bluetooth Speaker,Audio,1,Product stopped working after a few days,Negative,28876.9,Yes,2025-03-02
8887,Webcam,Computer Accessories,4,Good quality and easy to use,Positive,17383.51,Yes,2025-03-10
8888,Power Bank,Power,4,Very good product and worth the price,Positive,3556.73,Yes,2025-07-14
8889,Mouse,Accessories,4,Very good product and worth the price,Positive,6638.67,Yes,2025-03-23
8890,Tablet,Computing,4,Excellent build quality and smooth performance,Positive,11838.95,Yes,2025-09-20
8891,Keyboard,Accessories,4,Works perfectly and looks premium,Positive,803.79,Yes,2025-10-26
8892,Charger,Power,5,Amazing quality and works perfectly,Positive,1797.29,No,2025-06-27
8893,Smart TV,Home Entertainment,5,Very good product and worth the price,Positive,154631.9,No,2025-03-29
8894,Earbuds,Audio,2,Poor quality and disappointing performance,Negative,23173.73,Yes,2025-10-27
8895,Laptop,Computing,2,Battery life is very poor,Negative,132446.38,Yes,2025-12-19
8896,Earbuds,Audio,1,Poor quality and disappointing performance,Negative,17806.54,Yes,2025-12-01
8897,Headphones,Audio,2,Product has several issues,Negative,1447.49,Yes,2025-12-02
8898,Webcam,Computer Accessories,5,"Amazing product, highly recommended",Positive,18673.03,Yes,2025-10-22
8899,Smartwatch,Wearable,5,Very good product and worth the price,Positive,5709.48,Yes,2025-09-27
8900,Smart TV,Home Entertainment,5,Good quality and easy to use,Positive,190178.01,No,2025-12-16
8901,Tablet,Computing,5,"Amazing product, highly recommended",Positive,22753.57,Yes,2025-05-04
8902,USB Flash Drive,Storage,5,"Amazing product, highly recommended",Positive,456.91,Yes,2025-12-06
8903,Keyboard,Accessories,5,Amazing quality and works perfectly,Positive,8672.34,No,2025-01-08
8904,Laptop,Computing,4,"Amazing product, highly recommended",Positive,47047.25,Yes,2025-10-31
8905,Camera,Camera,3,Decent quality but has some limitations,Neutral,31483.41,Yes,2025-05-02
8906,Router,Networking,4,Excellent product with great performance,Positive,13688.72,Yes,2025-04-17
8907,USB Flash Drive,Storage,2,Not worth the price,Negative,3769.81,Yes,2025-09-04
8908,Smartwatch,Wearable,1,Battery life is very poor,Negative,15707.67,Yes,2025-03-05
8909,Camera,Camera,3,Nothing special but it works fine,Neutral,145039.35,Yes,2025-12-29
8910,Charger,Power,3,It is okay but could be improved,Neutral,3054.41,Yes,2025-09-23
8911,Keyboard,Accessories,3,Product meets basic expectations,Neutral,2832.29,Yes,2025-01-08
8912,Printer,Office Electronics,3,Nothing special but it works fine,Neutral,24802.85,Yes,2025-11-05
8913,Keyboard,Accessories,4,Great product with impressive features,Positive,9736.05,Yes,2025-02-09
8914,Monitor,Computing,1,Not worth the price,Negative,71541.24,Yes,2025-10-28
8915,Power Bank,Power,4,Good quality and easy to use,Positive,3815.81,Yes,2025-10-24
8916,Webcam,Computer Accessories,4,Excellent product with great performance,Positive,14287.34,Yes,2025-08-23
8917,Printer,Office Electronics,5,Good quality and easy to use,Positive,27575.63,Yes,2025-08-08
8918,Router,Networking,3,It is okay but could be improved,Neutral,14434.62,Yes,2025-10-30
8919,Laptop,Computing,5,Amazing quality and works perfectly,Positive,148347.77,Yes,2025-11-07
8920,Bluetooth Speaker,Audio,5,Fast performance and reliable,Positive,16292.1,Yes,2025-09-16
8921,Smartphone,Mobile,3,Performance is acceptable,Neutral,14843.53,Yes,2025-03-04
8922,Laptop,Computing,3,Nothing special but it works fine,Neutral,161310.61,Yes,2025-08-31
8923,USB Flash Drive,Storage,1,Very bad experience with this product,Negative,3124.67,Yes,2025-03-15
8924,USB Flash Drive,Storage,4,Good quality and easy to use,Positive,3123.02,Yes,2025-01-18
8925,Tablet,Computing,3,It is okay but could be improved,Neutral,55851.85,No,2025-02-25
8926,Mouse,Accessories,4,"Amazing product, highly recommended",Positive,1987.52,Yes,2025-06-18
8927,Earbuds,Audio,5,Fast performance and reliable,Positive,12411.27,Yes,2025-12-18
8928,Laptop,Computing,5,Fast performance and reliable,Positive,110523.52,Yes,2025-01-13
8929,Monitor,Computing,5,"Amazing product, highly recommended",Positive,34398.64,Yes,2025-01-28
8930,Tablet,Computing,1,Battery life is very poor,Negative,23419.27,Yes,2025-02-03
8931,Router,Networking,5,Excellent product with great performance,Positive,15482.5,Yes,2025-03-11
8932,Smart TV,Home Entertainment,4,Amazing quality and works perfectly,Positive,99469.05,Yes,2025-07-17
8933,Keyboard,Accessories,4,Works perfectly and looks premium,Positive,10659.6,Yes,2025-10-27
8934,Headphones,Audio,3,Decent quality but has some limitations,Neutral,1885.91,Yes,2025-01-18
8935,Mouse,Accessories,4,Amazing quality and works perfectly,Positive,5192.47,Yes,2025-10-21
8936,Smart TV,Home Entertainment,4,Excellent build quality and smooth performance,Positive,28649.19,Yes,2025-11-30
8937,Smartwatch,Wearable,1,Poor quality and disappointing performance,Negative,37076.61,Yes,2025-01-29
8938,Gaming Console,Gaming,2,Performance is slow and unreliable,Negative,56952.86,Yes,2025-06-14
8939,Laptop,Computing,4,Really happy with the purchase,Positive,97708.67,No,2025-10-25
8940,Bluetooth Speaker,Audio,2,Battery life is very poor,Negative,29206.99,Yes,2025-09-13
8941,Keyboard,Accessories,5,Excellent build quality and smooth performance,Positive,5227.24,Yes,2025-03-09
8942,Monitor,Computing,5,Very good product and worth the price,Positive,37293.83,No,2025-02-23
8943,Smartwatch,Wearable,3,Good enough for basic use,Neutral,37270.21,Yes,2025-06-12
8944,External SSD,Storage,3,Decent quality but has some limitations,Neutral,17176.39,Yes,2025-11-06
8945,Gaming Console,Gaming,5,Works perfectly and looks premium,Positive,61218.66,Yes,2025-12-13
8946,Keyboard,Accessories,3,Performance is acceptable,Neutral,14656.06,Yes,2025-06-24
8947,Keyboard,Accessories,4,Good quality and easy to use,Positive,10587.31,No,2025-07-13
8948,Laptop,Computing,5,Excellent build quality and smooth performance,Positive,52606.31,Yes,2025-07-23
8949,Gaming Console,Gaming,5,Amazing quality and works perfectly,Positive,36514.09,No,2025-06-28
8950,Headphones,Audio,4,Great product with impressive features,Positive,26160.76,Yes,2025-08-25
8951,Bluetooth Speaker,Audio,3,"Average product, works as expected",Neutral,2200.84,Yes,2025-04-10
8952,Printer,Office Electronics,4,Works perfectly and looks premium,Positive,27912.95,Yes,2025-07-17
8953,Camera,Camera,2,Very bad experience with this product,Negative,228840.0,Yes,2025-08-12
8954,Gaming Console,Gaming,5,Works perfectly and looks premium,Positive,67692.53,Yes,2025-07-25
8955,Earbuds,Audio,4,Works perfectly and looks premium,Positive,3333.84,Yes,2025-12-22
8956,Power Bank,Power,4,Excellent build quality and smooth performance,Positive,6131.35,Yes,2025-09-29
8957,Smartphone,Mobile,5,Amazing quality and works perfectly,Positive,50791.67,Yes,2025-09-25
8958,Headphones,Audio,3,Nothing special but it works fine,Neutral,27087.9,Yes,2025-10-22
8959,USB Flash Drive,Storage,3,Performance is acceptable,Neutral,2992.14,Yes,2025-07-12
8960,Mouse,Accessories,2,Very bad experience with this product,Negative,5623.1,Yes,2025-04-22
8961,Camera,Camera,5,Very good product and worth the price,Positive,26960.06,Yes,2025-07-15
8962,External SSD,Storage,4,Amazing quality and works perfectly,Positive,9740.72,No,2025-12-03
8963,Webcam,Computer Accessories,5,Amazing quality and works perfectly,Positive,8842.33,Yes,2025-11-17
8964,Laptop,Computing,3,Nothing special but it works fine,Neutral,138587.73,Yes,2025-05-10
8965,Charger,Power,5,Works perfectly and looks premium,Positive,2744.23,No,2025-06-26
8966,Smart TV,Home Entertainment,5,Amazing quality and works perfectly,Positive,172719.7,No,2025-04-10
8967,Smartwatch,Wearable,1,Battery life is very poor,Negative,3165.99,Yes,2025-01-05
8968,Printer,Office Electronics,4,Really happy with the purchase,Positive,19530.01,Yes,2025-04-24
8969,Charger,Power,3,Decent quality but has some limitations,Neutral,3108.67,Yes,2025-02-06
8970,Bluetooth Speaker,Audio,3,Average experience with this product,Neutral,20035.68,Yes,2025-05-11
8971,External SSD,Storage,4,Really happy with the purchase,Positive,16565.05,No,2025-01-20
8972,Printer,Office Electronics,5,Amazing quality and works perfectly,Positive,22948.36,Yes,2025-04-26
8973,Tablet,Computing,4,Excellent product with great performance,Positive,16440.03,Yes,2025-09-18
8974,Gaming Console,Gaming,1,Performance is slow and unreliable,Negative,63293.33,Yes,2025-11-04
8975,Webcam,Computer Accessories,4,Really happy with the purchase,Positive,18170.8,Yes,2025-11-20
8976,Gaming Console,Gaming,3,Average experience with this product,Neutral,69486.09,No,2025-07-24
8977,Power Bank,Power,4,Amazing quality and works perfectly,Positive,5848.86,Yes,2025-07-19
8978,Tablet,Computing,3,"Average product, works as expected",Neutral,67074.48,No,2025-12-20
8979,Mouse,Accessories,5,Great product with impressive features,Positive,7788.8,Yes,2025-07-22
8980,Webcam,Computer Accessories,3,Product is okay for the price,Neutral,15757.9,Yes,2025-01-31
8981,External SSD,Storage,4,"Amazing product, highly recommended",Positive,3187.39,No,2025-12-08
8982,Mouse,Accessories,1,Frequent problems while using the product,Negative,3771.13,Yes,2025-08-13
8983,Bluetooth Speaker,Audio,2,Product stopped working after a few days,Negative,26147.17,No,2025-09-01
8984,USB Flash Drive,Storage,4,Really happy with the purchase,Positive,4298.68,Yes,2025-02-05
8985,Smart TV,Home Entertainment,4,Excellent build quality and smooth performance,Positive,146341.75,Yes,2025-06-21
8986,Earbuds,Audio,5,Good quality and easy to use,Positive,8072.23,Yes,2025-06-17
8987,USB Flash Drive,Storage,5,Excellent build quality and smooth performance,Positive,4050.19,No,2025-10-25
8988,Bluetooth Speaker,Audio,2,Very bad experience with this product,Negative,7561.4,Yes,2025-05-20
8989,USB Flash Drive,Storage,3,It is okay but could be improved,Neutral,1353.27,Yes,2025-05-06
8990,Smart TV,Home Entertainment,4,Amazing quality and works perfectly,Positive,114110.71,Yes,2025-09-06
8991,Gaming Console,Gaming,5,Amazing quality and works perfectly,Positive,56423.75,Yes,2025-01-06
8992,Mouse,Accessories,2,Very bad experience with this product,Negative,3707.88,Yes,2025-09-30
8993,Bluetooth Speaker,Audio,4,Excellent product with great performance,Positive,18430.24,Yes,2025-01-03
8994,Laptop,Computing,2,Product has several issues,Negative,136366.83,Yes,2025-03-28
8995,Laptop,Computing,5,Great product with impressive features,Positive,57032.68,Yes,2025-07-01
8996,USB Flash Drive,Storage,4,"Amazing product, highly recommended",Positive,1656.49,No,2025-03-12
8997,Gaming Console,Gaming,4,Good quality and easy to use,Positive,63491.1,Yes,2025-01-13
8998,Headphones,Audio,3,Nothing special but it works fine,Neutral,27853.91,Yes,2025-06-03
8999,Charger,Power,4,Really happy with the purchase,Positive,4456.88,No,2025-09-16
9000,Printer,Office Electronics,5,Excellent product with great performance,Positive,10834.12,Yes,2025-03-30
9001,Camera,Camera,5,Good quality and easy to use,Positive,153188.2,Yes,2025-04-11
9002,Webcam,Computer Accessories,4,Excellent build quality and smooth performance,Positive,16203.34,No,2025-09-04
9003,Tablet,Computing,3,"Average product, works as expected",Neutral,31359.39,Yes,2025-12-12
9004,Laptop,Computing,4,Amazing quality and works perfectly,Positive,126478.6,Yes,2025-07-08
9005,Gaming Console,Gaming,2,Very bad experience with this product,Negative,48520.09,No,2025-07-24
9006,Charger,Power,3,Features are satisfactory,Neutral,3414.84,Yes,2025-10-29
9007,Gaming Console,Gaming,5,Really happy with the purchase,Positive,26765.85,Yes,2025-01-25
9008,Smart TV,Home Entertainment,3,Performance is acceptable,Neutral,72896.3,Yes,2025-12-25
9009,Tablet,Computing,5,Excellent build quality and smooth performance,Positive,37659.48,No,2025-06-23
9010,Webcam,Computer Accessories,3,Average experience with this product,Neutral,8954.79,Yes,2025-05-19
9011,Laptop,Computing,5,Very good product and worth the price,Positive,47180.7,Yes,2025-08-14
9012,Power Bank,Power,2,Very bad experience with this product,Negative,3943.66,Yes,2025-11-29
9013,USB Flash Drive,Storage,4,Works perfectly and looks premium,Positive,2845.04,Yes,2025-12-09
9014,Gaming Console,Gaming,4,Great product with impressive features,Positive,26466.24,Yes,2025-10-11
9015,Headphones,Audio,5,Excellent product with great performance,Positive,9376.99,Yes,2025-06-26
9016,Camera,Camera,3,Average experience with this product,Neutral,64890.52,Yes,2025-02-24
9017,Webcam,Computer Accessories,3,Product meets basic expectations,Neutral,19471.09,Yes,2025-03-11
9018,Headphones,Audio,5,Amazing quality and works perfectly,Positive,4341.38,Yes,2025-11-02
9019,Webcam,Computer Accessories,2,Battery life is very poor,Negative,12920.89,Yes,2025-02-15
9020,Gaming Console,Gaming,4,Good quality and easy to use,Positive,47101.92,Yes,2025-06-25
9021,Laptop,Computing,5,Really happy with the purchase,Positive,73099.69,Yes,2025-05-29
9022,Bluetooth Speaker,Audio,3,"Average product, works as expected",Neutral,25739.01,Yes,2025-09-16
9023,Printer,Office Electronics,5,Amazing quality and works perfectly,Positive,34883.92,Yes,2025-05-06
9024,Bluetooth Speaker,Audio,4,Great product with impressive features,Positive,18912.82,Yes,2025-09-14
9025,Webcam,Computer Accessories,5,Excellent product with great performance,Positive,2779.49,No,2025-07-05
9026,Keyboard,Accessories,3,It is okay but could be improved,Neutral,4255.05,Yes,2025-11-20
9027,Bluetooth Speaker,Audio,5,Excellent product with great performance,Positive,8873.57,Yes,2025-03-10
9028,Printer,Office Electronics,5,Amazing quality and works perfectly,Positive,24547.09,No,2025-10-05
9029,External SSD,Storage,2,Battery life is very poor,Negative,27879.64,Yes,2025-09-21
9030,Headphones,Audio,2,Product stopped working after a few days,Negative,12407.75,Yes,2025-10-28
9031,External SSD,Storage,5,Amazing quality and works perfectly,Positive,11856.57,Yes,2025-06-28
9032,Earbuds,Audio,3,It is okay but could be improved,Neutral,2237.95,No,2025-04-28
9033,Printer,Office Electronics,3,Decent quality but has some limitations,Neutral,22323.1,No,2025-07-08
9034,Smartphone,Mobile,2,Product stopped working after a few days,Negative,13864.05,Yes,2025-12-22
9035,Gaming Console,Gaming,5,Excellent product with great performance,Positive,45086.25,Yes,2025-03-13
9036,Smartwatch,Wearable,5,Excellent product with great performance,Positive,48437.54,Yes,2025-08-30
9037,Gaming Console,Gaming,5,"Amazing product, highly recommended",Positive,55583.34,Yes,2025-03-23
9038,Smart TV,Home Entertainment,4,Amazing quality and works perfectly,Positive,53641.05,Yes,2025-10-10
9039,Gaming Console,Gaming,5,Good quality and easy to use,Positive,41457.09,Yes,2025-06-04
9040,Keyboard,Accessories,5,"Amazing product, highly recommended",Positive,8780.95,Yes,2025-11-10
9041,USB Flash Drive,Storage,1,Not worth the price,Negative,390.64,Yes,2025-03-01
9042,Smartwatch,Wearable,5,Excellent product with great performance,Positive,45129.2,Yes,2025-02-15
9043,Power Bank,Power,3,Decent quality but has some limitations,Neutral,4962.59,No,2025-12-14
9044,Smart TV,Home Entertainment,5,Good quality and easy to use,Positive,106072.53,Yes,2025-05-03
9045,Monitor,Computing,4,Amazing quality and works perfectly,Positive,59001.3,No,2025-01-31
9046,Smartphone,Mobile,4,Amazing quality and works perfectly,Positive,30429.24,Yes,2025-11-02
9047,Keyboard,Accessories,5,Amazing quality and works perfectly,Positive,813.83,Yes,2025-06-01
9048,Mouse,Accessories,1,Very bad experience with this product,Negative,6267.65,Yes,2025-12-03
9049,USB Flash Drive,Storage,5,Amazing quality and works perfectly,Positive,1052.01,No,2025-06-09
9050,USB Flash Drive,Storage,4,Good quality and easy to use,Positive,357.53,No,2025-10-03
9051,Bluetooth Speaker,Audio,5,"Amazing product, highly recommended",Positive,27924.37,Yes,2025-07-31
9052,External SSD,Storage,5,Really happy with the purchase,Positive,24287.31,Yes,2025-06-26
9053,Tablet,Computing,5,Really happy with the purchase,Positive,20278.1,Yes,2025-06-27
9054,Smartwatch,Wearable,3,Decent quality but has some limitations,Neutral,44973.02,Yes,2025-04-02
9055,Camera,Camera,3,It is okay but could be improved,Neutral,40204.13,Yes,2025-09-26
9056,Router,Networking,4,Good quality and easy to use,Positive,16256.81,No,2025-07-11
9057,USB Flash Drive,Storage,4,Works perfectly and looks premium,Positive,2248.02,Yes,2025-01-01
9058,Camera,Camera,4,Works perfectly and looks premium,Positive,141590.74,Yes,2025-05-26
9059,Tablet,Computing,5,Works perfectly and looks premium,Positive,70149.58,Yes,2025-05-29
9060,Gaming Console,Gaming,4,Good quality and easy to use,Positive,30431.89,Yes,2025-11-20
9061,Keyboard,Accessories,1,Build quality is poor,Negative,13662.47,Yes,2025-06-05
9062,Earbuds,Audio,4,Good quality and easy to use,Positive,4019.2,Yes,2025-07-27
9063,Bluetooth Speaker,Audio,2,Build quality is poor,Negative,28294.26,Yes,2025-01-31
9064,USB Flash Drive,Storage,4,Fast performance and reliable,Positive,729.97,Yes,2025-05-24
9065,Smartwatch,Wearable,3,Nothing special but it works fine,Neutral,9842.41,Yes,2025-04-14
9066,Charger,Power,3,Product meets basic expectations,Neutral,570.51,Yes,2025-07-01
9067,Laptop,Computing,4,Works perfectly and looks premium,Positive,89667.74,Yes,2025-11-24
9068,Router,Networking,1,Not worth the price,Negative,12226.46,Yes,2025-12-07
9069,Tablet,Computing,4,Very good product and worth the price,Positive,66256.72,No,2025-04-15
9070,Webcam,Computer Accessories,2,Product stopped working after a few days,Negative,16741.86,Yes,2025-08-12
9071,Printer,Office Electronics,4,Great product with impressive features,Positive,28777.09,No,2025-12-15
9072,Printer,Office Electronics,5,Excellent product with great performance,Positive,27955.02,No,2025-03-25
9073,Bluetooth Speaker,Audio,4,Good quality and easy to use,Positive,10323.46,Yes,2025-06-09
9074,External SSD,Storage,5,Very good product and worth the price,Positive,20579.85,Yes,2025-07-02
9075,Tablet,Computing,4,Very good product and worth the price,Positive,91767.6,Yes,2025-01-02
9076,Earbuds,Audio,4,Good quality and easy to use,Positive,9204.86,Yes,2025-06-19
9077,Tablet,Computing,5,Amazing quality and works perfectly,Positive,42071.92,Yes,2025-02-14
9078,Laptop,Computing,2,Battery life is very poor,Negative,81498.68,Yes,2025-04-24
9079,Monitor,Computing,5,Really happy with the purchase,Positive,22828.58,Yes,2025-02-12
9080,Charger,Power,5,Excellent product with great performance,Positive,2963.54,Yes,2025-09-26
9081,Printer,Office Electronics,4,Good quality and easy to use,Positive,9750.88,Yes,2025-11-01
9082,Smartphone,Mobile,5,Great product with impressive features,Positive,101497.28,Yes,2025-04-08
9083,Keyboard,Accessories,5,Works perfectly and looks premium,Positive,2497.42,Yes,2025-01-15
9084,Router,Networking,4,Excellent product with great performance,Positive,4304.67,No,2025-06-29
9085,Headphones,Audio,5,Great product with impressive features,Positive,2522.94,Yes,2025-02-11
9086,Router,Networking,5,Excellent build quality and smooth performance,Positive,8245.6,No,2025-06-10
9087,Charger,Power,4,Works perfectly and looks premium,Positive,3860.93,Yes,2025-07-18
9088,Charger,Power,5,Amazing quality and works perfectly,Positive,4577.44,Yes,2025-06-20
9089,Tablet,Computing,5,"Amazing product, highly recommended",Positive,49085.27,Yes,2025-07-10
9090,Smartwatch,Wearable,5,Excellent product with great performance,Positive,12904.12,Yes,2025-07-26
9091,Printer,Office Electronics,3,"Average product, works as expected",Neutral,37654.46,Yes,2025-03-01
9092,Printer,Office Electronics,3,"Average product, works as expected",Neutral,35966.47,Yes,2025-09-07
9093,Mouse,Accessories,5,Great product with impressive features,Positive,6911.95,Yes,2025-09-01
9094,Charger,Power,2,Battery life is very poor,Negative,2384.09,Yes,2025-02-22
9095,Power Bank,Power,5,Excellent product with great performance,Positive,4870.15,Yes,2025-06-08
9096,Power Bank,Power,2,Performance is slow and unreliable,Negative,1246.16,Yes,2025-04-16
9097,Router,Networking,3,Product is okay for the price,Neutral,5750.24,Yes,2025-05-26
9098,Charger,Power,4,Fast performance and reliable,Positive,4656.64,Yes,2025-10-10
9099,Tablet,Computing,5,"Amazing product, highly recommended",Positive,13760.17,Yes,2025-08-06
9100,Laptop,Computing,4,Excellent product with great performance,Positive,75240.0,Yes,2025-11-28
9101,Printer,Office Electronics,5,Really happy with the purchase,Positive,15198.99,Yes,2025-07-27
9102,Router,Networking,2,Product stopped working after a few days,Negative,3474.54,Yes,2025-01-17
9103,Smartwatch,Wearable,4,Fast performance and reliable,Positive,46331.06,Yes,2025-09-17
9104,Laptop,Computing,2,Very bad experience with this product,Negative,48884.41,Yes,2025-01-27
9105,Headphones,Audio,5,Excellent build quality and smooth performance,Positive,14936.45,Yes,2025-05-05
9106,Charger,Power,4,Really happy with the purchase,Positive,4245.69,Yes,2025-12-07
9107,Charger,Power,2,Product has several issues,Negative,318.2,Yes,2025-12-28
9108,Smartwatch,Wearable,4,Good quality and easy to use,Positive,6763.59,Yes,2025-02-23
9109,Smartwatch,Wearable,5,Amazing quality and works perfectly,Positive,18081.87,Yes,2025-12-26
9110,Headphones,Audio,5,Really happy with the purchase,Positive,4851.69,Yes,2025-12-24
9111,Keyboard,Accessories,3,Features are satisfactory,Neutral,3148.56,Yes,2025-11-17
9112,Headphones,Audio,5,Great product with impressive features,Positive,17939.1,Yes,2025-10-30
9113,Mouse,Accessories,4,Excellent product with great performance,Positive,1955.12,Yes,2025-01-28
9114,Smartphone,Mobile,5,Fast performance and reliable,Positive,79550.89,Yes,2025-02-14
9115,Webcam,Computer Accessories,5,Great product with impressive features,Positive,18394.85,Yes,2025-08-13
9116,Printer,Office Electronics,2,Product stopped working after a few days,Negative,15324.29,Yes,2025-02-07
9117,Bluetooth Speaker,Audio,4,"Amazing product, highly recommended",Positive,6998.72,Yes,2025-04-02
9118,USB Flash Drive,Storage,4,Works perfectly and looks premium,Positive,353.55,Yes,2025-12-23
9119,Power Bank,Power,3,Decent quality but has some limitations,Neutral,905.6,No,2025-11-29
9120,Smartphone,Mobile,1,Build quality is poor,Negative,52422.17,Yes,2025-04-04
9121,Earbuds,Audio,2,Product stopped working after a few days,Negative,12481.53,Yes,2025-07-16
9122,Laptop,Computing,1,Battery life is very poor,Negative,57421.62,Yes,2025-07-16
9123,Router,Networking,5,Amazing quality and works perfectly,Positive,7136.77,Yes,2025-04-06
9124,External SSD,Storage,2,Very bad experience with this product,Negative,6788.37,Yes,2025-03-28
9125,Camera,Camera,4,Fast performance and reliable,Positive,178280.61,Yes,2025-06-09
9126,Smartphone,Mobile,4,Excellent build quality and smooth performance,Positive,52009.2,Yes,2025-08-08
9127,Headphones,Audio,3,Product meets basic expectations,Neutral,22162.86,No,2025-10-21
9128,Mouse,Accessories,4,Excellent product with great performance,Positive,5638.04,Yes,2025-11-03
9129,Tablet,Computing,2,Build quality is poor,Negative,43956.92,No,2025-01-08
9130,Tablet,Computing,2,Product stopped working after a few days,Negative,66373.0,Yes,2025-08-28
9131,Bluetooth Speaker,Audio,3,Performance is acceptable,Neutral,1009.34,Yes,2025-08-13
9132,Charger,Power,3,Product is okay for the price,Neutral,3544.71,Yes,2025-01-18
9133,Laptop,Computing,3,"Average product, works as expected",Neutral,85657.27,Yes,2025-11-01
9134,Smart TV,Home Entertainment,5,Excellent product with great performance,Positive,110011.62,Yes,2025-08-06
9135,Mouse,Accessories,3,Average experience with this product,Neutral,5377.07,No,2025-09-20
9136,Smartwatch,Wearable,4,Excellent product with great performance,Positive,28583.0,Yes,2025-08-30
9137,Smartphone,Mobile,2,Poor quality and disappointing performance,Negative,86667.29,Yes,2025-05-03
9138,Smart TV,Home Entertainment,1,Frequent problems while using the product,Negative,35469.53,Yes,2025-03-15
9139,Charger,Power,4,Works perfectly and looks premium,Positive,2598.2,No,2025-05-18
9140,Printer,Office Electronics,2,Product has several issues,Negative,8741.89,Yes,2025-10-06
9141,External SSD,Storage,3,Product meets basic expectations,Neutral,9322.14,Yes,2025-08-21
9142,Smart TV,Home Entertainment,5,Good quality and easy to use,Positive,50013.93,No,2025-08-17
9143,Printer,Office Electronics,4,Amazing quality and works perfectly,Positive,31941.92,Yes,2025-02-17
9144,External SSD,Storage,2,Not worth the price,Negative,19364.63,Yes,2025-01-04
9145,Printer,Office Electronics,4,Works perfectly and looks premium,Positive,42390.47,Yes,2025-09-01
9146,Printer,Office Electronics,4,Very good product and worth the price,Positive,28482.67,Yes,2025-12-13
9147,Earbuds,Audio,2,Not worth the price,Negative,18744.62,Yes,2025-05-11
9148,Charger,Power,3,Average experience with this product,Neutral,4478.67,Yes,2025-06-12
9149,Smart TV,Home Entertainment,4,Good quality and easy to use,Positive,39704.24,Yes,2025-12-16
9150,Printer,Office Electronics,5,Fast performance and reliable,Positive,37443.62,Yes,2025-03-26
9151,Tablet,Computing,5,"Amazing product, highly recommended",Positive,39514.25,No,2025-07-10
9152,Tablet,Computing,4,Really happy with the purchase,Positive,35025.74,Yes,2025-02-01
9153,Headphones,Audio,1,Poor quality and disappointing performance,Negative,28907.99,Yes,2025-04-07
9154,Router,Networking,4,Works perfectly and looks premium,Positive,4922.68,Yes,2025-05-17
9155,Monitor,Computing,4,Excellent build quality and smooth performance,Positive,73676.93,No,2025-09-08
9156,Camera,Camera,5,Really happy with the purchase,Positive,210336.21,Yes,2025-04-23
9157,Tablet,Computing,5,Excellent product with great performance,Positive,89076.92,No,2025-06-18
9158,Laptop,Computing,4,"Amazing product, highly recommended",Positive,117897.52,No,2025-04-19
9159,External SSD,Storage,3,Performance is acceptable,Neutral,18787.06,No,2025-02-21
9160,Earbuds,Audio,4,Works perfectly and looks premium,Positive,10363.26,Yes,2025-10-17
9161,Smartphone,Mobile,4,Good quality and easy to use,Positive,52902.97,Yes,2025-09-03
9162,Headphones,Audio,4,Great product with impressive features,Positive,25594.68,Yes,2025-08-24
9163,Bluetooth Speaker,Audio,5,"Amazing product, highly recommended",Positive,12122.45,Yes,2025-08-01
9164,Keyboard,Accessories,5,Great product with impressive features,Positive,7557.1,Yes,2025-02-18
9165,Printer,Office Electronics,5,Good quality and easy to use,Positive,49837.68,Yes,2025-07-08
9166,Smartwatch,Wearable,2,Performance is slow and unreliable,Negative,18684.22,Yes,2025-09-16
9167,Camera,Camera,4,"Amazing product, highly recommended",Positive,210083.13,Yes,2025-06-30
9168,Earbuds,Audio,4,Good quality and easy to use,Positive,7291.34,Yes,2025-09-22
9169,Mouse,Accessories,5,Fast performance and reliable,Positive,543.21,Yes,2025-05-01
9170,Earbuds,Audio,3,"Average product, works as expected",Neutral,15038.98,Yes,2025-07-07
9171,Bluetooth Speaker,Audio,5,"Amazing product, highly recommended",Positive,14796.9,Yes,2025-05-19
9172,Charger,Power,4,Works perfectly and looks premium,Positive,3997.36,Yes,2025-12-30
9173,Charger,Power,2,Poor quality and disappointing performance,Negative,319.52,No,2025-03-07
9174,Tablet,Computing,4,Really happy with the purchase,Positive,16350.43,Yes,2025-04-14
9175,Smartwatch,Wearable,4,Works perfectly and looks premium,Positive,43194.43,Yes,2025-09-06
9176,Headphones,Audio,3,Decent quality but has some limitations,Neutral,14684.51,No,2025-01-22
9177,Printer,Office Electronics,4,Excellent build quality and smooth performance,Positive,27786.8,Yes,2025-07-07
9178,Bluetooth Speaker,Audio,4,Good quality and easy to use,Positive,7373.12,Yes,2025-01-11
9179,Charger,Power,3,Product meets basic expectations,Neutral,4651.83,Yes,2025-07-12
9180,Keyboard,Accessories,3,Performance is acceptable,Neutral,13759.1,Yes,2025-04-28
9181,Monitor,Computing,5,Works perfectly and looks premium,Positive,44235.34,Yes,2025-03-11
9182,Smartphone,Mobile,4,Excellent build quality and smooth performance,Positive,32396.24,Yes,2025-07-01
9183,Keyboard,Accessories,4,Fast performance and reliable,Positive,14750.48,Yes,2025-05-01
9184,Smart TV,Home Entertainment,3,Product meets basic expectations,Neutral,180104.44,Yes,2025-01-29
9185,Webcam,Computer Accessories,4,Great product with impressive features,Positive,10906.81,Yes,2025-07-14
9186,Bluetooth Speaker,Audio,2,Very disappointed with the purchase,Negative,19090.84,Yes,2025-07-26
9187,Power Bank,Power,4,Very good product and worth the price,Positive,3965.61,Yes,2025-08-30
9188,Earbuds,Audio,5,Excellent build quality and smooth performance,Positive,5548.42,Yes,2025-11-25
9189,Webcam,Computer Accessories,5,Great product with impressive features,Positive,13947.57,Yes,2025-09-14
9190,Charger,Power,5,Excellent product with great performance,Positive,3444.93,Yes,2025-10-18
9191,Webcam,Computer Accessories,5,Fast performance and reliable,Positive,11399.2,No,2025-08-25
9192,Printer,Office Electronics,3,Average experience with this product,Neutral,41650.07,Yes,2025-09-03
9193,Bluetooth Speaker,Audio,2,Product stopped working after a few days,Negative,13993.63,Yes,2025-10-17
9194,Mouse,Accessories,4,Good quality and easy to use,Positive,8650.89,Yes,2025-08-30
9195,Charger,Power,5,Good quality and easy to use,Positive,1319.99,Yes,2025-07-03
9196,Headphones,Audio,4,Very good product and worth the price,Positive,28873.26,Yes,2025-09-24
9197,USB Flash Drive,Storage,3,Average experience with this product,Neutral,1263.88,Yes,2025-12-19
9198,Charger,Power,1,Not worth the price,Negative,1052.56,Yes,2025-06-30
9199,Headphones,Audio,4,Good quality and easy to use,Positive,18300.23,Yes,2025-03-24
9200,Mouse,Accessories,4,Amazing quality and works perfectly,Positive,1202.88,No,2025-05-27
9201,USB Flash Drive,Storage,3,Features are satisfactory,Neutral,1089.28,Yes,2025-01-06
9202,Keyboard,Accessories,2,Frequent problems while using the product,Negative,11071.0,Yes,2025-04-22
9203,Router,Networking,4,Good quality and easy to use,Positive,6854.88,Yes,2025-11-20
9204,Smart TV,Home Entertainment,1,Build quality is poor,Negative,163022.44,No,2025-02-06
9205,Bluetooth Speaker,Audio,1,Performance is slow and unreliable,Negative,5342.14,Yes,2025-11-21
9206,Smart TV,Home Entertainment,4,Excellent build quality and smooth performance,Positive,86280.77,Yes,2025-07-25
9207,Keyboard,Accessories,5,Really happy with the purchase,Positive,6101.18,Yes,2025-04-27
9208,Charger,Power,5,Excellent product with great performance,Positive,2557.86,Yes,2025-06-22
9209,External SSD,Storage,4,Excellent build quality and smooth performance,Positive,14080.59,Yes,2025-11-17
9210,Laptop,Computing,4,Good quality and easy to use,Positive,88017.86,Yes,2025-02-13
9211,Router,Networking,5,Fast performance and reliable,Positive,7240.31,Yes,2025-07-26
9212,Charger,Power,5,Great product with impressive features,Positive,371.21,Yes,2025-04-08
9213,Gaming Console,Gaming,3,"Average product, works as expected",Neutral,58912.47,Yes,2025-07-17
9214,Smart TV,Home Entertainment,5,"Amazing product, highly recommended",Positive,102595.9,Yes,2025-10-15
9215,Mouse,Accessories,5,Good quality and easy to use,Positive,3920.84,Yes,2025-12-03
9216,Webcam,Computer Accessories,5,Excellent build quality and smooth performance,Positive,5016.88,No,2025-04-04
9217,Charger,Power,2,Frequent problems while using the product,Negative,4489.53,Yes,2025-08-31
9218,Headphones,Audio,3,Good enough for basic use,Neutral,7517.87,No,2025-06-05
9219,Gaming Console,Gaming,4,Excellent build quality and smooth performance,Positive,75650.85,Yes,2025-07-03
9220,Smartwatch,Wearable,1,Performance is slow and unreliable,Negative,12037.3,Yes,2025-02-28
9221,Printer,Office Electronics,3,It is okay but could be improved,Neutral,48714.17,Yes,2025-11-09
9222,Smartwatch,Wearable,4,Excellent product with great performance,Positive,21862.68,Yes,2025-03-03
9223,Mouse,Accessories,5,Excellent build quality and smooth performance,Positive,5467.36,Yes,2025-01-15
9224,USB Flash Drive,Storage,5,Fast performance and reliable,Positive,1704.41,Yes,2025-10-04
9225,Smartphone,Mobile,5,Fast performance and reliable,Positive,113188.26,Yes,2025-05-29
9226,Mouse,Accessories,4,Excellent build quality and smooth performance,Positive,3040.94,Yes,2025-01-25
9227,Power Bank,Power,4,"Amazing product, highly recommended",Positive,6057.53,Yes,2025-09-06
9228,Bluetooth Speaker,Audio,4,Amazing quality and works perfectly,Positive,1398.33,Yes,2025-04-15
9229,Gaming Console,Gaming,5,Excellent product with great performance,Positive,55729.53,Yes,2025-12-23
9230,Bluetooth Speaker,Audio,5,Good quality and easy to use,Positive,22454.01,Yes,2025-12-25
9231,Monitor,Computing,2,Very bad experience with this product,Negative,40844.62,No,2025-07-20
9232,Earbuds,Audio,3,Features are satisfactory,Neutral,16261.27,Yes,2025-06-23
9233,Camera,Camera,5,Excellent build quality and smooth performance,Positive,197812.8,Yes,2025-06-12
9234,Printer,Office Electronics,4,Very good product and worth the price,Positive,27510.71,No,2025-08-10
9235,Smartwatch,Wearable,4,Good quality and easy to use,Positive,12077.46,Yes,2025-11-28
9236,Keyboard,Accessories,3,Decent quality but has some limitations,Neutral,6253.19,Yes,2025-08-22
9237,Headphones,Audio,2,Poor quality and disappointing performance,Negative,22057.98,Yes,2025-02-06
9238,Headphones,Audio,5,Great product with impressive features,Positive,8497.21,Yes,2025-03-13
9239,Smart TV,Home Entertainment,3,Decent quality but has some limitations,Neutral,131926.41,Yes,2025-08-18
9240,Router,Networking,5,Great product with impressive features,Positive,3817.55,Yes,2025-05-15
9241,Webcam,Computer Accessories,4,Amazing quality and works perfectly,Positive,18675.57,Yes,2025-06-24
9242,Camera,Camera,4,"Amazing product, highly recommended",Positive,160671.2,Yes,2025-05-27
9243,Gaming Console,Gaming,4,Amazing quality and works perfectly,Positive,50754.88,No,2025-08-06
9244,Router,Networking,2,Battery life is very poor,Negative,16418.94,Yes,2025-03-26
9245,Gaming Console,Gaming,4,Excellent build quality and smooth performance,Positive,68844.41,Yes,2025-01-27
9246,USB Flash Drive,Storage,2,Very disappointed with the purchase,Negative,757.42,Yes,2025-03-27
9247,Bluetooth Speaker,Audio,5,Very good product and worth the price,Positive,9766.25,Yes,2025-09-01
9248,Tablet,Computing,4,Excellent build quality and smooth performance,Positive,51271.95,Yes,2025-08-10
9249,Mouse,Accessories,5,Good quality and easy to use,Positive,3603.24,Yes,2025-10-23
9250,Smartphone,Mobile,4,"Amazing product, highly recommended",Positive,43537.68,Yes,2025-02-09
9251,Smartphone,Mobile,3,Average experience with this product,Neutral,47445.31,Yes,2025-02-21
9252,Laptop,Computing,3,Product is okay for the price,Neutral,51307.4,Yes,2025-02-17
9253,Laptop,Computing,5,Excellent product with great performance,Positive,47912.6,Yes,2025-07-25
9254,Router,Networking,4,Excellent build quality and smooth performance,Positive,5945.91,Yes,2025-07-29
9255,Charger,Power,2,Performance is slow and unreliable,Negative,629.38,Yes,2025-02-28
9256,Webcam,Computer Accessories,3,Nothing special but it works fine,Neutral,10694.18,Yes,2025-06-14
9257,Earbuds,Audio,4,Excellent product with great performance,Positive,4251.84,No,2025-01-19
9258,Bluetooth Speaker,Audio,5,Great product with impressive features,Positive,2772.96,Yes,2025-08-12
9259,Mouse,Accessories,5,Excellent build quality and smooth performance,Positive,8420.31,Yes,2025-07-28
9260,External SSD,Storage,2,Not worth the price,Negative,18862.76,Yes,2025-01-10
9261,Webcam,Computer Accessories,5,Great product with impressive features,Positive,18068.84,Yes,2025-02-02
9262,Router,Networking,5,"Amazing product, highly recommended",Positive,19684.46,Yes,2025-09-15
9263,Power Bank,Power,4,Very good product and worth the price,Positive,5073.43,Yes,2025-11-25
9264,Smart TV,Home Entertainment,5,Amazing quality and works perfectly,Positive,162255.8,Yes,2025-11-07
9265,Smartwatch,Wearable,4,Really happy with the purchase,Positive,9237.79,No,2025-07-26
9266,Mouse,Accessories,4,Excellent build quality and smooth performance,Positive,7074.18,Yes,2025-07-11
9267,Headphones,Audio,4,Good quality and easy to use,Positive,16711.85,Yes,2025-10-23
9268,Smartwatch,Wearable,4,Excellent build quality and smooth performance,Positive,34305.05,Yes,2025-11-03
9269,Monitor,Computing,4,Great product with impressive features,Positive,13749.59,Yes,2025-11-27
9270,External SSD,Storage,1,Build quality is poor,Negative,28267.01,Yes,2025-05-26
9271,Bluetooth Speaker,Audio,5,"Amazing product, highly recommended",Positive,12990.63,Yes,2025-06-23
9272,USB Flash Drive,Storage,4,Really happy with the purchase,Positive,3946.26,No,2025-01-29
9273,Camera,Camera,4,Fast performance and reliable,Positive,247887.7,Yes,2025-03-05
9274,Router,Networking,4,Excellent build quality and smooth performance,Positive,17592.93,Yes,2025-05-18
9275,Headphones,Audio,1,Battery life is very poor,Negative,9695.31,Yes,2025-10-23
9276,Printer,Office Electronics,2,Very disappointed with the purchase,Negative,23088.93,Yes,2025-06-12
9277,Headphones,Audio,5,Really happy with the purchase,Positive,19635.3,Yes,2025-08-03
9278,Monitor,Computing,1,Not worth the price,Negative,45813.71,Yes,2025-11-12
9279,External SSD,Storage,4,Great product with impressive features,Positive,14078.11,Yes,2025-06-23
9280,Gaming Console,Gaming,5,Excellent build quality and smooth performance,Positive,60935.33,Yes,2025-05-03
9281,Earbuds,Audio,5,Really happy with the purchase,Positive,22783.45,Yes,2025-09-24
9282,Earbuds,Audio,4,Great product with impressive features,Positive,8082.65,Yes,2025-04-26
9283,Keyboard,Accessories,5,Fast performance and reliable,Positive,2360.91,No,2025-05-22
9284,Keyboard,Accessories,4,Good quality and easy to use,Positive,10298.37,No,2025-11-21
9285,Laptop,Computing,4,Great product with impressive features,Positive,118439.25,Yes,2025-06-09
9286,Headphones,Audio,5,Excellent build quality and smooth performance,Positive,27214.85,Yes,2025-04-02
9287,Smartwatch,Wearable,4,Great product with impressive features,Positive,37518.97,No,2025-11-01
9288,Smartwatch,Wearable,4,"Amazing product, highly recommended",Positive,20759.48,No,2025-08-23
9289,Monitor,Computing,4,"Amazing product, highly recommended",Positive,52866.37,Yes,2025-10-08
9290,Smartphone,Mobile,5,Really happy with the purchase,Positive,104585.11,Yes,2025-04-30
9291,Gaming Console,Gaming,4,Really happy with the purchase,Positive,44111.02,Yes,2025-10-13
9292,Gaming Console,Gaming,3,Product meets basic expectations,Neutral,25760.46,Yes,2025-12-14
9293,Headphones,Audio,4,Works perfectly and looks premium,Positive,18977.04,Yes,2025-03-01
9294,Printer,Office Electronics,5,"Amazing product, highly recommended",Positive,6166.64,Yes,2025-03-11
9295,Charger,Power,3,Average experience with this product,Neutral,4706.16,Yes,2025-07-25
9296,Bluetooth Speaker,Audio,3,Features are satisfactory,Neutral,5711.41,Yes,2025-09-22
9297,Smartwatch,Wearable,1,Performance is slow and unreliable,Negative,19651.78,Yes,2025-01-01
9298,Keyboard,Accessories,5,Fast performance and reliable,Positive,14221.12,Yes,2025-07-20
9299,Smart TV,Home Entertainment,1,Very disappointed with the purchase,Negative,29787.16,Yes,2025-02-16
9300,Smartphone,Mobile,4,Works perfectly and looks premium,Positive,8486.36,Yes,2025-12-24
9301,Smartphone,Mobile,5,Amazing quality and works perfectly,Positive,19607.29,Yes,2025-09-23
9302,Keyboard,Accessories,5,Fast performance and reliable,Positive,14797.56,Yes,2025-12-29
9303,Webcam,Computer Accessories,5,"Amazing product, highly recommended",Positive,19462.85,No,2025-03-21
9304,Earbuds,Audio,4,Works perfectly and looks premium,Positive,9922.68,No,2025-10-17
9305,Router,Networking,3,Decent quality but has some limitations,Neutral,15114.83,Yes,2025-05-20
9306,Charger,Power,5,Excellent build quality and smooth performance,Positive,3758.89,No,2025-02-07
9307,Smartwatch,Wearable,2,Very bad experience with this product,Negative,6341.09,Yes,2025-06-25
9308,Webcam,Computer Accessories,3,It is okay but could be improved,Neutral,5467.28,Yes,2025-06-21
9309,Smartwatch,Wearable,5,Excellent build quality and smooth performance,Positive,44615.64,Yes,2025-07-02
9310,Power Bank,Power,5,Really happy with the purchase,Positive,1993.02,No,2025-11-08
9311,Gaming Console,Gaming,5,Fast performance and reliable,Positive,53647.04,Yes,2025-04-12
9312,Gaming Console,Gaming,4,Really happy with the purchase,Positive,38428.38,No,2025-08-22
9313,Printer,Office Electronics,3,Decent quality but has some limitations,Neutral,30092.66,Yes,2025-03-14
9314,Router,Networking,5,"Amazing product, highly recommended",Positive,4734.08,No,2025-11-17
9315,Gaming Console,Gaming,3,Performance is acceptable,Neutral,36866.15,Yes,2025-06-17
9316,Smartwatch,Wearable,4,Excellent product with great performance,Positive,3769.75,No,2025-10-19
9317,Bluetooth Speaker,Audio,2,Very disappointed with the purchase,Negative,29713.0,No,2025-04-09
9318,Bluetooth Speaker,Audio,3,Product meets basic expectations,Neutral,4102.38,Yes,2025-04-25
9319,Monitor,Computing,5,Fast performance and reliable,Positive,36755.79,Yes,2025-12-25
9320,Tablet,Computing,5,Works perfectly and looks premium,Positive,47580.22,Yes,2025-03-13
9321,Laptop,Computing,4,Amazing quality and works perfectly,Positive,75543.94,No,2025-07-24
9322,Keyboard,Accessories,5,Very good product and worth the price,Positive,12012.86,Yes,2025-04-28
9323,Router,Networking,5,Very good product and worth the price,Positive,7416.15,Yes,2025-05-23
9324,Printer,Office Electronics,3,It is okay but could be improved,Neutral,33145.26,Yes,2025-09-12
9325,Webcam,Computer Accessories,1,Battery life is very poor,Negative,11317.01,Yes,2025-10-13
9326,Mouse,Accessories,5,Works perfectly and looks premium,Positive,8681.08,Yes,2025-06-25
9327,Printer,Office Electronics,3,Product is okay for the price,Neutral,41876.72,Yes,2025-08-21
9328,Mouse,Accessories,1,Frequent problems while using the product,Negative,2414.09,No,2025-01-17
9329,Mouse,Accessories,4,"Amazing product, highly recommended",Positive,7576.08,Yes,2025-03-27
9330,Headphones,Audio,4,Excellent build quality and smooth performance,Positive,23880.77,No,2025-09-29
9331,Camera,Camera,3,Good enough for basic use,Neutral,231816.77,Yes,2025-09-01
9332,Bluetooth Speaker,Audio,4,Very good product and worth the price,Positive,28925.95,Yes,2025-01-17
9333,Mouse,Accessories,3,Performance is acceptable,Neutral,7448.6,No,2025-11-22
9334,Webcam,Computer Accessories,4,Really happy with the purchase,Positive,9548.69,Yes,2025-05-30
9335,Power Bank,Power,5,Excellent build quality and smooth performance,Positive,2909.39,Yes,2025-04-21
9336,Bluetooth Speaker,Audio,3,Good enough for basic use,Neutral,26048.16,No,2025-06-18
9337,Gaming Console,Gaming,1,Very disappointed with the purchase,Negative,75355.5,Yes,2025-05-25
9338,Router,Networking,5,"Amazing product, highly recommended",Positive,2853.66,Yes,2025-07-03
9339,Camera,Camera,5,Works perfectly and looks premium,Positive,149722.61,Yes,2025-03-01
9340,Smartphone,Mobile,4,Works perfectly and looks premium,Positive,22469.76,Yes,2025-02-20
9341,Headphones,Audio,5,Excellent build quality and smooth performance,Positive,7921.6,Yes,2025-12-28
9342,Tablet,Computing,5,Really happy with the purchase,Positive,44487.65,Yes,2025-09-30
9343,Smart TV,Home Entertainment,5,Fast performance and reliable,Positive,72565.38,Yes,2025-05-12
9344,Bluetooth Speaker,Audio,4,Fast performance and reliable,Positive,21707.17,Yes,2025-11-07
9345,Mouse,Accessories,3,Good enough for basic use,Neutral,1065.97,Yes,2025-10-18
9346,Webcam,Computer Accessories,3,Decent quality but has some limitations,Neutral,12661.7,Yes,2025-09-12
9347,Smart TV,Home Entertainment,5,Fast performance and reliable,Positive,122561.69,Yes,2025-09-21
9348,Headphones,Audio,3,Features are satisfactory,Neutral,23722.25,No,2025-12-14
9349,Printer,Office Electronics,5,"Amazing product, highly recommended",Positive,9350.53,No,2025-11-01
9350,Router,Networking,4,Excellent build quality and smooth performance,Positive,7319.49,Yes,2025-04-04
9351,Camera,Camera,3,Decent quality but has some limitations,Neutral,181848.27,Yes,2025-09-23
9352,Smartwatch,Wearable,5,Great product with impressive features,Positive,36016.82,Yes,2025-02-28
9353,Gaming Console,Gaming,5,Excellent product with great performance,Positive,49729.42,No,2025-07-03
9354,Camera,Camera,4,Fast performance and reliable,Positive,128898.12,Yes,2025-01-25
9355,Keyboard,Accessories,4,Very good product and worth the price,Positive,14491.91,Yes,2025-03-03
9356,Charger,Power,4,Very good product and worth the price,Positive,1833.27,Yes,2025-09-21
9357,Headphones,Audio,4,Good quality and easy to use,Positive,4928.38,Yes,2025-05-16
9358,Camera,Camera,5,Good quality and easy to use,Positive,239389.46,No,2025-03-01
9359,Smartwatch,Wearable,3,Product is okay for the price,Neutral,40765.99,Yes,2025-12-24
9360,Earbuds,Audio,3,Product meets basic expectations,Neutral,6308.04,Yes,2025-12-09
9361,Mouse,Accessories,4,Great product with impressive features,Positive,8615.39,Yes,2025-03-25
9362,Smartwatch,Wearable,5,"Amazing product, highly recommended",Positive,13736.62,No,2025-08-07
9363,Webcam,Computer Accessories,5,Works perfectly and looks premium,Positive,16721.5,Yes,2025-04-18
9364,Printer,Office Electronics,3,Product meets basic expectations,Neutral,33285.32,Yes,2025-10-21
9365,Mouse,Accessories,5,Fast performance and reliable,Positive,4981.03,No,2025-09-09
9366,Charger,Power,4,Works perfectly and looks premium,Positive,4661.94,No,2025-06-08
9367,Earbuds,Audio,1,Frequent problems while using the product,Negative,20329.51,Yes,2025-12-06
9368,Headphones,Audio,5,Excellent build quality and smooth performance,Positive,4332.79,Yes,2025-09-26
9369,Smart TV,Home Entertainment,5,Great product with impressive features,Positive,145530.26,No,2025-02-25
9370,Keyboard,Accessories,4,"Amazing product, highly recommended",Positive,11947.78,No,2025-06-11
9371,Smart TV,Home Entertainment,1,Product has several issues,Negative,115108.61,Yes,2025-10-30
9372,Laptop,Computing,3,Average experience with this product,Neutral,71410.26,Yes,2025-07-16
9373,Tablet,Computing,2,Product has several issues,Negative,31102.57,Yes,2025-02-06
9374,Mouse,Accessories,2,Battery life is very poor,Negative,9749.22,Yes,2025-10-10
9375,External SSD,Storage,3,Performance is acceptable,Neutral,14793.42,Yes,2025-06-25
9376,Keyboard,Accessories,4,Fast performance and reliable,Positive,8022.96,Yes,2025-03-28
9377,USB Flash Drive,Storage,4,Very good product and worth the price,Positive,3111.38,Yes,2025-10-25
9378,Tablet,Computing,5,Great product with impressive features,Positive,19056.83,Yes,2025-11-19
9379,Printer,Office Electronics,5,Very good product and worth the price,Positive,8658.29,No,2025-08-03
9380,Keyboard,Accessories,5,Good quality and easy to use,Positive,3372.99,Yes,2025-09-19
9381,Earbuds,Audio,5,Excellent product with great performance,Positive,2100.56,Yes,2025-03-29
9382,Camera,Camera,4,Good quality and easy to use,Positive,227156.26,No,2025-09-30
9383,External SSD,Storage,4,Fast performance and reliable,Positive,6996.66,Yes,2025-11-27
9384,Webcam,Computer Accessories,4,Really happy with the purchase,Positive,5304.81,Yes,2025-03-28
9385,Laptop,Computing,3,Average experience with this product,Neutral,110596.55,Yes,2025-12-11
9386,Router,Networking,4,Excellent build quality and smooth performance,Positive,18027.88,Yes,2025-02-02
9387,Bluetooth Speaker,Audio,4,Great product with impressive features,Positive,2231.71,Yes,2025-06-12
9388,Power Bank,Power,2,Performance is slow and unreliable,Negative,2355.02,No,2025-01-27
9389,Mouse,Accessories,3,Good enough for basic use,Neutral,7258.3,No,2025-06-13
9390,External SSD,Storage,5,Excellent build quality and smooth performance,Positive,17017.85,Yes,2025-08-25
9391,Monitor,Computing,3,Features are satisfactory,Neutral,49994.36,Yes,2025-11-14
9392,Earbuds,Audio,2,Poor quality and disappointing performance,Negative,915.37,Yes,2025-02-24
9393,Mouse,Accessories,4,Very good product and worth the price,Positive,8708.01,No,2025-11-20
9394,Gaming Console,Gaming,4,Amazing quality and works perfectly,Positive,56830.74,Yes,2025-12-31
9395,USB Flash Drive,Storage,4,Excellent build quality and smooth performance,Positive,4221.53,Yes,2025-01-25
9396,Smartphone,Mobile,4,Works perfectly and looks premium,Positive,115939.43,Yes,2025-12-17
9397,Charger,Power,1,Not worth the price,Negative,3741.16,No,2025-11-27
9398,Laptop,Computing,5,Excellent build quality and smooth performance,Positive,34651.57,Yes,2025-01-11
9399,Camera,Camera,3,Features are satisfactory,Neutral,185094.13,Yes,2025-01-24
9400,Camera,Camera,4,Works perfectly and looks premium,Positive,151780.9,Yes,2025-09-22
9401,Printer,Office Electronics,2,Performance is slow and unreliable,Negative,9659.28,Yes,2025-06-03
9402,Smartwatch,Wearable,5,Very good product and worth the price,Positive,14615.71,Yes,2025-04-06
9403,External SSD,Storage,5,Great product with impressive features,Positive,7558.71,Yes,2025-05-28
9404,Gaming Console,Gaming,3,Product meets basic expectations,Neutral,75866.28,Yes,2025-05-05
9405,Gaming Console,Gaming,5,Great product with impressive features,Positive,68740.58,Yes,2025-12-22
9406,Camera,Camera,4,Very good product and worth the price,Positive,182692.13,Yes,2025-03-29
9407,Power Bank,Power,4,"Amazing product, highly recommended",Positive,6295.91,No,2025-02-02
9408,Laptop,Computing,4,Works perfectly and looks premium,Positive,120186.91,Yes,2025-10-31
9409,USB Flash Drive,Storage,4,Really happy with the purchase,Positive,4319.75,Yes,2025-11-03
9410,Monitor,Computing,4,Very good product and worth the price,Positive,22917.0,Yes,2025-11-23
9411,Tablet,Computing,1,Build quality is poor,Negative,32545.41,Yes,2025-12-21
9412,Camera,Camera,1,Very disappointed with the purchase,Negative,158143.67,Yes,2025-01-15
9413,Webcam,Computer Accessories,4,Excellent build quality and smooth performance,Positive,16392.57,No,2025-10-08
9414,Router,Networking,4,Very good product and worth the price,Positive,16879.98,Yes,2025-04-09
9415,Headphones,Audio,3,Decent quality but has some limitations,Neutral,29299.47,Yes,2025-06-03
9416,USB Flash Drive,Storage,4,Really happy with the purchase,Positive,3882.74,Yes,2025-06-13
9417,USB Flash Drive,Storage,4,Really happy with the purchase,Positive,1393.89,No,2025-12-26
9418,Bluetooth Speaker,Audio,3,It is okay but could be improved,Neutral,7535.0,Yes,2025-07-10
9419,Power Bank,Power,4,Excellent build quality and smooth performance,Positive,4008.24,Yes,2025-03-23
9420,USB Flash Drive,Storage,3,It is okay but could be improved,Neutral,3355.71,Yes,2025-02-01
9421,Smartwatch,Wearable,5,Amazing quality and works perfectly,Positive,26380.11,Yes,2025-08-03
9422,Monitor,Computing,5,Works perfectly and looks premium,Positive,10993.0,Yes,2025-10-30
9423,Mouse,Accessories,4,Very good product and worth the price,Positive,4974.44,Yes,2025-09-17
9424,Smartphone,Mobile,4,Fast performance and reliable,Positive,99515.05,No,2025-12-07
9425,Smartwatch,Wearable,4,Really happy with the purchase,Positive,13155.27,Yes,2025-01-16
9426,Camera,Camera,3,It is okay but could be improved,Neutral,167882.34,Yes,2025-05-28
9427,Earbuds,Audio,5,Excellent build quality and smooth performance,Positive,7108.13,Yes,2025-08-12
9428,Headphones,Audio,2,Build quality is poor,Negative,16892.24,Yes,2025-11-09
9429,Earbuds,Audio,4,Excellent product with great performance,Positive,17673.98,Yes,2025-04-25
9430,Tablet,Computing,4,Fast performance and reliable,Positive,28650.0,Yes,2025-09-04
9431,Camera,Camera,5,Amazing quality and works perfectly,Positive,191398.1,Yes,2025-03-17
9432,Earbuds,Audio,5,Excellent build quality and smooth performance,Positive,17074.7,No,2025-08-04
9433,Gaming Console,Gaming,4,Excellent product with great performance,Positive,42201.8,Yes,2025-10-10
9434,USB Flash Drive,Storage,3,Product meets basic expectations,Neutral,4506.38,Yes,2025-10-26
9435,Mouse,Accessories,4,Very good product and worth the price,Positive,7870.99,Yes,2025-06-14
9436,Webcam,Computer Accessories,1,Product has several issues,Negative,10901.52,No,2025-06-22
9437,Smartwatch,Wearable,4,Fast performance and reliable,Positive,5510.2,Yes,2025-11-18
9438,Smart TV,Home Entertainment,5,Fast performance and reliable,Positive,96514.98,Yes,2025-07-19
9439,Bluetooth Speaker,Audio,5,Really happy with the purchase,Positive,10431.64,No,2025-05-08
9440,Bluetooth Speaker,Audio,5,Fast performance and reliable,Positive,8463.41,Yes,2025-04-11
9441,Smart TV,Home Entertainment,4,Great product with impressive features,Positive,134061.11,Yes,2025-09-17
9442,Mouse,Accessories,5,Good quality and easy to use,Positive,9240.78,Yes,2025-09-17
9443,Router,Networking,5,"Amazing product, highly recommended",Positive,3784.53,Yes,2025-07-16
9444,USB Flash Drive,Storage,3,Product is okay for the price,Neutral,3785.7,Yes,2025-02-28
9445,Keyboard,Accessories,4,Good quality and easy to use,Positive,9514.87,Yes,2025-02-28
9446,Bluetooth Speaker,Audio,4,Fast performance and reliable,Positive,20277.34,No,2025-03-30
9447,Mouse,Accessories,5,Very good product and worth the price,Positive,8498.3,Yes,2025-01-05
9448,Monitor,Computing,3,Product meets basic expectations,Neutral,33783.59,Yes,2025-06-25
9449,Keyboard,Accessories,4,Great product with impressive features,Positive,8903.54,Yes,2025-06-01
9450,Headphones,Audio,3,Average experience with this product,Neutral,8666.3,Yes,2025-05-21
9451,Webcam,Computer Accessories,4,"Amazing product, highly recommended",Positive,6400.02,No,2025-12-08
9452,Charger,Power,5,Great product with impressive features,Positive,2712.43,Yes,2025-03-29
9453,External SSD,Storage,4,Really happy with the purchase,Positive,3197.1,Yes,2025-10-23
9454,Gaming Console,Gaming,4,Excellent product with great performance,Positive,38646.34,Yes,2025-03-12
9455,Monitor,Computing,5,Really happy with the purchase,Positive,17220.53,Yes,2025-08-12
9456,Bluetooth Speaker,Audio,3,Average experience with this product,Neutral,4300.14,Yes,2025-11-11
9457,Smart TV,Home Entertainment,5,Great product with impressive features,Positive,86156.31,Yes,2025-11-02
9458,Smartphone,Mobile,3,Product is okay for the price,Neutral,19688.52,Yes,2025-08-04
9459,Earbuds,Audio,4,"Amazing product, highly recommended",Positive,4280.09,Yes,2025-03-17
9460,Router,Networking,5,Fast performance and reliable,Positive,13705.6,Yes,2025-05-18
9461,Power Bank,Power,1,Battery life is very poor,Negative,5489.66,Yes,2025-06-04
9462,Camera,Camera,5,Fast performance and reliable,Positive,237629.1,No,2025-11-05
9463,Smartphone,Mobile,5,Great product with impressive features,Positive,111070.6,Yes,2025-05-18
9464,Headphones,Audio,5,Works perfectly and looks premium,Positive,26281.24,Yes,2025-10-29
9465,Charger,Power,2,Product stopped working after a few days,Negative,3547.49,Yes,2025-12-14
9466,Bluetooth Speaker,Audio,5,Excellent build quality and smooth performance,Positive,8584.41,Yes,2025-02-10
9467,Mouse,Accessories,4,Great product with impressive features,Positive,2028.13,Yes,2025-12-08
9468,Smart TV,Home Entertainment,5,Great product with impressive features,Positive,190642.3,Yes,2025-07-27
9469,Camera,Camera,5,Really happy with the purchase,Positive,240916.52,Yes,2025-08-08
9470,Camera,Camera,5,Fast performance and reliable,Positive,138497.77,Yes,2025-04-22
9471,Smartwatch,Wearable,2,Very disappointed with the purchase,Negative,28098.06,Yes,2025-05-02
9472,Charger,Power,5,Fast performance and reliable,Positive,325.25,Yes,2025-07-17
9473,Smart TV,Home Entertainment,1,Product has several issues,Negative,42488.34,Yes,2025-03-14
9474,Camera,Camera,5,Very good product and worth the price,Positive,147848.72,No,2025-09-20
9475,External SSD,Storage,4,Works perfectly and looks premium,Positive,7908.41,Yes,2025-09-01
9476,Smart TV,Home Entertainment,3,"Average product, works as expected",Neutral,103564.93,No,2025-01-04
9477,Webcam,Computer Accessories,3,Decent quality but has some limitations,Neutral,16103.4,Yes,2025-03-18
9478,Bluetooth Speaker,Audio,5,Excellent build quality and smooth performance,Positive,24182.72,Yes,2025-07-07
9479,Earbuds,Audio,4,"Amazing product, highly recommended",Positive,21610.63,Yes,2025-09-28
9480,Earbuds,Audio,1,Frequent problems while using the product,Negative,6274.95,Yes,2025-04-17
9481,External SSD,Storage,4,Great product with impressive features,Positive,14661.23,No,2025-11-20
9482,Monitor,Computing,5,Excellent build quality and smooth performance,Positive,52386.56,Yes,2025-07-14
9483,USB Flash Drive,Storage,5,Excellent product with great performance,Positive,3031.1,Yes,2025-07-16
9484,USB Flash Drive,Storage,5,Really happy with the purchase,Positive,4995.64,Yes,2025-02-10
9485,Gaming Console,Gaming,1,Frequent problems while using the product,Negative,40195.48,Yes,2025-08-18
9486,Tablet,Computing,5,Excellent build quality and smooth performance,Positive,16420.55,Yes,2025-10-26
9487,Router,Networking,3,Product meets basic expectations,Neutral,8369.38,Yes,2025-03-19
9488,Headphones,Audio,3,It is okay but could be improved,Neutral,15781.4,Yes,2025-07-18
9489,Charger,Power,5,Great product with impressive features,Positive,2120.02,Yes,2025-01-03
9490,Headphones,Audio,2,Product stopped working after a few days,Negative,9921.24,Yes,2025-03-19
9491,Laptop,Computing,4,Great product with impressive features,Positive,68588.91,Yes,2025-01-26
9492,Camera,Camera,4,Works perfectly and looks premium,Positive,121183.98,No,2025-10-08
9493,Mouse,Accessories,4,Works perfectly and looks premium,Positive,6985.26,Yes,2025-12-30
9494,Camera,Camera,1,Poor quality and disappointing performance,Negative,58494.78,Yes,2025-01-14
9495,Mouse,Accessories,1,Build quality is poor,Negative,8695.68,No,2025-09-14
9496,Monitor,Computing,3,Product meets basic expectations,Neutral,53443.05,Yes,2025-08-05
9497,Smartphone,Mobile,3,Performance is acceptable,Neutral,20025.5,Yes,2025-09-14
9498,Earbuds,Audio,4,Good quality and easy to use,Positive,1076.23,No,2025-07-03
9499,Printer,Office Electronics,4,Very good product and worth the price,Positive,7311.07,Yes,2025-12-28
9500,External SSD,Storage,4,Excellent product with great performance,Positive,5439.95,Yes,2025-01-15
9501,Mouse,Accessories,5,Excellent product with great performance,Positive,6542.33,Yes,2025-02-24
9502,Smartphone,Mobile,5,Very good product and worth the price,Positive,113375.93,Yes,2025-04-02
9503,Smart TV,Home Entertainment,1,Poor quality and disappointing performance,Negative,39661.14,Yes,2025-10-13
9504,Router,Networking,5,Works perfectly and looks premium,Positive,6402.31,Yes,2025-01-29
9505,Smartphone,Mobile,1,Very disappointed with the purchase,Negative,104975.29,No,2025-02-15
9506,Headphones,Audio,4,Really happy with the purchase,Positive,15417.37,Yes,2025-09-25
9507,Smartwatch,Wearable,5,Works perfectly and looks premium,Positive,22215.94,Yes,2025-06-02
9508,Webcam,Computer Accessories,4,Great product with impressive features,Positive,9991.39,Yes,2025-09-15
9509,Smart TV,Home Entertainment,3,Features are satisfactory,Neutral,33707.28,No,2025-05-14
9510,Keyboard,Accessories,4,Excellent product with great performance,Positive,3684.05,Yes,2025-02-02
9511,Smartwatch,Wearable,4,Works perfectly and looks premium,Positive,48157.81,Yes,2025-08-06
9512,Camera,Camera,5,"Amazing product, highly recommended",Positive,169770.58,Yes,2025-02-09
9513,Earbuds,Audio,4,Very good product and worth the price,Positive,7513.99,Yes,2025-06-24
9514,Tablet,Computing,5,Great product with impressive features,Positive,95227.99,Yes,2025-11-18
9515,Earbuds,Audio,5,Great product with impressive features,Positive,10238.63,No,2025-03-08
9516,Earbuds,Audio,5,"Amazing product, highly recommended",Positive,3951.17,Yes,2025-03-15
9517,Laptop,Computing,4,Works perfectly and looks premium,Positive,174797.47,Yes,2025-12-13
9518,Router,Networking,4,Fast performance and reliable,Positive,13652.7,Yes,2025-04-21
9519,Monitor,Computing,2,Product has several issues,Negative,61708.34,Yes,2025-05-16
9520,Charger,Power,4,Good quality and easy to use,Positive,405.81,Yes,2025-09-07
9521,Charger,Power,4,Amazing quality and works perfectly,Positive,1630.78,No,2025-02-16
9522,External SSD,Storage,5,Amazing quality and works perfectly,Positive,28526.55,Yes,2025-01-23
9523,External SSD,Storage,4,Works perfectly and looks premium,Positive,7199.19,No,2025-11-04
9524,Charger,Power,2,Build quality is poor,Negative,4405.35,Yes,2025-12-12
9525,USB Flash Drive,Storage,4,Excellent build quality and smooth performance,Positive,3921.2,Yes,2025-12-27
9526,Charger,Power,3,Product is okay for the price,Neutral,2079.03,Yes,2025-01-09
9527,Smartphone,Mobile,3,Nothing special but it works fine,Neutral,107312.98,Yes,2025-07-13
9528,Printer,Office Electronics,4,"Amazing product, highly recommended",Positive,46521.81,No,2025-11-06
9529,External SSD,Storage,4,Very good product and worth the price,Positive,26405.4,No,2025-11-05
9530,Keyboard,Accessories,4,"Amazing product, highly recommended",Positive,6408.46,Yes,2025-05-12
9531,Monitor,Computing,5,Really happy with the purchase,Positive,49447.99,Yes,2025-06-28
9532,Printer,Office Electronics,3,Product is okay for the price,Neutral,18775.81,Yes,2025-02-24
9533,Keyboard,Accessories,2,Battery life is very poor,Negative,2384.32,Yes,2025-02-20
9534,Monitor,Computing,5,Great product with impressive features,Positive,72756.28,No,2025-05-18
9535,Router,Networking,4,Excellent build quality and smooth performance,Positive,19641.97,Yes,2025-03-26
9536,Bluetooth Speaker,Audio,3,Good enough for basic use,Neutral,2510.71,Yes,2025-12-22
9537,Keyboard,Accessories,5,Great product with impressive features,Positive,10472.19,Yes,2025-01-30
9538,External SSD,Storage,3,Nothing special but it works fine,Neutral,28629.71,Yes,2025-07-13
9539,Headphones,Audio,5,"Amazing product, highly recommended",Positive,18433.57,Yes,2025-07-23
9540,Smartphone,Mobile,3,Nothing special but it works fine,Neutral,13274.72,Yes,2025-01-22
9541,Bluetooth Speaker,Audio,1,Not worth the price,Negative,1235.48,No,2025-06-10
9542,Smartwatch,Wearable,5,Amazing quality and works perfectly,Positive,25948.97,Yes,2025-12-10
9543,Monitor,Computing,4,Works perfectly and looks premium,Positive,75555.93,Yes,2025-02-09
9544,Laptop,Computing,2,Product has several issues,Negative,71829.84,Yes,2025-02-22
9545,Charger,Power,4,Excellent build quality and smooth performance,Positive,1946.53,Yes,2025-03-02
9546,Power Bank,Power,4,Fast performance and reliable,Positive,6531.16,Yes,2025-01-20
9547,Earbuds,Audio,4,Amazing quality and works perfectly,Positive,20140.71,Yes,2025-11-20
9548,Camera,Camera,4,Great product with impressive features,Positive,237318.78,Yes,2025-01-17
9549,Tablet,Computing,5,Excellent build quality and smooth performance,Positive,85480.47,Yes,2025-04-13
9550,Smartphone,Mobile,4,Excellent build quality and smooth performance,Positive,74519.16,Yes,2025-10-29
9551,Mouse,Accessories,4,Amazing quality and works perfectly,Positive,9405.92,Yes,2025-12-30
9552,Smartwatch,Wearable,2,Very bad experience with this product,Negative,31299.28,Yes,2025-02-25
9553,Printer,Office Electronics,5,Works perfectly and looks premium,Positive,32071.06,Yes,2025-05-12
9554,Bluetooth Speaker,Audio,3,Product is okay for the price,Neutral,1252.67,Yes,2025-03-07
9555,Keyboard,Accessories,4,"Amazing product, highly recommended",Positive,7104.13,Yes,2025-03-12
9556,Earbuds,Audio,1,Poor quality and disappointing performance,Negative,1552.3,Yes,2025-12-11
9557,Keyboard,Accessories,1,Performance is slow and unreliable,Negative,13532.16,Yes,2025-05-04
9558,Laptop,Computing,4,Amazing quality and works perfectly,Positive,31570.59,Yes,2025-08-12
9559,Webcam,Computer Accessories,5,Works perfectly and looks premium,Positive,6833.04,No,2025-02-27
9560,Smartwatch,Wearable,4,Excellent build quality and smooth performance,Positive,49760.73,Yes,2025-04-15
9561,Monitor,Computing,4,Fast performance and reliable,Positive,64834.81,No,2025-05-12
9562,USB Flash Drive,Storage,4,Excellent build quality and smooth performance,Positive,3861.04,Yes,2025-08-03
9563,Keyboard,Accessories,4,Really happy with the purchase,Positive,10836.77,Yes,2025-11-25
9564,Router,Networking,4,Excellent build quality and smooth performance,Positive,1973.57,Yes,2025-03-30
9565,Laptop,Computing,1,Very bad experience with this product,Negative,73229.95,Yes,2025-08-24
9566,Earbuds,Audio,5,"Amazing product, highly recommended",Positive,20062.11,No,2025-06-30
9567,External SSD,Storage,5,Very good product and worth the price,Positive,27179.9,Yes,2025-10-18
9568,Earbuds,Audio,5,Excellent product with great performance,Positive,9076.37,No,2025-05-03
9569,Keyboard,Accessories,4,"Amazing product, highly recommended",Positive,4261.54,Yes,2025-06-04
9570,Laptop,Computing,5,Excellent product with great performance,Positive,65384.3,No,2025-08-16
9571,Power Bank,Power,5,Great product with impressive features,Positive,4746.06,Yes,2025-06-11
9572,Bluetooth Speaker,Audio,5,Amazing quality and works perfectly,Positive,9311.42,Yes,2025-10-04
9573,Printer,Office Electronics,2,Very bad experience with this product,Negative,5960.16,No,2025-01-06
9574,Monitor,Computing,2,Performance is slow and unreliable,Negative,34915.49,Yes,2025-05-08
9575,USB Flash Drive,Storage,2,Product stopped working after a few days,Negative,2902.55,No,2025-03-05
9576,Webcam,Computer Accessories,4,Works perfectly and looks premium,Positive,13050.62,Yes,2025-02-22
9577,USB Flash Drive,Storage,3,Average experience with this product,Neutral,1911.89,Yes,2025-01-20
9578,Router,Networking,5,Fast performance and reliable,Positive,6963.95,Yes,2025-05-10
9579,Charger,Power,5,Works perfectly and looks premium,Positive,1634.22,Yes,2025-03-21
9580,Mouse,Accessories,5,Works perfectly and looks premium,Positive,6346.26,Yes,2025-10-04
9581,Laptop,Computing,4,"Amazing product, highly recommended",Positive,72543.8,No,2025-07-03
9582,Tablet,Computing,5,Excellent build quality and smooth performance,Positive,92516.75,Yes,2025-10-15
9583,Monitor,Computing,2,Product stopped working after a few days,Negative,26844.87,No,2025-11-20
9584,Gaming Console,Gaming,4,Amazing quality and works perfectly,Positive,68501.48,Yes,2025-10-14
9585,Smartphone,Mobile,3,Product is okay for the price,Neutral,43809.88,Yes,2025-06-03
9586,Webcam,Computer Accessories,5,Good quality and easy to use,Positive,13060.07,Yes,2025-12-22
9587,Smart TV,Home Entertainment,4,Works perfectly and looks premium,Positive,144317.91,No,2025-05-21
9588,Laptop,Computing,4,Great product with impressive features,Positive,56156.0,Yes,2025-10-29
9589,Laptop,Computing,5,Great product with impressive features,Positive,86994.91,No,2025-03-05
9590,USB Flash Drive,Storage,1,Battery life is very poor,Negative,899.64,Yes,2025-12-20
9591,Smartwatch,Wearable,4,Fast performance and reliable,Positive,26266.8,Yes,2025-04-21
9592,Smartwatch,Wearable,4,Great product with impressive features,Positive,45606.9,Yes,2025-08-17
9593,Smartwatch,Wearable,3,Product meets basic expectations,Neutral,30417.44,Yes,2025-05-10
9594,Router,Networking,4,Excellent product with great performance,Positive,14331.54,Yes,2025-03-25
9595,Tablet,Computing,4,Good quality and easy to use,Positive,35474.85,Yes,2025-05-01
9596,Smartwatch,Wearable,5,Really happy with the purchase,Positive,24208.94,Yes,2025-08-10
9597,Monitor,Computing,5,Works perfectly and looks premium,Positive,60817.63,No,2025-02-10
9598,Camera,Camera,4,Very good product and worth the price,Positive,54542.83,Yes,2025-03-14
9599,Smart TV,Home Entertainment,2,Frequent problems while using the product,Negative,37516.05,Yes,2025-12-02
9600,Headphones,Audio,5,Amazing quality and works perfectly,Positive,7120.82,Yes,2025-02-01
9601,Earbuds,Audio,2,Not worth the price,Negative,6301.59,Yes,2025-09-21
9602,Power Bank,Power,5,Very good product and worth the price,Positive,7729.27,Yes,2025-04-20
9603,Keyboard,Accessories,5,Very good product and worth the price,Positive,2799.82,Yes,2025-04-27
9604,Camera,Camera,5,Works perfectly and looks premium,Positive,48659.83,No,2025-05-13
9605,Headphones,Audio,3,Product meets basic expectations,Neutral,4561.63,Yes,2025-05-20
9606,Camera,Camera,3,Good enough for basic use,Neutral,70654.98,Yes,2025-09-16
9607,Webcam,Computer Accessories,4,Excellent product with great performance,Positive,8005.67,Yes,2025-10-21
9608,Gaming Console,Gaming,1,Very bad experience with this product,Negative,35843.44,No,2025-05-13
9609,Router,Networking,2,Product has several issues,Negative,2668.2,Yes,2025-03-04
9610,Laptop,Computing,2,Frequent problems while using the product,Negative,50492.74,Yes,2025-01-02
9611,Webcam,Computer Accessories,4,Fast performance and reliable,Positive,16003.69,Yes,2025-09-22
9612,Router,Networking,5,"Amazing product, highly recommended",Positive,10881.44,No,2025-12-01
9613,Camera,Camera,4,Really happy with the purchase,Positive,192823.25,Yes,2025-01-13
9614,Smartwatch,Wearable,5,Very good product and worth the price,Positive,10069.92,Yes,2025-08-04
9615,Charger,Power,4,Good quality and easy to use,Positive,1734.31,Yes,2025-03-21
9616,Gaming Console,Gaming,5,Really happy with the purchase,Positive,79026.8,Yes,2025-03-18
9617,Camera,Camera,3,Product meets basic expectations,Neutral,44275.34,Yes,2025-10-30
9618,Tablet,Computing,2,Performance is slow and unreliable,Negative,49480.33,Yes,2025-04-03
9619,Smartphone,Mobile,2,Very disappointed with the purchase,Negative,41126.31,Yes,2025-04-21
9620,Mouse,Accessories,4,Excellent build quality and smooth performance,Positive,371.14,Yes,2025-02-15
9621,Router,Networking,3,Features are satisfactory,Neutral,11496.59,Yes,2025-11-26
9622,Monitor,Computing,5,Good quality and easy to use,Positive,46700.39,Yes,2025-11-27
9623,Gaming Console,Gaming,5,Really happy with the purchase,Positive,42625.33,Yes,2025-11-30
9624,Smart TV,Home Entertainment,5,Excellent product with great performance,Positive,102367.83,Yes,2025-03-26
9625,Printer,Office Electronics,2,Frequent problems while using the product,Negative,22637.64,Yes,2025-03-10
9626,Camera,Camera,3,Good enough for basic use,Neutral,129446.28,Yes,2025-12-10
9627,Router,Networking,5,Very good product and worth the price,Positive,17112.92,Yes,2025-08-12
9628,Laptop,Computing,4,Very good product and worth the price,Positive,137096.0,Yes,2025-04-07
9629,Laptop,Computing,2,Very disappointed with the purchase,Negative,72036.69,Yes,2025-01-18
9630,Router,Networking,4,Amazing quality and works perfectly,Positive,5551.28,Yes,2025-10-19
9631,USB Flash Drive,Storage,3,Good enough for basic use,Neutral,3708.52,No,2025-10-20
9632,Smartwatch,Wearable,4,Fast performance and reliable,Positive,12388.97,No,2025-01-04
9633,Charger,Power,4,Excellent product with great performance,Positive,4565.65,Yes,2025-06-24
9634,Earbuds,Audio,5,Fast performance and reliable,Positive,20904.0,Yes,2025-06-26
9635,Tablet,Computing,5,Really happy with the purchase,Positive,32726.71,Yes,2025-06-19
9636,Monitor,Computing,4,Excellent product with great performance,Positive,65311.02,Yes,2025-05-15
9637,Keyboard,Accessories,5,Great product with impressive features,Positive,3274.54,Yes,2025-04-30
9638,External SSD,Storage,3,Decent quality but has some limitations,Neutral,3671.25,Yes,2025-05-03
9639,Printer,Office Electronics,3,It is okay but could be improved,Neutral,48250.43,Yes,2025-12-02
9640,Webcam,Computer Accessories,3,Average experience with this product,Neutral,15465.66,Yes,2025-12-29
9641,Tablet,Computing,4,Fast performance and reliable,Positive,54012.11,No,2025-02-10
9642,Webcam,Computer Accessories,4,Good quality and easy to use,Positive,17020.98,Yes,2025-09-21
9643,Power Bank,Power,3,"Average product, works as expected",Neutral,1345.91,Yes,2025-07-29
9644,Smartwatch,Wearable,4,Fast performance and reliable,Positive,37374.6,Yes,2025-04-04
9645,Camera,Camera,2,Not worth the price,Negative,240173.29,Yes,2025-03-09
9646,Laptop,Computing,3,Decent quality but has some limitations,Neutral,152788.6,Yes,2025-10-02
9647,Mouse,Accessories,5,Very good product and worth the price,Positive,4487.25,Yes,2025-05-14
9648,USB Flash Drive,Storage,1,Very bad experience with this product,Negative,1927.66,Yes,2025-02-17
9649,Smart TV,Home Entertainment,2,Performance is slow and unreliable,Negative,180096.94,Yes,2025-12-20
9650,Earbuds,Audio,4,Excellent product with great performance,Positive,7641.92,Yes,2025-12-04
9651,Smartwatch,Wearable,5,Great product with impressive features,Positive,46966.24,Yes,2025-06-02
9652,Charger,Power,5,Really happy with the purchase,Positive,1803.29,No,2025-06-05
9653,Smartwatch,Wearable,1,Not worth the price,Negative,7563.22,Yes,2025-06-03
9654,Smart TV,Home Entertainment,5,Really happy with the purchase,Positive,58639.63,Yes,2025-03-11
9655,Bluetooth Speaker,Audio,4,Very good product and worth the price,Positive,15968.91,Yes,2025-02-08
9656,Smartwatch,Wearable,3,Product meets basic expectations,Neutral,7858.64,Yes,2025-04-10
9657,Headphones,Audio,4,Excellent build quality and smooth performance,Positive,11708.74,Yes,2025-05-22
9658,Monitor,Computing,2,Not worth the price,Negative,73033.32,No,2025-02-26
9659,Router,Networking,5,"Amazing product, highly recommended",Positive,2783.87,Yes,2025-01-13
9660,Printer,Office Electronics,2,Very bad experience with this product,Negative,32654.49,No,2025-12-06
9661,Router,Networking,5,Excellent product with great performance,Positive,8671.53,Yes,2025-11-17
9662,Camera,Camera,5,Fast performance and reliable,Positive,170677.34,Yes,2025-04-22
9663,Earbuds,Audio,5,"Amazing product, highly recommended",Positive,12495.4,Yes,2025-08-13
9664,Webcam,Computer Accessories,4,Very good product and worth the price,Positive,17657.4,Yes,2025-02-22
9665,Smart TV,Home Entertainment,5,Amazing quality and works perfectly,Positive,89462.18,Yes,2025-12-05
9666,Camera,Camera,4,Very good product and worth the price,Positive,139396.41,Yes,2025-10-24
9667,External SSD,Storage,5,Very good product and worth the price,Positive,6513.7,Yes,2025-03-06
9668,Bluetooth Speaker,Audio,5,Amazing quality and works perfectly,Positive,15116.95,Yes,2025-03-19
9669,Keyboard,Accessories,4,Works perfectly and looks premium,Positive,2163.6,No,2025-05-02
9670,USB Flash Drive,Storage,4,"Amazing product, highly recommended",Positive,3040.71,Yes,2025-02-04
9671,Keyboard,Accessories,4,Good quality and easy to use,Positive,6697.21,Yes,2025-05-07
9672,External SSD,Storage,1,Frequent problems while using the product,Negative,24151.02,Yes,2025-09-01
9673,Printer,Office Electronics,4,"Amazing product, highly recommended",Positive,23831.46,Yes,2025-09-23
9674,Webcam,Computer Accessories,5,Works perfectly and looks premium,Positive,12981.31,Yes,2025-01-03
9675,Earbuds,Audio,5,Amazing quality and works perfectly,Positive,1945.31,No,2025-05-09
9676,Mouse,Accessories,4,Good quality and easy to use,Positive,7187.18,Yes,2025-10-31
9677,Monitor,Computing,4,Amazing quality and works perfectly,Positive,76850.1,Yes,2025-11-14
9678,Power Bank,Power,4,Good quality and easy to use,Positive,4024.01,Yes,2025-07-25
9679,Router,Networking,1,Not worth the price,Negative,1187.13,Yes,2025-09-26
9680,Bluetooth Speaker,Audio,4,Excellent product with great performance,Positive,18426.48,Yes,2025-04-01
9681,Headphones,Audio,3,Decent quality but has some limitations,Neutral,4782.73,Yes,2025-11-13
9682,Earbuds,Audio,2,Very bad experience with this product,Negative,11965.23,Yes,2025-06-22
9683,External SSD,Storage,5,Excellent product with great performance,Positive,3876.3,Yes,2025-09-10
9684,Smart TV,Home Entertainment,4,Works perfectly and looks premium,Positive,96920.15,Yes,2025-04-06
9685,Tablet,Computing,5,Good quality and easy to use,Positive,88703.73,Yes,2025-03-05
9686,Smart TV,Home Entertainment,3,Product meets basic expectations,Neutral,40046.55,Yes,2025-07-14
9687,Smartphone,Mobile,2,Battery life is very poor,Negative,63812.48,Yes,2025-07-10
9688,Power Bank,Power,2,Product stopped working after a few days,Negative,2627.88,Yes,2025-07-28
9689,Tablet,Computing,4,Very good product and worth the price,Positive,33492.76,Yes,2025-10-22
9690,Smart TV,Home Entertainment,5,Very good product and worth the price,Positive,134011.07,Yes,2025-10-09
9691,External SSD,Storage,4,Excellent build quality and smooth performance,Positive,23203.48,Yes,2025-04-21
9692,Monitor,Computing,5,Excellent build quality and smooth performance,Positive,70623.12,Yes,2025-06-20
9693,Gaming Console,Gaming,5,"Amazing product, highly recommended",Positive,40303.54,Yes,2025-02-01
9694,USB Flash Drive,Storage,5,Fast performance and reliable,Positive,632.65,Yes,2025-10-15
9695,Headphones,Audio,5,Works perfectly and looks premium,Positive,13547.32,Yes,2025-02-19
9696,Camera,Camera,5,Good quality and easy to use,Positive,156533.04,Yes,2025-01-26
9697,Earbuds,Audio,1,Product has several issues,Negative,18619.72,No,2025-07-09
9698,Router,Networking,4,Great product with impressive features,Positive,15365.36,Yes,2025-12-03
9699,Charger,Power,1,Product stopped working after a few days,Negative,4359.0,Yes,2025-05-18
9700,Router,Networking,1,Poor quality and disappointing performance,Negative,1592.12,Yes,2025-03-09
9701,Camera,Camera,3,Features are satisfactory,Neutral,245724.56,Yes,2025-03-09
9702,Camera,Camera,4,Excellent product with great performance,Positive,242533.53,Yes,2025-11-02
9703,Laptop,Computing,5,Great product with impressive features,Positive,35332.06,Yes,2025-08-30
9704,Printer,Office Electronics,4,Good quality and easy to use,Positive,19098.3,No,2025-06-30
9705,Smartwatch,Wearable,1,Performance is slow and unreliable,Negative,38628.82,No,2025-12-05
9706,Monitor,Computing,2,Very disappointed with the purchase,Negative,41409.77,No,2025-02-08
9707,Power Bank,Power,3,Average experience with this product,Neutral,833.42,Yes,2025-08-13
9708,USB Flash Drive,Storage,5,Great product with impressive features,Positive,1967.16,No,2025-05-12
9709,Camera,Camera,5,Excellent product with great performance,Positive,155261.26,Yes,2025-03-27
9710,Smartwatch,Wearable,5,Fast performance and reliable,Positive,44159.64,Yes,2025-12-02
9711,Earbuds,Audio,4,Excellent product with great performance,Positive,20816.66,No,2025-12-16
9712,Smartwatch,Wearable,2,Not worth the price,Negative,47396.49,No,2025-11-01
9713,Charger,Power,3,It is okay but could be improved,Neutral,2499.26,Yes,2025-02-24
9714,Router,Networking,5,Works perfectly and looks premium,Positive,16167.2,Yes,2025-09-21
9715,Router,Networking,3,It is okay but could be improved,Neutral,2913.98,Yes,2025-05-11
9716,External SSD,Storage,3,Decent quality but has some limitations,Neutral,16998.36,Yes,2025-05-19
9717,Router,Networking,4,Amazing quality and works perfectly,Positive,18415.03,Yes,2025-03-12
9718,Webcam,Computer Accessories,4,Very good product and worth the price,Positive,16938.1,Yes,2025-08-03
9719,Webcam,Computer Accessories,1,Not worth the price,Negative,13456.59,No,2025-11-09
9720,Earbuds,Audio,3,Product is okay for the price,Neutral,4155.48,Yes,2025-03-26
9721,Bluetooth Speaker,Audio,5,Excellent build quality and smooth performance,Positive,6116.77,Yes,2025-07-16
9722,Laptop,Computing,4,Excellent build quality and smooth performance,Positive,131797.84,Yes,2025-08-25
9723,Earbuds,Audio,4,Really happy with the purchase,Positive,8476.41,Yes,2025-08-19
9724,Power Bank,Power,3,Features are satisfactory,Neutral,3172.03,Yes,2025-04-06
9725,Gaming Console,Gaming,5,Amazing quality and works perfectly,Positive,71619.25,Yes,2025-01-11
9726,Printer,Office Electronics,4,Very good product and worth the price,Positive,5921.02,No,2025-10-30
9727,Charger,Power,4,Good quality and easy to use,Positive,2144.83,Yes,2025-08-06
9728,Smart TV,Home Entertainment,5,Works perfectly and looks premium,Positive,59070.79,No,2025-09-15
9729,Charger,Power,5,Very good product and worth the price,Positive,427.37,No,2025-07-14
9730,Printer,Office Electronics,2,Product has several issues,Negative,14745.79,Yes,2025-05-21
9731,USB Flash Drive,Storage,4,Good quality and easy to use,Positive,1165.96,Yes,2025-04-02
9732,Mouse,Accessories,3,Product is okay for the price,Neutral,5193.4,Yes,2025-08-29
9733,Printer,Office Electronics,4,Great product with impressive features,Positive,24583.63,No,2025-10-31
9734,Printer,Office Electronics,5,Fast performance and reliable,Positive,26226.48,Yes,2025-04-29
9735,Bluetooth Speaker,Audio,5,Excellent build quality and smooth performance,Positive,26435.01,No,2025-01-09
9736,Headphones,Audio,5,Great product with impressive features,Positive,15085.64,No,2025-02-26
9737,Tablet,Computing,5,Fast performance and reliable,Positive,67510.42,Yes,2025-07-31
9738,Webcam,Computer Accessories,3,Product meets basic expectations,Neutral,13302.18,No,2025-03-27
9739,Keyboard,Accessories,4,Really happy with the purchase,Positive,7994.68,Yes,2025-10-25
9740,Charger,Power,5,Fast performance and reliable,Positive,1732.44,Yes,2025-04-10
9741,Earbuds,Audio,1,Very bad experience with this product,Negative,22627.39,No,2025-06-30
9742,Monitor,Computing,3,Performance is acceptable,Neutral,38424.99,Yes,2025-03-24
9743,Keyboard,Accessories,3,Nothing special but it works fine,Neutral,8781.36,Yes,2025-06-15
9744,Charger,Power,1,Very disappointed with the purchase,Negative,2927.98,Yes,2025-09-05
9745,Smartwatch,Wearable,3,Good enough for basic use,Neutral,41640.45,Yes,2025-10-18
9746,External SSD,Storage,4,Fast performance and reliable,Positive,17434.76,Yes,2025-09-27
9747,Monitor,Computing,2,Battery life is very poor,Negative,39810.81,Yes,2025-07-05
9748,Headphones,Audio,4,Good quality and easy to use,Positive,14071.8,Yes,2025-06-16
9749,Smartphone,Mobile,5,Excellent build quality and smooth performance,Positive,95354.24,Yes,2025-04-29
9750,Tablet,Computing,5,Fast performance and reliable,Positive,39697.76,Yes,2025-12-27
9751,Earbuds,Audio,2,Not worth the price,Negative,23403.85,Yes,2025-09-25
9752,Router,Networking,4,Fast performance and reliable,Positive,17085.48,No,2025-11-22
9753,Printer,Office Electronics,5,Good quality and easy to use,Positive,11225.64,Yes,2025-09-27
9754,Smart TV,Home Entertainment,3,Nothing special but it works fine,Neutral,73689.22,Yes,2025-02-01
9755,Earbuds,Audio,1,Very disappointed with the purchase,Negative,22687.69,Yes,2025-04-07
9756,Camera,Camera,5,"Amazing product, highly recommended",Positive,87633.55,No,2025-06-18
9757,Earbuds,Audio,2,Build quality is poor,Negative,8282.63,Yes,2025-04-25
9758,Tablet,Computing,5,Good quality and easy to use,Positive,29571.04,Yes,2025-11-28
9759,Power Bank,Power,4,Amazing quality and works perfectly,Positive,1191.64,Yes,2025-06-29
9760,Camera,Camera,5,Excellent build quality and smooth performance,Positive,132652.63,Yes,2025-03-22
9761,External SSD,Storage,4,Amazing quality and works perfectly,Positive,23381.03,Yes,2025-08-07
9762,Tablet,Computing,4,Fast performance and reliable,Positive,69399.77,Yes,2025-05-19
9763,Router,Networking,5,Very good product and worth the price,Positive,1524.87,Yes,2025-02-16
9764,Bluetooth Speaker,Audio,5,Amazing quality and works perfectly,Positive,16082.78,Yes,2025-12-12
9765,Earbuds,Audio,3,Performance is acceptable,Neutral,8592.08,Yes,2025-12-12
9766,Smartphone,Mobile,5,"Amazing product, highly recommended",Positive,79880.33,Yes,2025-10-11
9767,Headphones,Audio,4,Excellent build quality and smooth performance,Positive,12452.21,Yes,2025-04-25
9768,Mouse,Accessories,2,Build quality is poor,Negative,9811.14,Yes,2025-10-31
9769,Smartwatch,Wearable,4,"Amazing product, highly recommended",Positive,41679.83,Yes,2025-04-16
9770,Bluetooth Speaker,Audio,2,Not worth the price,Negative,21250.83,Yes,2025-11-18
9771,Power Bank,Power,2,Very disappointed with the purchase,Negative,4512.8,Yes,2025-11-19
9772,Laptop,Computing,3,It is okay but could be improved,Neutral,118666.93,Yes,2025-03-04
9773,Printer,Office Electronics,3,Product meets basic expectations,Neutral,24896.1,Yes,2025-04-25
9774,Bluetooth Speaker,Audio,4,Very good product and worth the price,Positive,24003.99,Yes,2025-09-13
9775,External SSD,Storage,4,Good quality and easy to use,Positive,27522.32,Yes,2025-03-27
9776,Camera,Camera,4,Fast performance and reliable,Positive,249796.4,Yes,2025-10-21
9777,External SSD,Storage,1,Not worth the price,Negative,19168.42,Yes,2025-09-05
9778,Earbuds,Audio,1,Performance is slow and unreliable,Negative,17206.19,No,2025-03-24
9779,Smartwatch,Wearable,5,Works perfectly and looks premium,Positive,20893.33,Yes,2025-10-11
9780,Tablet,Computing,3,Product is okay for the price,Neutral,10762.59,Yes,2025-01-16
9781,Headphones,Audio,4,Good quality and easy to use,Positive,21245.48,Yes,2025-05-21
9782,Power Bank,Power,4,Amazing quality and works perfectly,Positive,7525.06,Yes,2025-03-07
9783,Camera,Camera,4,Great product with impressive features,Positive,218415.52,Yes,2025-01-01
9784,External SSD,Storage,2,Product has several issues,Negative,26722.76,Yes,2025-09-28
9785,Smart TV,Home Entertainment,4,Really happy with the purchase,Positive,89393.3,No,2025-02-25
9786,USB Flash Drive,Storage,2,Frequent problems while using the product,Negative,3653.69,No,2025-09-11
9787,Monitor,Computing,4,Great product with impressive features,Positive,53243.82,Yes,2025-01-28
9788,Mouse,Accessories,5,"Amazing product, highly recommended",Positive,5547.07,Yes,2025-11-22
9789,Smart TV,Home Entertainment,5,Really happy with the purchase,Positive,43049.67,Yes,2025-12-23
9790,Router,Networking,4,Fast performance and reliable,Positive,11933.4,Yes,2025-04-26
9791,Keyboard,Accessories,5,"Amazing product, highly recommended",Positive,4829.57,Yes,2025-06-27
9792,USB Flash Drive,Storage,4,Very good product and worth the price,Positive,3606.87,Yes,2025-08-15
9793,Tablet,Computing,5,Amazing quality and works perfectly,Positive,95036.72,No,2025-08-04
9794,Gaming Console,Gaming,5,"Amazing product, highly recommended",Positive,65021.18,Yes,2025-01-10
9795,Webcam,Computer Accessories,2,Frequent problems while using the product,Negative,5931.05,Yes,2025-12-24
9796,Power Bank,Power,3,Features are satisfactory,Neutral,4149.78,Yes,2025-12-08
9797,Camera,Camera,5,Very good product and worth the price,Positive,152094.79,Yes,2025-06-27
9798,Laptop,Computing,2,Frequent problems while using the product,Negative,138922.92,Yes,2025-07-22
9799,Camera,Camera,5,Works perfectly and looks premium,Positive,58265.69,Yes,2025-03-04
9800,Earbuds,Audio,4,Really happy with the purchase,Positive,13377.02,Yes,2025-10-01
9801,Smart TV,Home Entertainment,5,Amazing quality and works perfectly,Positive,174125.25,Yes,2025-07-07
9802,Bluetooth Speaker,Audio,4,Good quality and easy to use,Positive,1605.57,Yes,2025-04-14
9803,Bluetooth Speaker,Audio,1,Not worth the price,Negative,22045.35,Yes,2025-04-23
9804,Monitor,Computing,1,Battery life is very poor,Negative,71152.3,Yes,2025-01-30
9805,Gaming Console,Gaming,3,Nothing special but it works fine,Neutral,68767.0,No,2025-10-15
9806,Smart TV,Home Entertainment,4,Excellent build quality and smooth performance,Positive,187390.24,Yes,2025-01-23
9807,Bluetooth Speaker,Audio,4,Works perfectly and looks premium,Positive,23655.15,Yes,2025-07-25
9808,Headphones,Audio,4,Amazing quality and works perfectly,Positive,15781.68,No,2025-10-25
9809,External SSD,Storage,5,Fast performance and reliable,Positive,15877.23,Yes,2025-01-20
9810,Power Bank,Power,4,Amazing quality and works perfectly,Positive,1029.25,Yes,2025-02-25
9811,Mouse,Accessories,1,Not worth the price,Negative,480.41,No,2025-10-06
9812,Smart TV,Home Entertainment,5,Great product with impressive features,Positive,133301.74,Yes,2025-10-28
9813,Mouse,Accessories,1,Frequent problems while using the product,Negative,2971.4,Yes,2025-01-30
9814,Camera,Camera,5,Excellent build quality and smooth performance,Positive,94096.46,Yes,2025-04-07
9815,Smart TV,Home Entertainment,3,Decent quality but has some limitations,Neutral,164307.15,Yes,2025-08-10
9816,Headphones,Audio,4,Fast performance and reliable,Positive,3782.51,No,2025-07-17
9817,Webcam,Computer Accessories,2,Frequent problems while using the product,Negative,6392.86,Yes,2025-07-08
9818,Smart TV,Home Entertainment,4,Fast performance and reliable,Positive,141732.14,Yes,2025-04-06
9819,Mouse,Accessories,2,Frequent problems while using the product,Negative,596.49,Yes,2025-07-16
9820,Bluetooth Speaker,Audio,4,Works perfectly and looks premium,Positive,15977.85,No,2025-01-19
9821,Smartwatch,Wearable,5,Fast performance and reliable,Positive,5644.85,Yes,2025-11-15
9822,Smartphone,Mobile,2,Product stopped working after a few days,Negative,93305.56,Yes,2025-07-17
9823,Smart TV,Home Entertainment,5,Amazing quality and works perfectly,Positive,132397.75,Yes,2025-05-17
9824,Keyboard,Accessories,3,Good enough for basic use,Neutral,9324.0,Yes,2025-05-14
9825,Gaming Console,Gaming,5,"Amazing product, highly recommended",Positive,37170.68,Yes,2025-05-16
9826,Headphones,Audio,3,Average experience with this product,Neutral,21878.61,Yes,2025-06-08
9827,Bluetooth Speaker,Audio,5,Really happy with the purchase,Positive,9609.03,Yes,2025-03-12
9828,USB Flash Drive,Storage,4,Good quality and easy to use,Positive,2982.83,Yes,2025-08-08
9829,Gaming Console,Gaming,5,Excellent build quality and smooth performance,Positive,30061.64,Yes,2025-03-09
9830,Headphones,Audio,5,Great product with impressive features,Positive,3334.55,Yes,2025-04-25
9831,Smartphone,Mobile,5,Fast performance and reliable,Positive,29726.91,Yes,2025-11-14
9832,USB Flash Drive,Storage,4,Excellent build quality and smooth performance,Positive,1315.22,Yes,2025-07-25
9833,Laptop,Computing,5,"Amazing product, highly recommended",Positive,48964.86,Yes,2025-11-26
9834,Smartphone,Mobile,2,Very disappointed with the purchase,Negative,21243.83,Yes,2025-08-29
9835,Bluetooth Speaker,Audio,3,Good enough for basic use,Neutral,26467.71,Yes,2025-10-13
9836,Webcam,Computer Accessories,5,Excellent build quality and smooth performance,Positive,11538.03,Yes,2025-02-02
9837,Camera,Camera,5,Great product with impressive features,Positive,164989.83,Yes,2025-07-04
9838,Smartphone,Mobile,3,Product meets basic expectations,Neutral,40236.04,Yes,2025-05-08
9839,Webcam,Computer Accessories,5,Great product with impressive features,Positive,2054.26,No,2025-01-07
9840,Webcam,Computer Accessories,4,Excellent product with great performance,Positive,19397.2,Yes,2025-02-02
9841,Gaming Console,Gaming,3,Product meets basic expectations,Neutral,27971.55,Yes,2025-03-11
9842,Laptop,Computing,4,Great product with impressive features,Positive,153393.98,No,2025-01-03
9843,Smartphone,Mobile,3,Good enough for basic use,Neutral,82489.68,Yes,2025-06-09
9844,Printer,Office Electronics,5,Very good product and worth the price,Positive,23338.45,Yes,2025-01-19
9845,USB Flash Drive,Storage,1,Product has several issues,Negative,3809.01,Yes,2025-10-28
9846,USB Flash Drive,Storage,2,Performance is slow and unreliable,Negative,3894.24,No,2025-08-05
9847,Mouse,Accessories,3,Features are satisfactory,Neutral,8819.43,Yes,2025-12-18
9848,Charger,Power,5,Very good product and worth the price,Positive,2861.15,Yes,2025-01-31
9849,Smartwatch,Wearable,4,Excellent product with great performance,Positive,11864.8,Yes,2025-01-30
9850,Smartphone,Mobile,5,Very good product and worth the price,Positive,72128.82,Yes,2025-11-14
9851,Headphones,Audio,2,Product stopped working after a few days,Negative,3429.8,No,2025-05-24
9852,Camera,Camera,3,Features are satisfactory,Neutral,109651.52,No,2025-10-05
9853,Keyboard,Accessories,5,"Amazing product, highly recommended",Positive,9350.31,Yes,2025-03-11
9854,Camera,Camera,4,Excellent product with great performance,Positive,81674.6,Yes,2025-01-04
9855,Keyboard,Accessories,4,Good quality and easy to use,Positive,13043.7,Yes,2025-07-01
9856,Charger,Power,5,Great product with impressive features,Positive,4887.44,Yes,2025-07-29
9857,Smart TV,Home Entertainment,2,Poor quality and disappointing performance,Negative,29043.36,Yes,2025-02-10
9858,Camera,Camera,5,Really happy with the purchase,Positive,71325.85,Yes,2025-01-04
9859,Smart TV,Home Entertainment,5,Excellent product with great performance,Positive,102507.15,Yes,2025-03-19
9860,Smart TV,Home Entertainment,4,Really happy with the purchase,Positive,22019.16,Yes,2025-02-09
9861,Camera,Camera,5,Amazing quality and works perfectly,Positive,45908.67,Yes,2025-12-30
9862,Smart TV,Home Entertainment,5,Fast performance and reliable,Positive,181618.42,No,2025-12-27
9863,Headphones,Audio,5,Really happy with the purchase,Positive,1843.13,Yes,2025-01-06
9864,Power Bank,Power,4,Really happy with the purchase,Positive,2581.89,Yes,2025-06-16
9865,Laptop,Computing,4,Really happy with the purchase,Positive,93544.91,Yes,2025-05-21
9866,Laptop,Computing,5,Amazing quality and works perfectly,Positive,33068.88,Yes,2025-01-10
9867,Tablet,Computing,4,Excellent build quality and smooth performance,Positive,82953.44,Yes,2025-09-01
9868,Tablet,Computing,4,Excellent product with great performance,Positive,84700.7,Yes,2025-11-07
9869,Keyboard,Accessories,3,Product is okay for the price,Neutral,6222.72,Yes,2025-08-12
9870,Router,Networking,4,Excellent product with great performance,Positive,4833.9,Yes,2025-12-01
9871,Smart TV,Home Entertainment,5,"Amazing product, highly recommended",Positive,180086.24,No,2025-08-21
9872,Smart TV,Home Entertainment,1,Build quality is poor,Negative,140532.88,No,2025-07-20
9873,Smartwatch,Wearable,4,Excellent build quality and smooth performance,Positive,26907.3,Yes,2025-12-12
9874,Keyboard,Accessories,5,Excellent product with great performance,Positive,6189.77,Yes,2025-09-15
9875,Keyboard,Accessories,3,Good enough for basic use,Neutral,8319.51,Yes,2025-10-07
9876,Laptop,Computing,1,Very disappointed with the purchase,Negative,67426.73,Yes,2025-10-12
9877,Smartphone,Mobile,2,Performance is slow and unreliable,Negative,58355.21,Yes,2025-01-12
9878,Monitor,Computing,5,Really happy with the purchase,Positive,56756.43,Yes,2025-09-26
9879,Printer,Office Electronics,5,Very good product and worth the price,Positive,23511.15,Yes,2025-10-01
9880,Monitor,Computing,3,Average experience with this product,Neutral,56686.64,No,2025-06-30
9881,Monitor,Computing,1,Performance is slow and unreliable,Negative,60665.69,Yes,2025-07-25
9882,Smart TV,Home Entertainment,4,Great product with impressive features,Positive,154436.7,Yes,2025-10-31
9883,Monitor,Computing,5,Very good product and worth the price,Positive,48119.17,No,2025-02-21
9884,Gaming Console,Gaming,5,Really happy with the purchase,Positive,35141.34,Yes,2025-07-12
9885,Smart TV,Home Entertainment,5,Excellent product with great performance,Positive,144603.54,Yes,2025-10-09
9886,Tablet,Computing,4,Excellent product with great performance,Positive,83735.3,Yes,2025-04-05
9887,Power Bank,Power,5,"Amazing product, highly recommended",Positive,1478.88,Yes,2025-04-07
9888,Bluetooth Speaker,Audio,4,Really happy with the purchase,Positive,26962.21,Yes,2025-01-02
9889,Tablet,Computing,5,Excellent product with great performance,Positive,94717.06,Yes,2025-04-24
9890,Smartphone,Mobile,5,Very good product and worth the price,Positive,82842.43,Yes,2025-05-11
9891,Camera,Camera,4,Excellent product with great performance,Positive,49989.6,Yes,2025-12-14
9892,Gaming Console,Gaming,3,Average experience with this product,Neutral,60952.99,No,2025-01-31
9893,Charger,Power,4,Amazing quality and works perfectly,Positive,1973.52,No,2025-08-24
9894,Gaming Console,Gaming,1,Poor quality and disappointing performance,Negative,41700.51,Yes,2025-01-24
9895,Router,Networking,4,"Amazing product, highly recommended",Positive,1698.52,Yes,2025-10-19
9896,Laptop,Computing,4,Excellent build quality and smooth performance,Positive,138725.11,No,2025-06-21
9897,Smartphone,Mobile,1,Poor quality and disappointing performance,Negative,71468.15,No,2025-06-05
9898,Bluetooth Speaker,Audio,3,Product is okay for the price,Neutral,13963.16,Yes,2025-12-11
9899,Charger,Power,4,Works perfectly and looks premium,Positive,2126.84,No,2025-10-01
9900,Webcam,Computer Accessories,2,Product stopped working after a few days,Negative,8825.19,No,2025-02-08
9901,Smart TV,Home Entertainment,4,Excellent product with great performance,Positive,98822.51,Yes,2025-04-08
9902,USB Flash Drive,Storage,4,Fast performance and reliable,Positive,2544.2,Yes,2025-04-10
9903,Earbuds,Audio,3,Nothing special but it works fine,Neutral,2893.17,No,2025-08-11
9904,Charger,Power,4,"Amazing product, highly recommended",Positive,2087.51,Yes,2025-10-30
9905,Tablet,Computing,4,Amazing quality and works perfectly,Positive,15763.3,Yes,2025-08-21
9906,Mouse,Accessories,3,Decent quality but has some limitations,Neutral,7826.53,No,2025-05-27
9907,Laptop,Computing,4,Good quality and easy to use,Positive,108335.92,No,2025-09-30
9908,Smart TV,Home Entertainment,4,Very good product and worth the price,Positive,162910.31,Yes,2025-10-04
9909,Mouse,Accessories,3,It is okay but could be improved,Neutral,4464.4,Yes,2025-01-30
9910,Router,Networking,2,Battery life is very poor,Negative,3908.87,No,2025-07-17
9911,Tablet,Computing,2,Build quality is poor,Negative,36961.8,Yes,2025-09-17
9912,Smart TV,Home Entertainment,1,Performance is slow and unreliable,Negative,58264.22,Yes,2025-08-09
9913,Power Bank,Power,4,Very good product and worth the price,Positive,3967.31,No,2025-03-31
9914,Laptop,Computing,4,Very good product and worth the price,Positive,148336.63,Yes,2025-02-28
9915,Monitor,Computing,5,Really happy with the purchase,Positive,14630.85,Yes,2025-04-17
9916,Headphones,Audio,4,"Amazing product, highly recommended",Positive,12302.96,Yes,2025-05-09
9917,Laptop,Computing,4,Excellent product with great performance,Positive,43768.68,No,2025-12-03
9918,Smartphone,Mobile,5,Good quality and easy to use,Positive,51843.07,Yes,2025-08-15
9919,Router,Networking,4,Amazing quality and works perfectly,Positive,12067.93,Yes,2025-11-02
9920,Printer,Office Electronics,5,Excellent product with great performance,Positive,8103.86,No,2025-01-10
9921,Gaming Console,Gaming,1,Very bad experience with this product,Negative,28665.3,Yes,2025-10-14
9922,Gaming Console,Gaming,2,Frequent problems while using the product,Negative,65178.06,Yes,2025-03-10
9923,Smartphone,Mobile,2,Frequent problems while using the product,Negative,53639.75,Yes,2025-07-26
9924,Smartwatch,Wearable,4,Fast performance and reliable,Positive,18542.04,Yes,2025-05-22
9925,Smartphone,Mobile,4,Very good product and worth the price,Positive,84867.81,Yes,2025-11-12
9926,Smart TV,Home Entertainment,5,"Amazing product, highly recommended",Positive,30681.22,No,2025-09-04
9927,Router,Networking,4,Works perfectly and looks premium,Positive,17334.58,Yes,2025-06-18
9928,Smart TV,Home Entertainment,3,It is okay but could be improved,Neutral,158453.81,Yes,2025-07-05
9929,Webcam,Computer Accessories,2,Very bad experience with this product,Negative,8403.25,Yes,2025-09-16
9930,Headphones,Audio,4,"Amazing product, highly recommended",Positive,14326.87,Yes,2025-09-20
9931,Power Bank,Power,5,Very good product and worth the price,Positive,3663.55,Yes,2025-07-29
9932,Camera,Camera,2,Poor quality and disappointing performance,Negative,201676.8,Yes,2025-09-23
9933,Router,Networking,1,Very bad experience with this product,Negative,1550.88,Yes,2025-10-16
9934,Gaming Console,Gaming,5,Good quality and easy to use,Positive,61926.38,Yes,2025-01-12
9935,Mouse,Accessories,4,Very good product and worth the price,Positive,3234.71,Yes,2025-05-14
9936,Smartphone,Mobile,3,"Average product, works as expected",Neutral,95309.28,Yes,2025-11-26
9937,Webcam,Computer Accessories,3,Features are satisfactory,Neutral,19694.27,Yes,2025-04-28
9938,Gaming Console,Gaming,4,Good quality and easy to use,Positive,40343.8,Yes,2025-10-28
9939,USB Flash Drive,Storage,2,Poor quality and disappointing performance,Negative,2395.5,Yes,2025-07-20
9940,Headphones,Audio,4,Really happy with the purchase,Positive,16653.93,No,2025-04-09
9941,Tablet,Computing,3,Nothing special but it works fine,Neutral,59594.42,Yes,2025-05-08
9942,Webcam,Computer Accessories,4,Really happy with the purchase,Positive,3974.84,Yes,2025-06-26
9943,USB Flash Drive,Storage,4,Great product with impressive features,Positive,3041.26,Yes,2025-02-15
9944,USB Flash Drive,Storage,3,"Average product, works as expected",Neutral,3702.39,Yes,2025-04-23
9945,Keyboard,Accessories,5,Amazing quality and works perfectly,Positive,14188.41,Yes,2025-09-06
9946,Webcam,Computer Accessories,5,Very good product and worth the price,Positive,14782.22,Yes,2025-11-27
9947,Headphones,Audio,4,"Amazing product, highly recommended",Positive,18297.55,Yes,2025-12-13
9948,External SSD,Storage,5,Really happy with the purchase,Positive,9297.77,Yes,2025-05-20
9949,Mouse,Accessories,4,Excellent product with great performance,Positive,1249.83,Yes,2025-10-17
9950,Smartwatch,Wearable,2,Product stopped working after a few days,Negative,32265.23,Yes,2025-05-25
9951,Router,Networking,4,Really happy with the purchase,Positive,12878.47,Yes,2025-10-22
9952,Monitor,Computing,5,Really happy with the purchase,Positive,68112.55,Yes,2025-11-29
9953,Smartwatch,Wearable,4,Good quality and easy to use,Positive,23135.95,Yes,2025-06-12
9954,Router,Networking,3,Nothing special but it works fine,Neutral,4268.82,Yes,2025-08-08
9955,External SSD,Storage,2,Not worth the price,Negative,9067.62,Yes,2025-11-13
9956,Bluetooth Speaker,Audio,2,Very disappointed with the purchase,Negative,14710.85,Yes,2025-02-20
9957,Smart TV,Home Entertainment,5,Great product with impressive features,Positive,72729.74,Yes,2025-04-01
9958,Router,Networking,4,Excellent product with great performance,Positive,4425.08,Yes,2025-08-17
9959,Smartphone,Mobile,1,Frequent problems while using the product,Negative,20079.34,Yes,2025-03-07
9960,Bluetooth Speaker,Audio,3,Features are satisfactory,Neutral,12840.65,Yes,2025-10-17
9961,Smart TV,Home Entertainment,4,Amazing quality and works perfectly,Positive,77440.88,Yes,2025-04-08
9962,Smartwatch,Wearable,4,Works perfectly and looks premium,Positive,48315.86,Yes,2025-05-04
9963,Smart TV,Home Entertainment,2,Product stopped working after a few days,Negative,173436.36,Yes,2025-10-23
9964,Power Bank,Power,4,Fast performance and reliable,Positive,2121.14,No,2025-07-12
9965,Gaming Console,Gaming,1,Performance is slow and unreliable,Negative,66434.43,Yes,2025-10-16
9966,Gaming Console,Gaming,5,Really happy with the purchase,Positive,51410.88,No,2025-08-17
9967,Power Bank,Power,4,Amazing quality and works perfectly,Positive,7467.91,Yes,2025-07-07
9968,Power Bank,Power,5,Fast performance and reliable,Positive,5179.08,Yes,2025-07-06
9969,Charger,Power,4,Excellent product with great performance,Positive,1258.77,Yes,2025-10-21
9970,Camera,Camera,5,Excellent build quality and smooth performance,Positive,69092.86,Yes,2025-12-31
9971,Router,Networking,3,Product meets basic expectations,Neutral,19378.68,Yes,2025-01-09
9972,Keyboard,Accessories,3,Product is okay for the price,Neutral,13815.01,Yes,2025-07-04
9973,Keyboard,Accessories,5,Good quality and easy to use,Positive,7501.46,Yes,2025-10-13
9974,External SSD,Storage,3,Decent quality but has some limitations,Neutral,18226.39,Yes,2025-08-23
9975,External SSD,Storage,2,Very disappointed with the purchase,Negative,17771.64,Yes,2025-06-26
9976,Camera,Camera,5,Excellent product with great performance,Positive,196782.34,Yes,2025-10-17
9977,Mouse,Accessories,4,Excellent product with great performance,Positive,4902.51,Yes,2025-06-20
9978,Charger,Power,5,Fast performance and reliable,Positive,876.36,Yes,2025-02-19
9979,Charger,Power,3,Features are satisfactory,Neutral,1824.13,Yes,2025-04-10
9980,Keyboard,Accessories,5,Fast performance and reliable,Positive,8740.0,Yes,2025-01-17
9981,Smartwatch,Wearable,5,Really happy with the purchase,Positive,18527.11,Yes,2025-09-14
9982,Power Bank,Power,4,Fast performance and reliable,Positive,6657.55,Yes,2025-12-22
9983,Keyboard,Accessories,5,"Amazing product, highly recommended",Positive,14244.62,Yes,2025-05-19
9984,Laptop,Computing,5,Excellent product with great performance,Positive,66299.72,Yes,2025-09-25
9985,Smart TV,Home Entertainment,3,Features are satisfactory,Neutral,179492.03,Yes,2025-12-25
9986,Gaming Console,Gaming,5,Great product with impressive features,Positive,64363.88,Yes,2025-05-24
9987,Tablet,Computing,4,Very good product and worth the price,Positive,62825.99,Yes,2025-11-19
9988,Headphones,Audio,5,Excellent product with great performance,Positive,4346.52,Yes,2025-01-07
9989,Charger,Power,5,Fast performance and reliable,Positive,2231.47,Yes,2025-09-05
9990,Printer,Office Electronics,5,Good quality and easy to use,Positive,49790.86,No,2025-03-02
9991,Mouse,Accessories,5,Fast performance and reliable,Positive,6589.01,No,2025-10-13
9992,USB Flash Drive,Storage,3,Product meets basic expectations,Neutral,3080.91,Yes,2025-01-04
9993,Tablet,Computing,4,Excellent product with great performance,Positive,13205.55,Yes,2025-10-31
9994,Power Bank,Power,5,"Amazing product, highly recommended",Positive,3110.4,Yes,2025-05-25
9995,USB Flash Drive,Storage,2,Build quality is poor,Negative,2594.33,Yes,2025-03-28
9996,USB Flash Drive,Storage,3,Product is okay for the price,Neutral,3315.82,Yes,2025-07-22
9997,Headphones,Audio,5,Excellent product with great performance,Positive,25784.92,No,2025-12-28
9998,Gaming Console,Gaming,4,"Amazing product, highly recommended",Positive,50193.77,Yes,2025-02-28
9999,Smartphone,Mobile,2,Product has several issues,Negative,38738.79,Yes,2025-04-24
10000,Tablet,Computing,5,Excellent build quality and smooth performance,Positive,35315.39,Yes,2025-08-22
